9.727450336247805973e-01,-2.318773356770193750e-01,-2.752546730943374867e-05,3.445962165523989151e-01
-2.318759251799088206e-01,-9.727386884780508947e-01,-3.605448649329435953e-03,-6.247756857778099127e-04
8.092467397564937024e-04,3.513564760822766603e-03,-9.999934999700677007e-01,7.249838097728038555e-01
0.000000000000000000e+00,0.000000000000000000e+00,0.000000000000000000e+00,1.000000000000000000e+00
9.087504465659630437e-01,-4.173397025460779397e-01,-4.455837900966454906e-04,4.128183537497988609e-01
-4.173326854451053225e-01,-9.087278356161128112e-01,-6.866617481151495589e-03,-1.581831581571481416e-03
2.460797703921315145e-03,6.425998382105911622e-03,-9.999763252294795457e-01,6.725307126467325869e-01
0.000000000000000000e+00,0.000000000000000000e+00,0.000000000000000000e+00,1.000000000000000000e+00
8.216417665434976314e-01,-5.700036294553696425e-01,-8.184613528201298109e-04,4.656746390293666771e-01
-5.699839844248284493e-01,-8.215996567536054673e-01,-9.605286125603230279e-03,-2.635061563277901493e-03
4.802600387008037347e-03,8.358614123374540072e-03,-9.999535332201487936e-01,6.178091572449507796e-01
0.000000000000000000e+00,0.000000000000000000e+00,0.000000000000000000e+00,1.000000000000000000e+00
7.219173375320051544e-01,-6.919783549455682525e-01,-1.146323482372348102e-03,5.055546105233166276e-01
-6.919407688846415105e-01,-7.218586615955608909e-01,-1.174925677635342038e-02,-3.653203746234870604e-03
7.302747841193245326e-03,9.275180121748173231e-03,-9.999303180260499246e-01,5.636353844753517750e-01
0.000000000000000000e+00,0.000000000000000000e+00,0.000000000000000000e+00,1.000000000000000000e+00
6.171494482777407642e-01,-7.868446540735757333e-01,-1.431379165366171262e-03,5.347894341585319733e-01
-7.867875928002606711e-01,-6.170804947242045646e-01,-1.330213691487302195e-02,-4.573964064893489695e-03
9.583439155720529373e-03,9.335597825831749505e-03,-9.999104981483006860e-01,5.118080094973167515e-01
0.000000000000000000e+00,0.000000000000000000e+00,0.000000000000000000e+00,1.000000000000000000e+00
5.125342872005693717e-01,-8.586651210639979492e-01,-1.677591116515907144e-03,5.554901589603307155e-01
-8.585906324604453133e-01,-5.124618539633376546e-01,-1.431691599583297461e-02,-5.374899532679563476e-03
1.143373495306283967e-02,8.778274352574100964e-03,-9.998961004046442724e-01,4.633782462399089197e-01
0.000000000000000000e+00,0.000000000000000000e+00,0.000000000000000000e+00,1.000000000000000000e+00
4.114593541976708790e-01,-9.114261505345355729e-01,-1.889964294307786528e-03,5.694805323433539401e-01
-9.113385470266062161e-01,-4.113889673172312911e-01,-1.487179454861540032e-02,-6.053080683335684657e-03
1.277703199768330522e-02,7.841536294640360366e-03,-9.998876225665913609e-01,4.188711145151309267e-01
0.000000000000000000e+00,0.000000000000000000e+00,0.000000000000000000e+00,1.000000000000000000e+00
3.159942220458402673e-01,-9.487588480751262265e-01,-2.073603820391563962e-03,5.782857940205864411e-01
-9.486632701701235293e-01,-3.159294916917296803e-01,-1.505178094221989830e-02,-6.612424265364992559e-03
1.362539774727335173e-02,6.723427590531105488e-03,-9.998845653662544741e-01,3.784563031885839202e-01
0.000000000000000000e+00,0.000000000000000000e+00,0.000000000000000000e+00,1.000000000000000000e+00
2.272788111457503257e-01,-9.738271693812152741e-01,-2.232975401615934843e-03,5.831516662611696544e-01
-9.737285361678407192e-01,-2.272215414154694635e-01,-1.493683263654961221e-02,-7.057135917248383121e-03
1.403851333327406532e-02,5.569137433032320117e-03,-9.998859459216555834e-01,3.420745392745813129e-01
0.000000000000000000e+00,0.000000000000000000e+00,0.000000000000000000e+00,1.000000000000000000e+00
1.458140045400387885e-01,-9.893091790254383566e-01,-2.371576693045108521e-03,5.850772524816203468e-01
-9.892116224015946591e-01,-1.457646366209650601e-01,-1.459578077264597241e-02,-7.389943479643014922e-03
1.409404787854119309e-02,4.474260472024973664e-03,-9.998906634265700699e-01,3.095277624457650201e-01
0.000000000000000000e+00,0.000000000000000000e+00,0.000000000000000000e+00,1.000000000000000000e+00
7.167168713584071149e-02,-9.974251647748023641e-01,-2.491974530465959452e-03,5.848521945421669699e-01
-9.973318371084743950e-01,-7.162979151846493586e-02,-1.408473133775991690e-02,-7.613372740255930533e-03
1.386996585928740311e-02,3.494801994329444807e-03,-9.998976999703934609e-01,2.805414329742157431e-01
0.000000000000000000e+00,0.000000000000000000e+00,0.000000000000000000e+00,1.000000000000000000e+00
4.643966760371931457e-03,-9.999858468134599221e-01,-2.596101981087600881e-03,5.830927980715219228e-01
-9.998989463942984379e-01,-4.608649483933691116e-03,-1.344832143823887147e-02,-7.732045331919170858e-03
1.343616657758152713e-02,2.658293193363619328e-03,-9.999061970530023213e-01,2.548062068836488003e-01
0.000000000000000000e+00,0.000000000000000000e+00,0.000000000000000000e+00,1.000000000000000000e+00
-5.565097534331586715e-02,-9.984466718304573218e-01,-2.685601240080853769e-03,5.802745978564388674e-01
-9.983675655249003578e-01,5.568078604113280150e-02,-1.272219217452533885e-02,-7.754298890509685703e-03
1.285196682308305596e-02,1.973214769012739817e-03,-9.999154631128841508e-01,2.320048411769560781e-01
0.000000000000000000e+00,0.000000000000000000e+00,0.000000000000000000e+00,1.000000000000000000e+00
-1.096934555153370461e-01,-9.939616274557683262e-01,-2.762057672302363140e-03,5.767604391893429439e-01
-9.938910026313112489e-01,1.097188278961241936e-01,-1.193539666821062835e-02,-7.692323540630797117e-03
1.216637602705130349e-02,1.435949365767836758e-03,-9.999249558560818762e-01,2.118288115585379994e-01
0.000000000000000000e+00,0.000000000000000000e+00,0.000000000000000000e+00,1.000000000000000000e+00
-1.580088002503861055e-01,-9.874336568476007603e-01,-2.827077644550176141e-03,5.728240046781883921e-01
-9.873716729102059997e-01,1.580306961438135982e-01,-1.111209299830448125e-02,-7.560983810476841309e-03
1.141921967276729108e-02,1.035567900413746426e-03,-9.999342623498750360e-01,1.939879308138425795e-01
0.000000000000000000e+00,0.000000000000000000e+00,0.000000000000000000e+00,1.000000000000000000e+00
-2.011304433715164208e-01,-9.795602265137808295e-01,-2.882252842458417341e-03,5.686691221872935964e-01
-9.795066548518416294e-01,2.011496693087801990e-01,-1.027246990376319037e-02,-7.376053004967799212e-03
1.064226715191106919e-02,7.570794138892066732e-04,-9.999430828705344609e-01,1.782153063210800692e-01
0.000000000000000000e+00,0.000000000000000000e+00,0.000000000000000000e+00,1.000000000000000000e+00
-2.395758435674053555e-01,-9.708732335617918929e-01,-2.929083856158417026e-03,5.644453583876002378e-01
-9.708275806949210329e-01,2.395930376256415473e-01,-9.433179917959244945e-03,-7.152590949682629748e-03
9.860209988276474533e-03,5.836733573586338347e-04,-9.999512166022896942e-01,1.642692675925008783e-01
0.000000000000000000e+00,0.000000000000000000e+00,0.000000000000000000e+00,1.000000000000000000e+00
-2.738321042122866533e-01,-9.617729275857981319e-01,-2.968916589333851948e-03,5.602604522953766875e-01
-9.617345381661200898e-01,2.738477450793553869e-01,-8.607590449825022749e-03,-6.903867172484850351e-03
9.091578579705536511e-03,4.982750198235562714e-04,-9.999585466012748114e-01,1.519333881578077694e-01
0.000000000000000000e+00,0.000000000000000000e+00,0.000000000000000000e+00,1.000000000000000000e+00
-3.043485520821509471e-01,-9.525560043211470651e-01,-3.002911458716747348e-03,5.561901298643503466e-01
-9.525241424078744190e-01,3.043629803486636032e-01,-7.806044031529596472e-03,-6.640880325728687125e-03
8.349669193526953678e-03,4.845874634554002240e-04,-9.999650234879959854e-01,1.410153685944001145e-01
0.000000000000000000e+00,0.000000000000000000e+00,0.000000000000000000e+00,1.000000000000000000e+00
-3.315339805207950796e-01,-9.434384062994909392e-01,-3.032042069897974979e-03,5.522857914543106705e-01
-9.434123155049904952e-01,3.315474249930140394e-01,-7.036187462964463811e-03,-6.372324404598497458e-03
7.643475227228814159e-03,5.277305925838688197e-04,-9.999706489626944972e-01,1.313452953047138938e-01
0.000000000000000000e+00,0.000000000000000000e+00,0.000000000000000000e+00,1.000000000000000000e+00
-3.557568043360643806e-01,-9.345735659837364206e-01,-3.057111877847757102e-03,5.485804970992681495e-01
-9.345525109246588524e-01,3.557694085598713807e-01,-6.303352867687543257e-03,-6.104808965582769753e-03
6.978573851891812369e-03,6.145709088091325968e-04,-9.999754606037045690e-01,1.227736121005780362e-01
0.000000000000000000e+00,0.000000000000000000e+00,0.000000000000000000e+00,1.000000000000000000e+00
-3.773468991235360281e-01,-9.260668652130445988e-01,-3.078778383831922739e-03,5.450936036820033248e-01
-9.260501577001103435e-01,3.773587452950808441e-01,-5.610951160278931059e-03,-5.843182155341875364e-03
6.357919899827435724e-03,7.338281864063822546e-04,-9.999795189656337513e-01,1.151690181111265643e-01
0.000000000000000000e+00,0.000000000000000000e+00,0.000000000000000000e+00,1.000000000000000000e+00
-3.965983222412596820e-01,-9.179870237668594779e-01,-3.097578260667530666e-03,5.418343420674089916e-01
-9.179740373556515287e-01,3.966094511740391182e-01,-4.960844725680240569e-03,-5.590865783590644178e-03
5.782519899028710705e-03,8.760337268658834747e-04,-9.999828973680133792e-01,1.084164212047879078e-01
0.000000000000000000e+00,0.000000000000000000e+00,0.000000000000000000e+00,1.000000000000000000e+00
-4.137724151424171382e-01,-9.103750280964627573e-01,-3.113950156233329970e-03,5.388045649252235503e-01
-9.103652042808264566e-01,4.137828419649096645e-01,-4.353680072270257016e-03,-5.350159003519865120e-03
5.251980763499347789e-03,1.033399151838989248e-03,-9.999856742895132378e-01,1.024150198544802742e-01
0.000000000000000000e+00,0.000000000000000000e+00,0.000000000000000000e+00,1.000000000000000000e+00
-4.291009863001584712e-01,-9.032511043907006654e-01,-3.128254019600108012e-03,5.360008482408881170e-01
-9.032439531399999444e-01,4.291107121525480350e-01,-3.789172991378787162e-03,-5.122495518241848220e-03
4.764941999334977585e-03,1.199638659227137121e-03,-9.999879280245491664e-01,9.707654974899435074e-02
0.000000000000000000e+00,0.000000000000000000e+00,0.000000000000000000e+00,1.000000000000000000e+00
-4.427894004322034949e-01,-8.966201438305603233e-01,-3.140786868742053133e-03,5.334160906988444362e-01
-8.966152405497989086e-01,4.427984207251300930e-01,-3.266346147722620861e-03,-4.908653345045430397e-03
4.319407218084660507e-03,1.369773921478669321e-03,-9.999897331676401713e-01,9.232370827283885306e-02
0.000000000000000000e+00,0.000000000000000000e+00,0.000000000000000000e+00,1.000000000000000000e+00
-4.550194786228896060e-01,-8.904759066137821755e-01,-3.151795379748007983e-03,5.310407240089120018e-01
-8.904728870451275036e-01,4.550277885190402438e-01,-2.783722864586523661e-03,-4.708922019118337056e-03
3.912992623115464294e-03,1.539940204704925812e-03,-9.999911584973619760e-01,8.808875583779281204e-02
0.000000000000000000e+00,0.000000000000000000e+00,0.000000000000000000e+00,1.000000000000000000e+00
-4.843296502090734812e-01,-8.748760014685731390e-01,-4.095361121765219922e-03,5.280042192140175228e-01
-8.748842511170084046e-01,4.843154249831440605e-01,4.014507544867122399e-03,-3.406393171566656462e-03
-1.528749746571599283e-03,5.527311983036456086e-03,-9.999835557380203355e-01,8.081273216041959251e-02
0.000000000000000000e+00,0.000000000000000000e+00,0.000000000000000000e+00,1.000000000000000000e+00
-5.100118340420090046e-01,-8.601548755646496458e-01,-4.638876961986562568e-03,5.251960312245170792e-01
-8.601495331802532229e-01,5.099590887019469498e-01,9.192846135572254121e-03,-2.203858998761203461e-03
-5.541633955692998499e-03,8.678588171002572446e-03,-9.999469847949238321e-01,7.439211354738922699e-02
0.000000000000000000e+00,0.000000000000000000e+00,0.000000000000000000e+00,1.000000000000000000e+00
-5.328346109960937493e-01,-8.462052999432709832e-01,-4.885455205077497004e-03,5.226092468063218144e-01
-8.461780855776801502e-01,5.327426657350671224e-01,1.295760755644899224e-02,-1.321046480019514788e-03
-8.362105759569866958e-03,1.103822691438853011e-02,-9.999041117696501058e-01,6.872040363844252042e-02
0.000000000000000000e+00,0.000000000000000000e+00,0.000000000000000000e+00,1.000000000000000000e+00
-5.531580520414087765e-01,-8.330618482228636656e-01,-4.911873090855304810e-03,5.202349376679364923e-01
-8.330129758470884438e-01,5.530336592326174916e-01,1.559339046389015410e-02,-7.283835637586272196e-04
-1.027382753078717216e-02,1.271726351412316713e-02,-9.998663509072500677e-01,6.370626689556228850e-02
0.000000000000000000e+00,0.000000000000000000e+00,0.000000000000000000e+00,1.000000000000000000e+00
-5.712562141286963158e-01,-8.207578822290031439e-01,-4.778763261648380153e-03,5.180619403707392712e-01
-8.206910722606279851e-01,5.711086955249209396e-01,1.734998004390455456e-02,-3.657192279775962462e-04
-1.151093962496814622e-02,1.383317226037125355e-02,-9.998380576944274623e-01,5.926981006194022294e-02
0.000000000000000000e+00,0.000000000000000000e+00,0.000000000000000000e+00,1.000000000000000000e+00
-5.873711736707505349e-01,-8.093049811177772668e-01,-4.533417981956389120e-03,5.160779013952846439e-01
-8.092249063940304410e-01,5.872098173225764883e-01,1.843044523496641801e-02,-1.790268960688160341e-04
-1.225378358784523156e-02,1.449406699103038959e-02,-9.998198671810045735e-01,5.534111907497327176e-02
0.000000000000000000e+00,0.000000000000000000e+00,0.000000000000000000e+00,1.000000000000000000e+00
-6.008580559702987323e-01,-7.993532571874137904e-01,-1.991682571571039458e-03,5.151118488966951459e-01
-7.992461465519060670e-01,6.007325561659344615e-01,1.805528134014586575e-02,-6.351019946869702719e-04
-1.323607938638971665e-02,1.244050586651959667e-02,-9.998350063966867651e-01,5.237298594429511123e-02
0.000000000000000000e+00,0.000000000000000000e+00,0.000000000000000000e+00,1.000000000000000000e+00
-6.138128535003806174e-01,-7.894495014059101923e-01,-1.807099244596964589e-03,5.133948342787071351e-01
-7.893391717463928980e-01,6.136852288237154562e-01,1.827872726155478980e-02,-6.923212585059103363e-04
-1.332114200954139654e-02,1.264613195976384795e-02,-9.998312970306628689e-01,4.923579290066423808e-02
0.000000000000000000e+00,0.000000000000000000e+00,0.000000000000000000e+00,1.000000000000000000e+00
-6.245688783029006430e-01,-7.809697205645931284e-01,1.087047257440701409e-04,5.124277259655317662e-01
-7.808442614317498975e-01,6.244710270682871656e-01,1.783748136323070471e-02,-8.732901724844178981e-04
-1.399841578755099854e-02,1.105585426549412879e-02,-9.998408935635201278e-01,4.677836455471481858e-02
0.000000000000000000e+00,0.000000000000000000e+00,0.000000000000000000e+00,1.000000000000000000e+00
-6.341255928831595057e-01,-7.732265778322428007e-01,2.322021623549309910e-03,5.116865863120300117e-01
-7.730886621118481239e-01,6.340641985399194658e-01,1.721954250386216467e-02,-1.022173953960055183e-03
-1.478691870182634663e-02,9.124224009093838753e-03,-9.998490363907632794e-01,4.467304051694034883e-02
0.000000000000000000e+00,0.000000000000000000e+00,0.000000000000000000e+00,1.000000000000000000e+00
-6.426919619590754085e-01,-7.661117650161956005e-01,4.450341218848147089e-03,5.110377543203011852e-01
-7.659683870763850377e-01,6.426673329957826031e-01,1.646599829008415367e-02,-1.207016106638469097e-03
-1.547488393480836791e-02,7.173744061328295868e-03,-9.998545220997638872e-01,4.281528455910957320e-02
0.000000000000000000e+00,0.000000000000000000e+00,0.000000000000000000e+00,1.000000000000000000e+00
-6.504174714533230706e-01,-7.595527201844970433e-01,6.064494092354806229e-03,5.103360355524353409e-01
-7.594095944432742717e-01,6.504210375835056679e-01,1.579689008310077025e-02,-1.311485843664687845e-03
-1.594304537304315483e-02,5.669138305497685958e-03,-9.998568298387051634e-01,4.110718030993897043e-02
0.000000000000000000e+00,0.000000000000000000e+00,0.000000000000000000e+00,1.000000000000000000e+00
-6.573593869231773024e-01,-7.535405904281764489e-01,7.430679722613279040e-03,5.096586772246912700e-01
-7.534017039189804255e-01,6.573871348699115158e-01,1.510057745603523086e-02,-1.431268602486976838e-03
-1.626373130501188730e-02,4.328219574392208613e-03,-9.998583687499718042e-01,3.956300065893876561e-02
0.000000000000000000e+00,0.000000000000000000e+00,0.000000000000000000e+00,1.000000000000000000e+00
-6.636035192220126611e-01,-7.480349252970394103e-01,8.609286382318937642e-03,5.090188701710073316e-01
-7.479029606807642283e-01,6.636520730914128308e-01,1.439052766291590638e-02,-1.566202572802900643e-03
-1.647818804077791008e-02,3.110694025887796900e-03,-9.998593865647160683e-01,3.817242759501925098e-02
0.000000000000000000e+00,0.000000000000000000e+00,0.000000000000000000e+00,1.000000000000000000e+00
-6.692210037127246380e-01,-7.430009435902100723e-01,9.635663640402622465e-03,5.084212539281958154e-01
-7.428776426866587901e-01,6.692873856216343675e-01,1.368223096101568032e-02,-1.710563181905770842e-03
-1.661493864106834695e-02,1.998317245856380715e-03,-9.998599654662339020e-01,3.692228246826034788e-02
0.000000000000000000e+00,0.000000000000000000e+00,0.000000000000000000e+00,1.000000000000000000e+00
-6.742638900678545877e-01,-7.384157923948982960e-01,1.050352761595708083e-02,5.078585368471174588e-01
-7.383022272618332549e-01,6.743449497677345139e-01,1.298883916938150043e-02,-1.859816025852295811e-03
-1.667416477011532394e-02,1.003127392845601894e-03,-9.998604732484692725e-01,3.579474413869769556e-02
0.000000000000000000e+00,0.000000000000000000e+00,0.000000000000000000e+00,1.000000000000000000e+00
-6.787637893865534622e-01,-7.342693831668569704e-01,1.132215356592014208e-02,5.073557724566896132e-01
-7.341660193744647955e-01,6.788582108453041775e-01,1.232012839890939820e-02,-2.001667219414686016e-03
-1.673242999268001116e-02,5.011662353464080982e-05,-9.998600018376895271e-01,3.479027055361347265e-02
0.000000000000000000e+00,0.000000000000000000e+00,0.000000000000000000e+00,1.000000000000000000e+00
-6.828201858936371327e-01,-7.304871225066795759e-01,1.204813629118620111e-02,5.068948850669142692e-01
-7.303943432625428223e-01,6.829259656778279286e-01,1.167170651984405366e-02,-2.150540834206798521e-03
-1.675401642169975502e-02,-8.302137783626614351e-04,-9.998592969407369413e-01,3.388964009107561792e-02
0.000000000000000000e+00,0.000000000000000000e+00,0.000000000000000000e+00,1.000000000000000000e+00
-6.864797661459873801e-01,-7.270381560136123245e-01,1.269056233885245376e-02,5.064725406906017691e-01
-7.269560512724708712e-01,6.865950971269947356e-01,1.104862523165237205e-02,-2.304309091161517616e-03
-1.674604999654659421e-02,-1.640823421019932046e-03,-9.998584287327949571e-01,3.308166486578710541e-02
0.000000000000000000e+00,0.000000000000000000e+00,0.000000000000000000e+00,1.000000000000000000e+00
-6.897846927184347887e-01,-7.238932644081378376e-01,1.325214834902142119e-02,5.060856512331601831e-01
-7.238217505936103136e-01,6.899078635823627792e-01,1.045050883074672907e-02,-2.461633369493262339e-03
-1.670781430756522468e-02,-2.383592194546984774e-03,-9.998575735720134361e-01,3.235685909358652912e-02
0.000000000000000000e+00,0.000000000000000000e+00,0.000000000000000000e+00,1.000000000000000000e+00
-6.927707403108667172e-01,-7.210269365266869235e-01,1.374256788502619710e-02,5.057298985651866863e-01
-7.209656929595743557e-01,6.929002722562223049e-01,9.883434755885841735e-03,-2.620940358918475224e-03
-1.664845171343202340e-02,-3.060965565622718928e-03,-9.998567195080261261e-01,3.170521793112550391e-02
0.000000000000000000e+00,0.000000000000000000e+00,0.000000000000000000e+00,1.000000000000000000e+00
-6.954690978992135175e-01,-7.184162541066508867e-01,1.417108685395222431e-02,5.054033142458981276e-01
-7.183648222297883690e-01,6.956037392758160909e-01,9.349871029438076159e-03,-2.778919642000186874e-03
-1.657456032656072498e-02,-3.677463918324989575e-03,-9.998558697177861720e-01,3.111927520917188994e-02
0.000000000000000000e+00,0.000000000000000000e+00,0.000000000000000000e+00,1.000000000000000000e+00
-6.979080767119614226e-01,-7.160396386159195714e-01,1.454484070019571029e-02,5.051036843381370156e-01
-7.159974720153619021e-01,6.980467631313480581e-01,8.850793719129600515e-03,-2.933410594997110619e-03
-1.649049810714231512e-02,-4.237028750314226003e-03,-9.998550450238008480e-01,3.059220089155995081e-02
0.000000000000000000e+00,0.000000000000000000e+00,0.000000000000000000e+00,1.000000000000000000e+00
-7.001133268078469918e-01,-7.138768915228540513e-01,1.486988149637234399e-02,5.048288239756214546e-01
-7.138433942146366062e-01,7.002551551629070392e-01,8.386072018514255724e-03,-3.083139913530256147e-03
-1.639933419915999904e-02,-4.743565899207643176e-03,-9.998542695915160206e-01,3.011785559428424575e-02
0.000000000000000000e+00,0.000000000000000000e+00,0.000000000000000000e+00,1.000000000000000000e+00
-7.021079038090878299e-01,-7.119093470953767877e-01,1.515166416742472211e-02,5.045767054495932102e-01
-7.118839003972405877e-01,7.022521136837249767e-01,7.954947011287379424e-03,-3.227248636090220262e-03
-1.630348932038388349e-02,-5.200994614008068798e-03,-9.998535622234909770e-01,2.969076845637969031e-02
0.000000000000000000e+00,0.000000000000000000e+00,0.000000000000000000e+00,1.000000000000000000e+00
-7.039126994484399269e-01,-7.101196427690601443e-01,1.539495075512212208e-02,5.043454053296513306e-01
-7.101016279587366586e-01,7.040586515276605617e-01,7.556002872162679782e-03,-3.365479970778291301e-03
-1.620461432932817497e-02,-5.613213214772604792e-03,-9.998529403426501538e-01,2.930604367448251535e-02
0.000000000000000000e+00,0.000000000000000000e+00,0.000000000000000000e+00,1.000000000000000000e+00
-7.055456018380408256e-01,-7.084929866712988966e-01,1.559139392675853997e-02,5.041273558859322712e-01
-7.084819843840607367e-01,7.056924610329861070e-01,7.171348857138156591e-03,-3.519021412935385319e-03
-1.608357952136460489e-02,-5.986508063143396521e-03,-9.998527292511580900e-01,2.895654435003403027e-02
0.000000000000000000e+00,0.000000000000000000e+00,0.000000000000000000e+00,1.000000000000000000e+00
-7.069659592439228035e-01,-7.070689599177277795e-01,1.589397342336922037e-02,5.040172783201013473e-01
-7.070682252847828586e-01,7.071142551172826529e-01,6.629856903267005407e-03,-3.807438105359839137e-03
-1.592662120311598428e-02,-6.551040435917080372e-03,-9.998517023070268017e-01,2.870247922792672213e-02
0.000000000000000000e+00,0.000000000000000000e+00,0.000000000000000000e+00,1.000000000000000000e+00
-7.082729657348101338e-01,-7.057542271616917828e-01,1.613619696890992994e-02,5.039059107289335371e-01
-7.057626269140245823e-01,7.084217779106936064e-01,6.139953848945180724e-03,-4.073498922155656572e-03
-1.576453172890308202e-02,-7.039561439112727685e-03,-9.998509509492468084e-01,2.846837658963538575e-02
0.000000000000000000e+00,0.000000000000000000e+00,0.000000000000000000e+00,1.000000000000000000e+00
-7.094853000254888187e-01,-7.045313280657540256e-01,1.631615217037681725e-02,5.037903324150035944e-01
-7.045475011456966419e-01,7.096338503347054960e-01,5.711137233118460110e-03,-4.310960673742427265e-03
-1.560216898692618620e-02,-7.443536326626129518e-03,-9.998505718805472675e-01,2.825063473333355724e-02
0.000000000000000000e+00,0.000000000000000000e+00,0.000000000000000000e+00,1.000000000000000000e+00
-7.106105482874827128e-01,-7.033926397176418766e-01,1.647552893267178326e-02,5.036855926425519714e-01
-7.034159412059094452e-01,7.107585833216392146e-01,5.315062748537073209e-03,-4.536279659951023349e-03
-1.544869962061887203e-02,-7.812210037120211406e-03,-9.998501422985188736e-01,2.805558604840971415e-02
0.000000000000000000e+00,0.000000000000000000e+00,0.000000000000000000e+00,1.000000000000000000e+00
-7.115891249427392928e-01,-7.024015408274406624e-01,1.652249092794143628e-02,5.035757164350362913e-01
-7.024344711299796984e-01,7.117329329727112297e-01,4.695305145336064676e-03,-5.003655950547112458e-03
-1.505759049689783455e-02,-8.264839097009599525e-03,-9.998524698189870108e-01,2.788313843414150228e-02
0.000000000000000000e+00,0.000000000000000000e+00,0.000000000000000000e+00,1.000000000000000000e+00
-7.124969228550652733e-01,-7.014786606917086109e-01,1.660793533915745981e-02,5.034923659886955116e-01
-7.015208858371227985e-01,7.126370574490137333e-01,4.107442599675209874e-03,-5.450040314085455306e-03
-1.471671350408889668e-02,-8.724273297979001987e-03,-9.998536419891963511e-01,2.773955866199850906e-02
0.000000000000000000e+00,0.000000000000000000e+00,0.000000000000000000e+00,1.000000000000000000e+00
-7.133292098402168602e-01,-7.006301143071841375e-01,1.669973995708256068e-02,5.034224683861613370e-01
-7.006808093321709174e-01,7.134659421684024228e-01,3.571106182656377977e-03,-5.856747526714497359e-03
-1.441672023540485452e-02,-9.153812957235614445e-03,-9.998541723101417311e-01,2.761478126009604683e-02
0.000000000000000000e+00,0.000000000000000000e+00,0.000000000000000000e+00,1.000000000000000000e+00
-7.140917095272614201e-01,-6.998509416346808676e-01,1.678361932015710531e-02,5.033598362689828409e-01
-6.999091794071826689e-01,7.142251794732802361e-01,3.087650874819156295e-03,-6.223603707161488516e-03
-1.414817889333175663e-02,-9.542143334230739765e-03,-9.998543776643633585e-01,2.750367795547127570e-02
0.000000000000000000e+00,0.000000000000000000e+00,0.000000000000000000e+00,1.000000000000000000e+00
-7.147978305598980953e-01,-6.991279021148375517e-01,1.685935678991387979e-02,5.033066018479922521e-01
-6.991933912694117126e-01,7.149278088326118663e-01,2.613381522041109250e-03,-6.593936513845196322e-03
-1.388031094907062925e-02,-9.919911406180559679e-03,-9.998544555712349791e-01,2.740809172629868340e-02
0.000000000000000000e+00,0.000000000000000000e+00,0.000000000000000000e+00,1.000000000000000000e+00
-7.154465502667819443e-01,-6.984624329909505658e-01,1.692523003458569833e-02,5.032574051004733429e-01
-6.985343154855390146e-01,7.155732113489632340e-01,2.188444397638680122e-03,-6.926777035349895167e-03
-1.363978740710854003e-02,-1.025713898190334754e-02,-9.998543630446363739e-01,2.732216552376884322e-02
0.000000000000000000e+00,0.000000000000000000e+00,0.000000000000000000e+00,1.000000000000000000e+00
-7.160404727333598007e-01,-6.978523102945990431e-01,1.697629006224246270e-02,5.032098643662085147e-01
-6.979297188799109541e-01,7.161639658804566100e-01,1.811485187514408346e-03,-7.222805501056176261e-03
-1.342195634008392160e-02,-1.055116064074741386e-02,-9.998542514272457105e-01,2.724345951339762761e-02
0.000000000000000000e+00,0.000000000000000000e+00,0.000000000000000000e+00,1.000000000000000000e+00
-7.165863171391124720e-01,-6.972906817464660234e-01,1.702219840538995652e-02,5.031697866707751654e-01
-6.973734192577513147e-01,7.167065213071903695e-01,1.440981782880955409e-03,-7.520764139645997118e-03
-1.320470377389713901e-02,-1.083824087639142023e-02,-9.998540735192058548e-01,2.717591612338257634e-02
0.000000000000000000e+00,0.000000000000000000e+00,0.000000000000000000e+00,1.000000000000000000e+00
-7.170879294090786171e-01,-6.967739156662517974e-01,1.705907215880917566e-02,5.031316275645684177e-01
-6.968612872396695579e-01,7.172050684699299294e-01,1.111803810838028414e-03,-7.786464935475917969e-03
-1.300952891042248330e-02,-1.109054589107920721e-02,-9.998538652970077045e-01,2.711446030428146803e-02
0.000000000000000000e+00,0.000000000000000000e+00,0.000000000000000000e+00,1.000000000000000000e+00
-7.175484192760337443e-01,-6.962990994684061796e-01,1.708303468216315624e-02,5.030936442254837493e-01
-6.963904086156291751e-01,7.176626806451613660e-01,8.219472964574861193e-04,-8.021553849672924744e-03
-1.283217762588931277e-02,-1.130667451940528881e-02,-9.998537364678345973e-01,2.705736618438378538e-02
0.000000000000000000e+00,0.000000000000000000e+00,0.000000000000000000e+00,1.000000000000000000e+00
-7.180454053111504642e-01,-6.957851603834535048e-01,1.714078474625754800e-02,5.030841531768752706e-01
-6.958824742866178692e-01,7.181555720595012016e-01,3.953487387114004367e-04,-8.392594539002517715e-03
-1.258482786056906721e-02,-1.164409335511273902e-02,-9.998530077954745909e-01,2.702963755768085508e-02
0.000000000000000000e+00,0.000000000000000000e+00,0.000000000000000000e+00,1.000000000000000000e+00
-7.185336167026044052e-01,-6.952820405376415325e-01,1.709753707667581099e-02,5.030384899974712498e-01
-6.953827996404536860e-01,7.186395179561759772e-01,7.208272828239121327e-05,-8.691263546429319614e-03
-1.233708362942785228e-02,-1.183753933588074445e-02,-9.998538238312597581e-01,2.698349091426077706e-02
0.000000000000000000e+00,0.000000000000000000e+00,0.000000000000000000e+00,1.000000000000000000e+00
-7.189755820441090517e-01,-6.948240824872154997e-01,1.713495900591024620e-02,5.030062521452048907e-01
-6.949269622450621187e-01,7.190803239660028545e-01,-6.949675223076774710e-05,-8.817787741990627468e-03
-1.227312385600953272e-02,-1.195751147805616636e-02,-9.998531833974764194e-01,2.693375117382997008e-02
0.000000000000000000e+00,0.000000000000000000e+00,0.000000000000000000e+00,1.000000000000000000e+00
-7.193405880457759416e-01,-6.944459828220631570e-01,1.714337575437721237e-02,5.029777887054464047e-01
-6.945511782587393546e-01,7.194432539396347082e-01,-2.552256788864518122e-04,-8.974695199292571576e-03
-1.215644558882325241e-02,-1.209054601946956027e-02,-9.998530089606156857e-01,2.689574010745253430e-02
0.000000000000000000e+00,0.000000000000000000e+00,0.000000000000000000e+00,1.000000000000000000e+00
-7.196298923024209149e-01,-6.941439904080999312e-01,1.723190892287777831e-02,5.029673279564099708e-01
-6.942507715815546820e-01,7.197331281184146112e-01,-3.007445727087037363e-04,-8.986413810414161513e-03
-1.219361567472084483e-02,-1.217969084999987080e-02,-9.998514744038617952e-01,2.685421744191847371e-02
0.000000000000000000e+00,0.000000000000000000e+00,0.000000000000000000e+00,1.000000000000000000e+00
-7.199079282124443147e-01,-6.938481330893950805e-01,1.753120375865874214e-02,5.030318933184761976e-01
-6.939594048397874637e-01,7.200140329226445424e-01,-3.699038752919443784e-04,-8.985926823523292944e-03
-1.236605560696665829e-02,-1.243224045898304146e-02,-9.998462482131418305e-01,2.686106389195662414e-02
0.000000000000000000e+00,0.000000000000000000e+00,0.000000000000000000e+00,1.000000000000000000e+00
-7.201659247770364480e-01,-6.935751879853649937e-01,1.773413096550190485e-02,5.030664473691830452e-01
-6.936894562983179080e-01,7.202740938161802386e-01,-4.098753768198111144e-04,-8.975598295991626605e-03
-1.248915571926597148e-02,-1.259715794717295584e-02,-9.998426539216429543e-01,2.685306206088028391e-02
0.000000000000000000e+00,0.000000000000000000e+00,0.000000000000000000e+00,1.000000000000000000e+00
-7.204023062973627933e-01,-6.933258989518281679e-01,1.788057393039527848e-02,5.030847428403462107e-01
-6.934422698646219851e-01,7.205120617336083777e-01,-4.327370862246913280e-04,-8.959745134201843944e-03
-1.258314135825278415e-02,-1.271089056771215406e-02,-9.998400361130443947e-01,2.683809398937739288e-02
0.000000000000000000e+00,0.000000000000000000e+00,0.000000000000000000e+00,1.000000000000000000e+00
-7.206179525079410286e-01,-6.930988798144158691e-01,1.799192383446125698e-02,5.030939863875567575e-01
-6.932167948825979087e-01,7.207289899834170566e-01,-4.452978573650286792e-04,-8.941137921943615244e-03
-1.265866564694636577e-02,-1.279319340452761411e-02,-9.998380330766345470e-01,2.682020018734887490e-02
0.000000000000000000e+00,0.000000000000000000e+00,0.000000000000000000e+00,1.000000000000000000e+00
-7.207927174897221789e-01,-6.929079964164445160e-01,1.834030850148993252e-02,5.031949365770596039e-01
-6.930314883556029093e-01,7.209071188212539116e-01,-5.312066039873525325e-04,-8.952615152411556171e-03
-1.285358165644999613e-02,-1.309330114932502100e-02,-9.998316612828450634e-01,2.686169820560950494e-02
0.000000000000000000e+00,0.000000000000000000e+00,0.000000000000000000e+00,1.000000000000000000e+00
-7.209637896093683551e-01,-6.927257626757054032e-01,1.849950803294384688e-02,5.032311528026759406e-01
-6.928517602155620514e-01,7.210798283629249461e-01,-5.652382614888904616e-04,-8.949408107306747531e-03
-1.294806697141031963e-02,-1.322493302278231544e-02,-9.998287096839373334e-01,2.686733505115170006e-02
0.000000000000000000e+00,0.000000000000000000e+00,0.000000000000000000e+00,1.000000000000000000e+00
-7.211369618231084910e-01,-6.925560856046116820e-01,1.809835861492805134e-02,5.030823483713392497e-01
-6.926746588102915547e-01,7.212500674880106821e-01,-3.964726805219748532e-04,-8.846176832053062600e-03
-1.277886280476760866e-02,-1.282218548289906779e-02,-9.998361326861815446e-01,2.677175210396368077e-02
0.000000000000000000e+00,0.000000000000000000e+00,0.000000000000000000e+00,1.000000000000000000e+00
-7.212841958424922595e-01,-6.924117910709666202e-01,1.774881443211156345e-02,5.029499413839715327e-01
-6.925236735157671575e-01,7.213951160229949977e-01,-2.195413329595342564e-04,-8.726349614516225664e-03
-1.265189503895511325e-02,-1.244982586487346915e-02,-9.998424532834451206e-01,2.668535807944907856e-02
0.000000000000000000e+00,0.000000000000000000e+00,0.000000000000000000e+00,1.000000000000000000e+00
-7.018477704400785111e-01,-7.121073121116734406e-01,1.768850376314707457e-02,5.115047296867090143e-01
-7.121256532468034361e-01,7.020233837549220146e-01,6.342132851264236509e-03,-4.304151218395604536e-03
-1.693402244313509802e-02,-8.145225495795067189e-03,-9.998234315045424481e-01,5.264064734003297275e-02
0.000000000000000000e+00,0.000000000000000000e+00,0.000000000000000000e+00,1.000000000000000000e+00
-6.844344485586881799e-01,-7.288724718987799056e-01,1.715824391733615506e-02,5.176153635108230455e-01
-7.288127985523144003e-01,6.846297585699103738e-01,1.067700083590045201e-02,-8.700463542492081715e-04
-1.952921638233758722e-02,-5.197440588256808935e-03,-9.997957773059575892e-01,7.649047836647214493e-02
0.000000000000000000e+00,0.000000000000000000e+00,0.000000000000000000e+00,1.000000000000000000e+00
-6.688673853643198886e-01,-7.432020630005219397e-01,1.634363324560557384e-02,5.218176872728851334e-01
-7.430875753558340291e-01,6.690595400779848489e-01,1.342338192941656440e-02,1.801319780053108055e-03
-2.091114888489444684e-02,-3.166288427106532175e-03,-9.997763242195278899e-01,9.825684466797432459e-02
0.000000000000000000e+00,0.000000000000000000e+00,0.000000000000000000e+00,1.000000000000000000e+00
-6.550134105309717292e-01,-7.554607112947587799e-01,1.538004273733552599e-02,5.245506773751298368e-01
-7.553136010468662898e-01,6.551915271946980868e-01,1.501421879069000237e-02,3.840215902105663728e-03
-2.141952609654438830e-02,-1.782240807643539759e-03,-9.997689870762662689e-01,1.180264129917984323e-01
0.000000000000000000e+00,0.000000000000000000e+00,0.000000000000000000e+00,1.000000000000000000e+00
-6.427325495729234728e-01,-7.659561275164900040e-01,1.435550206131320020e-02,5.261651039302119859e-01
-7.657942197552224384e-01,6.428922747818461847e-01,1.577136694499079589e-02,5.353216475257160933e-03
-2.130921652665985003e-02,-8.565896134337678061e-04,-9.997725659094944817e-01,1.359185101222671332e-01
0.000000000000000000e+00,0.000000000000000000e+00,0.000000000000000000e+00,1.000000000000000000e+00
-6.318831188070055394e-01,-7.749491379269328739e-01,1.332508135193283781e-02,5.269384417011551136e-01
-7.747853094580798849e-01,6.320235509104863425e-01,1.593597635688723604e-02,6.430534384664464247e-03
-2.077133637201344224e-02,-2.544028371867686211e-04,-9.997842201517872507e-01,1.520684972045471262e-01
0.000000000000000000e+00,0.000000000000000000e+00,0.000000000000000000e+00,1.000000000000000000e+00
-6.223276871480112327e-01,-7.826598370131743199e-01,1.232190470335483082e-02,5.270885813217670579e-01
-7.825025925212190092e-01,6.224496483877177688e-01,1.568846453856061543e-02,7.148285014870489271e-03
-1.994849634880699676e-02,1.214434760114617429e-04,-9.998010015722647026e-01,1.666172157179438285e-01
0.000000000000000000e+00,0.000000000000000000e+00,0.000000000000000000e+00,1.000000000000000000e+00
-6.139361408265542330e-01,-7.892738796640664800e-01,1.136476427520106448e-02,5.267855297273533743e-01
-7.891282804934492967e-01,6.140412254119691493e-01,1.516345673055129357e-02,7.570644967944469006e-03
-1.894655410490304892e-02,3.411372160422986716e-04,-9.998204397355310302e-01,1.797042650391211804e-01
0.000000000000000000e+00,0.000000000000000000e+00,0.000000000000000000e+00,1.000000000000000000e+00
-6.065867723524365207e-01,-7.949484308237495522e-01,1.046326612068588721e-02,5.261611077685208748e-01
-7.948170194902588470e-01,6.066768372667943332e-01,1.446100454951803824e-02,7.751988699293497695e-03
-1.784357407235298218e-02,4.554720824890843081e-04,-9.998406870144400660e-01,1.914638736899797744e-01
0.000000000000000000e+00,0.000000000000000000e+00,0.000000000000000000e+00,1.000000000000000000e+00
-6.001663977906062097e-01,-7.998173079916357509e-01,9.621268110829793788e-03,5.253168538907898588e-01
-7.997008937378082827e-01,6.002433029419205202e-01,1.365495618170959810e-02,7.738755723964065719e-03
-1.669657204333296549e-02,5.011091564435599457e-04,-9.998604769524670477e-01,2.020225210602089871e-01
0.000000000000000000e+00,0.000000000000000000e+00,0.000000000000000000e+00,1.000000000000000000e+00
-5.945701459415593249e-01,-8.039951560604736702e-01,8.839150769586807954e-03,5.243303982103465488e-01
-8.038934293215165283e-01,5.946356318997361168e-01,1.279920188501544598e-02,7.570917596575244858e-03
-1.554657032032279174e-02,5.042881082560537326e-04,-9.998790176040193156e-01,2.114977233561643466e-01
0.000000000000000000e+00,0.000000000000000000e+00,0.000000000000000000e+00,1.000000000000000000e+00
-5.897012469771458765e-01,-8.075806964731016002e-01,8.115294056263079592e-03,5.232605682016334692e-01
-8.074926832874704807e-01,5.897568862820132818e-01,1.193237277935427741e-02,7.283032911258425536e-03
-1.442240447361224989e-02,4.834945342226323883e-04,-9.998958748200910129e-01,2.199975791726463958e-01
0.000000000000000000e+00,0.000000000000000000e+00,0.000000000000000000e+00,1.000000000000000000e+00
-5.854709268777416042e-01,-8.106591982677978647e-01,7.447015827128210946e-03,5.221514596528695762e-01
-8.105835808158253775e-01,5.855181128534526769e-01,1.108142735958585201e-02,6.904955920780415403e-03
-1.334362367247460962e-02,4.514247917993827533e-04,-9.999108679892148022e-01,2.276207984248637683e-01
0.000000000000000000e+00,0.000000000000000000e+00,0.000000000000000000e+00,1.000000000000000000e+00
-5.817983825939008202e-01,-8.133043571898976865e-01,6.831148296517900939e-03,5.210356715695718677e-01
-8.132396893032742824e-01,5.818383359046745973e-01,1.026443440200553933e-02,6.462301318449781458e-03
-1.232273318040501449e-02,4.164704150832051685e-04,-9.999239855105779284e-01,2.344570282257847638e-01
0.000000000000000000e+00,0.000000000000000000e+00,0.000000000000000000e+00,1.000000000000000000e+00
-5.786107566012848036e-01,-8.155797630816503663e-01,6.264375225695981847e-03,5.199368694274221214e-01
-8.155246070944290881e-01,5.786445391618270095e-01,9.492761540978295748e-03,5.976771450644757268e-03
-1.136695072419129787e-02,3.838617928332366605e-04,-9.999353204489569436e-01,2.405873515040751753e-01
0.000000000000000000e+00,0.000000000000000000e+00,0.000000000000000000e+00,1.000000000000000000e+00
-5.758430279334227908e-01,-8.175401032107100230e-01,5.743415594339935752e-03,5.188718108640154592e-01
-8.174931102690911056e-01,5.758715590381451310e-01,8.772807620371308665e-03,5.466432973884143703e-03
-1.047959173992259532e-02,3.565574258070653563e-04,-9.999450240007035084e-01,2.460848766638765728e-01
0.000000000000000000e+00,0.000000000000000000e+00,0.000000000000000000e+00,1.000000000000000000e+00
-5.734377663040055584e-01,-8.192322056414658160e-01,5.265113112939207550e-03,5.178519423678547007e-01
-8.191921570352620474e-01,5.734618386506935561e-01,8.107370922839739549e-03,4.945999566378080255e-03
-9.661160809521479598e-03,3.359333045679520867e-04,-9.999532734686296109e-01,2.510153652247325562e-01
0.000000000000000000e+00,0.000000000000000000e+00,0.000000000000000000e+00,1.000000000000000000e+00
-5.713447350218623377e-01,-8.206959844758116018e-01,4.826471596942929695e-03,5.168846544922570674e-01
-8.206618073409949199e-01,5.713650297153851643e-01,7.496718625427781918e-03,4.427146399052387347e-03
-8.910203960041366070e-03,3.223098127513343396e-04,-9.999602514009118259e-01,2.554378634471116127e-01
0.000000000000000000e+00,0.000000000000000000e+00,0.000000000000000000e+00,1.000000000000000000e+00
-5.695203618514479427e-01,-8.219653154498440806e-01,4.424662024836314642e-03,5.159742659475652360e-01
-8.219360825836934392e-01,5.695374621171819252e-01,6.939408626919643143e-03,3.918857811125176990e-03
-8.223963981412920482e-03,3.153451407875412088e-04,-9.999661329134474919e-01,2.594053165654207627e-01
0.000000000000000000e+00,0.000000000000000000e+00,0.000000000000000000e+00,1.000000000000000000e+00
-5.679271174419169288e-01,-8.230688488138721004e-01,4.057016924057346360e-03,5.151227929421789975e-01
-8.230437694234539192e-01,5.679415210346008269e-01,6.432907440368651128e-03,3.427794930533138457e-03
-7.598874084182666300e-03,3.143200775883232302e-04,-9.999710787395508227e-01,2.629651526085435287e-01
0.000000000000000000e+00,0.000000000000000000e+00,0.000000000000000000e+00,1.000000000000000000e+00
-5.665328477374247385e-01,-8.240307557603806510e-01,3.721020760544921976e-03,5.143305487848642832e-01
-8.240091617125141488e-01,5.665449781110756255e-01,5.974043100017601901e-03,2.958664285142609783e-03
-7.030920875986371513e-03,3.183364523476010094e-04,-9.999752321000454636e-01,2.661598283677074628e-01
0.000000000000000000e+00,0.000000000000000000e+00,0.000000000000000000e+00,1.000000000000000000e+00
-5.653101031579523816e-01,-8.248714019890688309e-01,3.414300533443514508e-03,5.135966095697650502e-01
-8.248527324698744501e-01,5.653203194752639549e-01,5.559327780145614101e-03,2.514569288814463583e-03
-6.515903968476343365e-03,3.264490363987554607e-04,-9.999787179867876130e-01,2.690273338331284347e-01
0.000000000000000000e+00,0.000000000000000000e+00,0.000000000000000000e+00,1.000000000000000000e+00
-5.642350939718878688e-01,-8.256082552232411054e-01,3.125322026705414612e-03,5.129175688545382084e-01
-8.255920637371165771e-01,5.642436449050121094e-01,5.182034214040039458e-03,2.097460150266321731e-03
-6.041773317810919357e-03,3.436444998536291283e-04,-9.999816892741755225e-01,2.716006328058466757e-01
0.000000000000000000e+00,0.000000000000000000e+00,0.000000000000000000e+00,1.000000000000000000e+00
-5.632906681868261600e-01,-8.262538944030785037e-01,2.850459153463203582e-03,5.122903877447562149e-01
-8.262398093854593784e-01,5.632977585450573699e-01,4.838657333811254360e-03,1.706994996668213761e-03
-5.603616717713630346e-03,3.704076950711526588e-04,-9.999842310145798940e-01,2.739096359666836622e-01
0.000000000000000000e+00,0.000000000000000000e+00,0.000000000000000000e+00,1.000000000000000000e+00
-5.624553514656793762e-01,-8.268235028535022568e-01,2.621590487463731738e-03,5.117189197856484295e-01
-8.268111488348892646e-01,5.624613300710203934e-01,4.536114754853475678e-03,1.345283939900277252e-03
-5.225109563433792161e-03,3.838017760152598844e-04,-9.999862753689408024e-01,2.759859339548773605e-01
0.000000000000000000e+00,0.000000000000000000e+00,0.000000000000000000e+00,1.000000000000000000e+00
-5.617169042236767051e-01,-8.273259904497057837e-01,2.413511090293572661e-03,5.111956958124471706e-01
-8.273150982178117951e-01,5.617219479374349067e-01,4.263973056462887212e-03,1.010764028428686205e-03
-4.883417883197325310e-03,3.984115802534954169e-04,-9.999879966769560369e-01,2.778509334404854481e-01
0.000000000000000000e+00,0.000000000000000000e+00,0.000000000000000000e+00,1.000000000000000000e+00
-5.610629236011974719e-01,-8.277701657665580415e-01,2.224505986044502878e-03,5.107175994378839734e-01
-8.277605111491691536e-01,5.610671809208882532e-01,4.019287941099413536e-03,7.025527614795499393e-04
-4.575143947799018354e-03,4.137152309656899792e-04,-9.999894483931142108e-01,2.795264084128953330e-01
0.000000000000000000e+00,0.000000000000000000e+00,0.000000000000000000e+00,1.000000000000000000e+00
-5.218029112386348700e-01,-8.530592549783202472e-01,3.410178693149593532e-03,5.152012720278352775e-01
-8.530620301015925389e-01,5.218085746532084013e-01,9.920772836250675054e-04,2.517286695732847898e-02
-2.625761191635246194e-03,-2.391425144218110952e-03,-9.999936932120847555e-01,2.820083624398571631e-01
0.000000000000000000e+00,0.000000000000000000e+00,0.000000000000000000e+00,1.000000000000000000e+00
-4.681101607245978791e-01,-8.836588670993489325e-01,4.459150489262641952e-03,5.169771066799688786e-01
-8.836700790334305333e-01,4.681056784678314653e-01,-2.065237812357028149e-03,5.776932418558793081e-02
-2.623879596083018850e-04,-4.907176669545645561e-03,-9.999879253119470235e-01,2.840769155776197152e-01
0.000000000000000000e+00,0.000000000000000000e+00,0.000000000000000000e+00,1.000000000000000000e+00
-4.105583566184349831e-01,-9.118181395624284091e-01,5.432879133731702628e-03,5.159439494738663479e-01
-9.118325349891419629e-01,4.105384582058653198e-01,-4.427467586102504238e-03,9.175667096802671285e-02
1.806639434151912195e-03,-6.771609768931825812e-03,-9.999754403759584243e-01,2.857783949393021272e-01
0.000000000000000000e+00,0.000000000000000000e+00,0.000000000000000000e+00,1.000000000000000000e+00
-3.538832924550918690e-01,-9.352684642223069167e-01,6.286107888971025244e-03,5.125875699151979381e-01
-9.352834053922230995e-01,3.538485200405631081e-01,-6.014687276152113661e-03,1.243404132616372226e-01
3.401017358216531193e-03,-8.007789729432192999e-03,-9.999621534761098385e-01,2.871851228496924424e-01
0.000000000000000000e+00,0.000000000000000000e+00,0.000000000000000000e+00,1.000000000000000000e+00
-3.002434516086736060e-01,-9.538371210610385731e-01,6.972535557442687687e-03,5.075271054488034173e-01
-9.538518771332578083e-01,3.001973845168081079e-01,-6.937349539124193845e-03,1.544222061457800332e-01
4.523964574397604244e-03,-8.733659900487583325e-03,-9.999516272946769035e-01,2.883619918170971519e-01
0.000000000000000000e+00,0.000000000000000000e+00,0.000000000000000000e+00,1.000000000000000000e+00
-2.505602746935335912e-01,-9.680721682356404623e-01,7.471668692242562637e-03,5.013281853431634794e-01
-9.680868270932448949e-01,2.505073800529361572e-01,-7.344913038790652771e-03,1.816620136783045070e-01
5.238697742247062916e-03,-9.073567465964538920e-03,-9.999451117033404390e-01,2.893600539154448370e-01
0.000000000000000000e+00,0.000000000000000000e+00,0.000000000000000000e+00,1.000000000000000000e+00
-2.051336060544994844e-01,-9.787030075854317168e-01,7.786309158257942280e-03,4.944512465193734441e-01
-9.787178326753269708e-01,2.050780321431379116e-01,-7.375956589408929134e-03,2.060639355846031195e-01
5.622069938040469457e-03,-9.133656197197163526e-03,-9.999424826729201854e-01,2.902176817815355081e-01
0.000000000000000000e+00,0.000000000000000000e+00,0.000000000000000000e+00,1.000000000000000000e+00
-1.639438347661068551e-01,-9.864377678011623241e-01,7.934059342097173756e-03,4.872507109254859969e-01
-9.864529323710077291e-01,1.638888909992010090e-01,-7.144482045076452729e-03,2.277854029347924636e-01
5.747282733942543284e-03,-8.997869887504774886e-03,-9.999430019149411208e-01,2.909632868364753766e-01
0.000000000000000000e+00,0.000000000000000000e+00,0.000000000000000000e+00,1.000000000000000000e+00
-1.268075577543550381e-01,-9.918955598983096866e-01,7.939870930636893850e-03,4.799897181326153173e-01
-9.919110862886386659e-01,1.267555980524924797e-01,-6.739084511139721047e-03,2.470463163055665046e-01
5.678044916106478150e-03,-8.730212848157451605e-03,-9.999457701243388286e-01,2.916178857987677953e-01
0.000000000000000000e+00,0.000000000000000000e+00,0.000000000000000000e+00,1.000000000000000000e+00
-9.346100595977024916e-02,-9.955921439623820479e-01,7.830915998500243350e-03,4.728575324989923723e-01
-9.956079292225354926e-01,9.341351443763723505e-02,-6.226282167086561251e-03,2.640847875826298763e-01
5.467324226958627208e-03,-8.378436655907739103e-03,-9.999499538301908075e-01,2.921971389815014586e-01
0.000000000000000000e+00,0.000000000000000000e+00,0.000000000000000000e+00,1.000000000000000000e+00
-6.360619645368181807e-02,-9.979458812356577502e-01,7.633472177346957953e-03,4.659854465115589317e-01
-9.979617466125204617e-01,6.356395349762533620e-02,-5.654742597109178003e-03,2.791354644474843827e-01
5.157913413726630293e-03,-7.977589895349976659e-03,-9.999548759762504346e-01,2.927128691174558650e-01
0.000000000000000000e+00,0.000000000000000000e+00,0.000000000000000000e+00,1.000000000000000000e+00
-3.693700238407360281e-02,-9.992904095455543700e-01,7.371244478173027970e-03,4.594601356111842061e-01
-9.993061465667545384e-01,3.690026470678842152e-02,-5.059238922295719587e-03,2.924191926217487025e-01
4.783648062186661790e-03,-7.553003035018992020e-03,-9.999600336295295655e-01,2.931741601306332434e-01
0.000000000000000000e+00,0.000000000000000000e+00,0.000000000000000000e+00,1.000000000000000000e+00
-1.315394655811363833e-02,-9.998885261647151301e-01,7.064625545659195503e-03,4.533344725799937081e-01
-9.999039303690199221e-01,1.312260931212561044e-02,-4.463984478888507676e-03,3.041385419586840055e-01
4.370780540445844652e-03,-7.122665862961558361e-03,-9.999650813445799535e-01,2.935881391899833881e-01
0.000000000000000000e+00,0.000000000000000000e+00,0.000000000000000000e+00,1.000000000000000000e+00
8.027575211074555739e-03,-9.999451274842646731e-01,6.730531680942728953e-03,4.476361187764281158e-01
-9.999600191769105750e-01,-8.053846375034368066e-03,-3.885306458956529728e-03,3.144764237265942342e-01
3.939299930597339044e-03,-6.699072998928947732e-03,-9.999698017125377980e-01,2.939605275947054785e-01
0.000000000000000000e+00,0.000000000000000000e+00,0.000000000000000000e+00,1.000000000000000000e+00
2.687301261232200034e-02,-9.996184792261614271e-01,6.382568661147849931e-03,4.423742640676610605e-01
-9.996327137377319927e-01,-2.689468115933224546e-02,-3.333729244474536221e-03,3.235963394047885466e-01
3.504114506632534116e-03,-6.290637083327796017e-03,-9.999740741972313884e-01,2.942960260432154196e-01
0.000000000000000000e+00,0.000000000000000000e+00,0.000000000000000000e+00,1.000000000000000000e+00
4.362678858145718763e-02,-9.990296922137210656e-01,6.031367459081589735e-03,4.375448607084130859e-01
-9.990431627834123196e-01,-4.364437504783569288e-02,-2.815567864588629579e-03,3.316434658409188607e-01
3.076071160602291115e-03,-5.902762238264672515e-03,-9.999778473467166862e-01,2.945985827802592993e-01
0.000000000000000000e+00,0.000000000000000000e+00,0.000000000000000000e+00,1.000000000000000000e+00
5.851190734309974495e-02,-9.982705232506130510e-01,5.684989711478492108e-03,4.331346485078201858e-01
-9.982831592923173680e-01,-5.852594047890868900e-02,-2.334130332470333614e-03,3.387461323733766960e-01
2.662812877807485632e-03,-5.538655071978845594e-03,-9.999811161854865738e-01,2.948715797869306821e-01
0.000000000000000000e+00,0.000000000000000000e+00,0.000000000000000000e+00,1.000000000000000000e+00
7.173046182496156664e-02,-9.974097078817110162e-01,5.349342922045642081e-03,4.291242192891721596e-01
-9.974214707302486715e-01,-7.174144758358713680e-02,-1.890614957943538826e-03,3.450174383580367210e-01
2.269487317767828263e-03,-5.199934800680740266e-03,-9.999839049231658006e-01,2.951179621553884358e-01
0.000000000000000000e+00,0.000000000000000000e+00,0.000000000000000000e+00,1.000000000000000000e+00
8.346466907975669258e-02,-9.964980494121011834e-01,5.028571694269704136e-03,4.254903239911098090e-01
-9.965089269960438756e-01,-8.347307269284010012e-02,-1.484773521247246967e-03,3.505568694263664353e-01
1.899324248318551463e-03,-4.887090452770094171e-03,-9.999862543626818479e-01,2.953403284141991048e-01
0.000000000000000000e+00,0.000000000000000000e+00,0.000000000000000000e+00,1.000000000000000000e+00
9.387819344204506589e-02,-9.955724761735423867e-01,4.725408102921808615e-03,4.222075872528977536e-01
-9.955824775313076858e-01,-9.388443067199747638e-02,-1.115396798423298882e-03,3.554518351704465395e-01
1.554100601957982258e-03,-4.599822070046391369e-03,-9.999882131346562453e-01,2.955409942234491494e-01
0.000000000000000000e+00,0.000000000000000000e+00,0.000000000000000000e+00,1.000000000000000000e+00
1.031176016738788448e-01,-9.946592549849817555e-01,4.441474726738827913e-03,4.192497619088266791e-01
-9.946684051518683845e-01,-1.031220362115288225e-01,-7.806665272195706905e-04,3.597790892844620059e-01
1.234511103959281490e-03,-4.337294122973681804e-03,-9.999898318793172258e-01,2.957220380308479557e-01
0.000000000000000000e+00,0.000000000000000000e+00,0.000000000000000000e+00,1.000000000000000000e+00
1.113138500391642749e-01,-9.937765216328550144e-01,4.177540037188112385e-03,4.165906289375300720e-01
-9.937848571612800663e-01,-1.113167947929727397e-01,-4.784077274391426975e-04,3.636060161005080227e-01
9.404607343558460484e-04,-4.098322623112778118e-03,-9.999911596035659933e-01,2.958853345704740012e-01
0.000000000000000000e+00,0.000000000000000000e+00,0.000000000000000000e+00,1.000000000000000000e+00
1.185837404128804451e-01,-9.929362629513772687e-01,3.933729254044306817e-03,4.142046263841866471e-01
-9.929438281569825664e-01,-1.185854610768339867e-01,-2.062671845699845085e-04,3.669917809785261942e-01
6.712932647586970607e-04,-3.881512250173122826e-03,-9.999922415839059830e-01,2.960325801886924402e-01
0.000000000000000000e+00,0.000000000000000000e+00,0.000000000000000000e+00,1.000000000000000000e+00
1.250313074699315186e-01,-9.921458614095322037e-01,3.709695445290289717e-03,4.120672728997043510e-01
-9.921527053350103209e-01,-1.250320272572176261e-01,3.816242487493450193e-05,3.699883497257660525e-01
4.259680501304931657e-04,-3.685355869892062430e-03,-9.999931183279877622e-01,2.961653126678542858e-01
0.000000000000000000e+00,0.000000000000000000e+00,0.000000000000000000e+00,1.000000000000000000e+00
1.307491157050524322e-01,-9.914092925860832350e-01,3.504756240976373768e-03,4.101554371636053631e-01
-9.914154666203326416e-01,-1.307490205096208946e-01,2.572581633696565707e-04,3.726413863238429713e-01
2.031953118743357999e-04,-3.508305821406603082e-03,-9.999938252319000576e-01,2.962849273182833754e-01
0.000000000000000000e+00,0.000000000000000000e+00,0.000000000000000000e+00,1.000000000000000000e+00
1.358194561335627215e-01,-9.907280485590788111e-01,3.318001492318318167e-03,4.084474929814960187e-01
-9.907336046249852757e-01,-1.358186996536954183e-01,4.533113308689512393e-04,3.749910401077583555e-01
1.538397914180268319e-06,-3.348824077053410338e-03,-9.999943926717460574e-01,2.963926904994780287e-01
0.000000000000000000e+00,0.000000000000000000e+00,0.000000000000000000e+00,1.000000000000000000e+00
1.403154397780910223e-01,-9.901018458134733802e-01,3.148376825323827115e-03,4.069233907510859116e-01
-9.901068350314587985e-01,-1.403141483274048529e-01,6.284927547952488987e-04,3.770726340478604555e-01
-1.805100237441193464e-04,-3.205416651294205194e-03,-9.999948463468315563e-01,2.964897513235794646e-01
0.000000000000000000e+00,0.000000000000000000e+00,0.000000000000000000e+00,1.000000000000000000e+00
1.367453566780567620e-01,-9.905846604213049966e-01,-6.537428010990402674e-03,4.082732249051784779e-01
-9.905473162960155564e-01,-1.368062209403047014e-01,1.000360389028498616e-02,3.846268679501836929e-01
-1.080377738350008811e-02,5.107685389721925567e-03,-9.999285924225826960e-01,2.716100879043087390e-01
0.000000000000000000e+00,0.000000000000000000e+00,0.000000000000000000e+00,1.000000000000000000e+00
1.317142754094107193e-01,-9.911929338187493999e-01,-1.370830409474469574e-02,4.091113708525416781e-01
-9.911171815181244460e-01,-1.319355273462610167e-01,1.672570247950178057e-02,3.901536361082976745e-01
-1.838701044059995460e-02,1.138352193497577103e-02,-9.997661392922911894e-01,2.490424233198294257e-01
0.000000000000000000e+00,0.000000000000000000e+00,0.000000000000000000e+00,1.000000000000000000e+00
1.262017756575494198e-01,-9.918261947531378242e-01,-1.881252833597775453e-02,4.094797514936069360e-01
-9.917242367669897307e-01,-1.265942529922563509e-01,2.137599864951078912e-02,3.941911345758346008e-01
-2.358283337118126377e-02,1.595915131963327252e-02,-9.995944955127273879e-01,2.286417658981357570e-01
0.000000000000000000e+00,0.000000000000000000e+00,0.000000000000000000e+00,1.000000000000000000e+00
1.207231464175486657e-01,-9.924362943721716235e-01,-2.227383065122437791e-02,4.094625535024337681e-01
-9.923203606535981880e-01,-1.212573961919500842e-01,2.443247226665959046e-02,3.971090625420158893e-01
-2.694853894666241270e-02,1.915321073816950506e-02,-9.994533159518053100e-01,2.102481943829662692e-01
0.000000000000000000e+00,0.000000000000000000e+00,0.000000000000000000e+00,1.000000000000000000e+00
1.155270871994482640e-01,-9.930032932810622937e-01,-2.445305003830148399e-02,4.091558068111993962e-01
-9.928828447047050032e-01,-1.161601519885484546e-01,2.627690585076363980e-02,3.991698601848352457e-01
-2.893352405607738792e-02,2.124331949018240864e-02,-9.993555786419239251e-01,1.936973350452692033e-01
0.000000000000000000e+00,0.000000000000000000e+00,0.000000000000000000e+00,1.000000000000000000e+00
1.107157927741916348e-01,-9.935209571836280951e-01,-2.565386651773312460e-02,4.086472636286404003e-01
-9.934030685550914175e-01,-1.114047470129251316e-01,2.719054483298486216e-02,4.005639257978204082e-01
-2.987233863812288615e-02,2.247420699187268125e-02,-9.993010324243520870e-01,1.788246971858472867e-01
0.000000000000000000e+00,0.000000000000000000e+00,0.000000000000000000e+00,1.000000000000000000e+00
1.063203174603593038e-01,-9.939895030024337164e-01,-2.609325614221519318e-02,4.080153345465290515e-01
-9.938770556408025314e-01,-1.070287568542795942e-01,2.744528150696371599e-02,4.014446859531461409e-01
-3.007305049205033498e-02,2.301549754409681903e-02,-9.992826919880579695e-01,1.654784473647060161e-01
0.000000000000000000e+00,0.000000000000000000e+00,0.000000000000000000e+00,1.000000000000000000e+00
1.023331892507395313e-01,-9.944111353778856133e-01,-2.596944770758226328e-02,4.073149017944953099e-01
-9.943059365409353534e-01,-1.030327577702738751e-01,2.720212097807138060e-02,4.019258795015703267e-01
-2.972579582157367645e-02,2.303789623026793534e-02,-9.992925659685742978e-01,1.535093173203841421e-01
0.000000000000000000e+00,0.000000000000000000e+00,0.000000000000000000e+00,1.000000000000000000e+00
9.873396356525676598e-02,-9.947888309460846123e-01,-2.543199291477155760e-02,4.065868313015649216e-01
-9.946914577872303376e-01,-9.940438755098290891e-02,2.660209654762082238e-02,4.021016015637380869e-01
-2.899152020521639228e-02,2.267045567553638979e-02,-9.993225416229007951e-01,1.427807823200534232e-01
0.000000000000000000e+00,0.000000000000000000e+00,0.000000000000000000e+00,1.000000000000000000e+00
9.549579601623681135e-02,-9.951258368482935879e-01,-2.459922316270933551e-02,4.058592993406869853e-01
-9.950361384193044945e-01,-9.612383110661615326e-02,2.575446238976425439e-02,4.020477684595414880e-01
-2.799350251083828484e-02,2.201767313705623591e-02,-9.993655917064612204e-01,1.331673637277657196e-01
0.000000000000000000e+00,0.000000000000000000e+00,0.000000000000000000e+00,1.000000000000000000e+00
9.258950940170540544e-02,-9.954254933765137592e-01,-2.356416527007858600e-02,4.051510051461676976e-01
-9.953429404674863923e-01,-9.316756747475762879e-02,2.474338764951809419e-02,4.018253107887308495e-01
-2.682561481661427730e-02,2.116344742617673816e-02,-9.994160769583158022e-01,1.245546183368726745e-01
0.000000000000000000e+00,0.000000000000000000e+00,0.000000000000000000e+00,1.000000000000000000e+00
8.998561441103591907e-02,-9.956911466859841298e-01,-2.239932164638457762e-02,4.044738320859296299e-01
-9.956150563196775050e-01,-9.051039608069122444e-02,2.363319341268770024e-02,4.014826898482645734e-01
-2.555873292308373512e-02,2.017445445275221211e-02,-9.994697306866775488e-01,1.168387742695341375e-01
0.000000000000000000e+00,0.000000000000000000e+00,0.000000000000000000e+00,1.000000000000000000e+00
8.765544469645403236e-02,-9.959260775685959688e-01,-2.116060098148946078e-02,4.038348549326357118e-01
-9.958557451837503072e-01,-8.812673160381101489e-02,2.247251568799388949e-02,4.010580498783996584e-01
-2.424577900551355691e-02,1.910306770287804184e-02,-9.995234939733808055e-01,1.099261518776498414e-01
0.000000000000000000e+00,0.000000000000000000e+00,0.000000000000000000e+00,1.000000000000000000e+00
8.557183321709416202e-02,-9.961334381696174134e-01,-1.989056862543261278e-02,4.032377946259940726e-01
-9.960682070988753356e-01,-8.599149606957423586e-02,2.129763861437918362e-02,4.005810849810889640e-01
-2.292570973161102421e-02,1.798988504948420206e-02,-9.995752977486032087e-01,1.037324648232184759e-01
0.000000000000000000e+00,0.000000000000000000e+00,0.000000000000000000e+00,1.000000000000000000e+00
8.370949717441178439e-02,-9.963162016644820929e-01,-1.862112734680468340e-02,4.026840585256580840e-01
-9.962554929663104408e-01,-8.408072227302887391e-02,2.013516517189414823e-02,4.000746378286139660e-01
-2.162666912080593584e-02,1.686589585241635852e-02,-9.996238436231072999e-01,9.818206719364636070e-02
0.000000000000000000e+00,0.000000000000000000e+00,0.000000000000000000e+00,1.000000000000000000e+00
8.204522007770320702e-02,-9.964771278746968886e-01,-1.737571538084384942e-02,4.021734824057175417e-01
-9.964204469651130047e-01,-8.237193137732190529e-02,1.900415194146367129e-02,3.995560452199056756e-01
-2.036847397930680731e-02,1.575431825769152069e-02,-9.996684083854954217e-01,9.320719137495292461e-02
0.000000000000000000e+00,0.000000000000000000e+00,0.000000000000000000e+00,1.000000000000000000e+00
8.055789327562734581e-02,-9.966187442752431069e-01,-1.617109737247977852e-02,4.017048597027284562e-01
-9.965656753164077175e-01,-8.084433733685592038e-02,1.791780962385604650e-02,3.990382540868187555e-01
-1.916456657857817936e-02,1.467213957820109362e-02,-9.997086814207691852e-01,8.874720591647872192e-02
0.000000000000000000e+00,0.000000000000000000e+00,0.000000000000000000e+00,1.000000000000000000e+00
7.922846466323363313e-02,-9.967433398713944070e-01,-1.501881517047415696e-02,4.012763185225743934e-01
-9.966935347718745009e-01,-7.947892482782847878e-02,1.688485274317496482e-02,3.985307368053089272e-01
-1.802354379840605605e-02,1.363139502143879793e-02,-9.997446358639372477e-01,8.474791142630783147e-02
0.000000000000000000e+00,0.000000000000000000e+00,0.000000000000000000e+00,1.000000000000000000e+00
7.803983026818139823e-02,-9.968529688345741935e-01,-1.392635693241247967e-02,4.008855891228791379e-01
-9.968061348603156624e-01,-7.825843955827771481e-02,1.591056701509387800e-02,3.980402355200577946e-01
-1.695035092709998650e-02,1.264022007715479186e-02,-9.997764302282032833e-01,8.116088463673298836e-02
0.000000000000000000e+00,0.000000000000000000e+00,0.000000000000000000e+00,1.000000000000000000e+00
7.697669427528075481e-02,-9.969494609522082662e-01,-1.289809464809600625e-02,4.005301922976925999e-01
-9.969053490707686649e-01,-7.716732131691772523e-02,1.499765031131783909e-02,3.975713633238975309e-01
-1.594721080750368183e-02,1.170371000464607951e-02,-9.998043356775305757e-01,7.794287534756416669e-02
0.000000000000000000e+00,0.000000000000000000e+00,0.000000000000000000e+00,1.000000000000000000e+00
7.602541500899562266e-02,-9.970344364181039643e-01,-1.193603238700312492e-02,4.002075705424930629e-01
-9.969928313322614644e-01,-7.619160233429855822e-02,1.414687265132936154e-02,3.971270870411173215e-01
-1.501434463407671192e-02,1.082461685999509295e-02,-9.998286838879164584e-01,7.505525732804989303e-02
0.000000000000000000e+00,0.000000000000000000e+00,0.000000000000000000e+00,1.000000000000000000e+00
7.517384838341312214e-02,-9.971093230303260668e-01,-1.104040059203143312e-02,3.999151778405672375e-01
-9.970700351764980596e-01,-7.531878710134010113e-02,1.335759195064610376e-02,3.967091129358574775e-01
-1.415052904892879354e-02,1.000391101459404027e-02,-9.998498308706400550e-01,7.246353192428126033e-02
0.000000000000000000e+00,0.000000000000000000e+00,0.000000000000000000e+00,1.000000000000000000e+00
7.441119602226409224e-02,-9.971753743651838864e-01,-1.021012566973009995e-02,3.996505395911393865e-01
-9.971382337876006918e-01,-7.453772479449716215e-02,1.262815510690817183e-02,3.963181933530854351e-01
-1.335352483356033911e-02,9.241230552004413984e-03,-9.998681328217258191e-01,7.013688169570238273e-02
0.000000000000000000e+00,0.000000000000000000e+00,0.000000000000000000e+00,1.000000000000000000e+00
7.372786226183303260e-02,-9.972336879186943781e-01,-9.443198948483099223e-03,3.994112910778038761e-01
-9.971985397616808244e-01,-7.383848172376494823e-02,1.195620817404016191e-02,3.959543692993958697e-01
-1.262040504389315247e-02,8.535238532676949971e-03,-9.998839308038300899e-01,6.804777061110560410e-02
0.000000000000000000e+00,0.000000000000000000e+00,0.000000000000000000e+00,1.000000000000000000e+00
7.311532223020433818e-02,-9.972852225430318684e-01,-8.736964717161602514e-03,3.991952006061354474e-01
-9.972519238497902228e-01,-7.321221850926074026e-02,1.133893464327213017e-02,3.956171613526150987e-01
-1.194780452909707628e-02,7.883905012607076920e-03,-9.998975417554976097e-01,6.617158696798128292e-02
0.000000000000000000e+00,0.000000000000000000e+00,0.000000000000000000e+00,1.000000000000000000e+00
7.256600187025286086e-02,-9.973308147617084840e-01,-8.088343422072739181e-03,3.990001817826341335e-01
-9.972992322760948491e-01,-7.265107477171239836e-02,1.077323702639804495e-02,3.953057190559118306e-01
-1.133210810389486192e-02,7.284727947012265004e-03,-9.999092539149039283e-01,6.448632511421086011e-02
0.000000000000000000e+00,0.000000000000000000e+00,0.000000000000000000e+00,1.000000000000000000e+00
7.207316993202705913e-02,-9.973711937356278812e-01,-7.494003090332757716e-03,3.988242981948266763e-01
-9.973412024410489574e-01,-7.214806279356178464e-02,1.025587385741059607e-02,3.950189370762013930e-01
-1.076959095750409587e-02,6.734904713882819936e-03,-9.999193252303424373e-01,6.297230214535730342e-02
0.000000000000000000e+00,0.000000000000000000e+00,0.000000000000000000e+00,1.000000000000000000e+00
7.163087847028803967e-02,-9.974069920060685268e-01,-6.950506958604084524e-03,3.986657430721791129e-01
-9.973784741752652616e-01,-7.169700797888389765e-02,9.783572900328619745e-03,3.947555626411640706e-01
-1.025653457045717920e-02,6.231480103688459907e-03,-9.999279834839720493e-01,6.161190411889347351e-02
0.000000000000000000e+00,0.000000000000000000e+00,0.000000000000000000e+00,1.000000000000000000e+00
7.123376010680770865e-02,-9.974387664201569415e-01,-6.454352274371260960e-03,3.985229018647630794e-01
-9.974116111108919380e-01,-7.129234372782722318e-02,9.353060834214043176e-03,3.945142020326515842e-01
-9.789251361616095257e-03,5.771392208929105976e-03,-9.999354287101493988e-01,6.038936740551480165e-02
0.000000000000000000e+00,0.000000000000000000e+00,0.000000000000000000e+00,1.000000000000000000e+00
7.087710752986509100e-02,-9.974669970181009315e-01,-6.002123615157829023e-03,3.983942539566424079e-01
-9.974410995958857828e-01,-7.092919006005193872e-02,8.961184875628009847e-03,3.942934597432516397e-01
-9.364211934280152264e-03,5.351621914588570658e-03,-9.999418341472332550e-01,5.929057294191218686e-02
0.000000000000000000e+00,0.000000000000000000e+00,0.000000000000000000e+00,1.000000000000000000e+00
7.055669704184774904e-02,-9.974921046994980056e-01,-5.590488772091674677e-03,3.982784281020205208e-01
-9.974673666083073709e-01,-7.060317379135550020e-02,8.604905698296992644e-03,3.940919179351525248e-01
-8.978031746089578172e-03,4.969196389123180235e-03,-9.999473496305757436e-01,5.830287416178617232e-02
0.000000000000000000e+00,0.000000000000000000e+00,0.000000000000000000e+00,1.000000000000000000e+00
7.026875954926758983e-02,-9.975144571286935768e-01,-5.216248714850856179e-03,3.981741779184334584e-01
-9.974907857254988741e-01,-7.031039716348708168e-02,8.281331018628230317e-03,3.939081792749919986e-01
-8.627503934194639956e-03,4.621241171020324529e-03,-9.999521040059398125e-01,5.741493824380319855e-02
0.000000000000000000e+00,0.000000000000000000e+00,0.000000000000000000e+00,1.000000000000000000e+00
7.000993198497518222e-02,-9.975343756015927488e-01,-4.876363050436460442e-03,3.980803712157066077e-01
-9.975116840160523912e-01,-7.004738677759414500e-02,7.987731661081612713e-03,3.937408889264585876e-01
-8.309613403672011164e-03,4.305008568007971312e-03,-9.999562076542707345e-01,5.661660602817811250e-02
0.000000000000000000e+00,0.000000000000000000e+00,0.000000000000000000e+00,1.000000000000000000e+00
6.977721173716266989e-02,-9.975521412044464631e-01,-4.567964602663790279e-03,3.979959810532769926e-01
-9.975303481987242149e-01,-6.981104566708595804e-02,7.721549417064735472e-03,3.935887487236239823e-01
-8.021542539891067178e-03,4.017895132041165822e-03,-9.999597548771594901e-01,5.589876750821065610e-02
0.000000000000000000e+00,0.000000000000000000e+00,0.000000000000000000e+00,1.000000000000000000e+00
6.956791616322566263e-02,-9.975680001643401074e-01,-4.288366685077948416e-03,3.979200772253162488e-01
-9.975470299789759299e-01,-6.959861065563432980e-02,7.480399383029232019e-03,3.934505263133461495e-01
-7.760671416222366704e-03,3.757451653014270022e-03,-9.999628260771724619e-01,5.525325099759705039e-02
0.000000000000000000e+00,0.000000000000000000e+00,0.000000000000000000e+00,1.000000000000000000e+00
6.937964686238373702e-02,-9.975821684711729809e-01,-4.035065006068950903e-03,3.978518181278369870e-01
-9.975619506506290257e-01,-6.940761469639067371e-02,7.262068318974198612e-03,3.933250605677660050e-01
-7.524574098444209401e-03,3.521387582995299560e-03,-9.999654897115837215e-01,5.467272440042046655e-02
0.000000000000000000e+00,0.000000000000000000e+00,0.000000000000000000e+00,1.000000000000000000e+00
6.921025815892478672e-02,-9.975948358636920199e-01,-3.805735627766684750e-03,3.977904430687241311e-01
-9.975753050602588212e-01,-6.923585364633266792e-02,7.064510159617682326e-03,3.932112641876182035e-01
-7.311012208081873326e-03,3.307571307934559397e-03,-9.999678040179773575e-01,5.415060720697077723e-02
0.000000000000000000e+00,0.000000000000000000e+00,0.000000000000000000e+00,1.000000000000000000e+00
6.905782928189641012e-02,-9.976061692647840706e-01,-3.598230080963508038e-03,3.977352650633942943e-01
-9.975872650226543792e-01,-6.908135695222017425e-02,6.885839546515114783e-03,3.931081242093041328e-01
-7.117926628790157209e-03,3.114027373524857860e-03,-9.999698185215513124e-01,5.368099200146631000e-02
0.000000000000000000e+00,0.000000000000000000e+00,0.000000000000000000e+00,1.000000000000000000e+00
6.892063978589202389e-02,-9.976163157417037297e-01,-3.410568494077357259e-03,3.976856641348350263e-01
-9.975979822647509376e-01,-6.894236177704127222e-02,6.724324047927127818e-03,3.930147009738605424e-01
-6.943428029530460295e-03,2.938931532556502899e-03,-9.999715753403424223e-01,5.325857441055970032e-02
0.000000000000000000e+00,0.000000000000000000e+00,0.000000000000000000e+00,1.000000000000000000e+00
6.879714781371459864e-02,-9.976254050576072174e-01,-3.240931400539910547e-03,3.976410811188973438e-01
-9.976075909651875850e-01,-6.881729014881843298e-02,6.578375575186281438e-03,3.929301259937169055e-01
-6.785786714359655011e-03,2.780604290155831108e-03,-9.999731103076965333e-01,5.287859054731329500e-02
0.000000000000000000e+00,0.000000000000000000e+00,0.000000000000000000e+00,1.000000000000000000e+00
6.868597085201733066e-02,-9.976335518721562989e-01,-3.087650734983743081e-03,3.976010119633739404e-01
-9.976162099474158440e-01,-6.870472876293343134e-02,6.446541380092863510e-03,3.928535990558492674e-01
-6.643422180574606872e-03,2.637503470546453607e-03,-9.999744539322859005e-01,5.253676111611578492e-02
0.000000000000000000e+00,0.000000000000000000e+00,0.000000000000000000e+00,1.000000000000000000e+00
6.858586867550098276e-02,-9.976408576411601725e-01,-2.949200406462519804e-03,3.975650025012559818e-01
-9.976239445760928248e-01,-6.860341111394241409e-02,6.327494920454949587e-03,3.927843848226549861e-01
-6.514892667104713909e-03,2.508216207181331731e-03,-9.999756322156025945e-01,5.222924144142332414e-02
0.000000000000000000e+00,0.000000000000000000e+00,0.000000000000000000e+00,1.000000000000000000e+00
6.849572821419780411e-02,-9.976474122582903448e-01,-2.824186740270597656e-03,3.975326436734971103e-01
-9.976308883993501020e-01,-6.851220167293003982e-02,6.220026804713860678e-03,3.927218091305621495e-01
-6.398884897411418263e-03,2.391450661201115387e-03,-9.999766673456962351e-01,5.195257676879820596e-02
0.000000000000000000e+00,0.000000000000000000e+00,0.000000000000000000e+00,1.000000000000000000e+00
6.841455011244390594e-02,-9.976532954757971750e-01,-2.711339003867819369e-03,3.975035671737143783e-01
-9.976371245733038906e-01,-6.843008186209265098e-02,6.123035967355651941e-03,3.926652551379387623e-01
-6.294204161139760681e-03,2.286027696533187402e-03,-9.999775782843078886e-01,5.170366226195105552e-02
0.000000000000000000e+00,0.000000000000000000e+00,0.000000000000000000e+00,1.000000000000000000e+00
6.834143677773329983e-02,-9.976585781358289218e-01,-2.609500172698311221e-03,3.974774414859537641e-01
-9.976427270998255992e-01,-6.835613760957137686e-02,6.035521180843801160e-03,3.926141594356491460e-01
-6.199764832486472088e-03,2.190872679456901291e-03,-9.999783812627773827e-01,5.147970718558453340e-02
0.000000000000000000e+00,0.000000000000000000e+00,0.000000000000000000e+00,1.000000000000000000e+00
6.827558174340198072e-02,-9.976633232393473660e-01,-2.517618045199319227e-03,3.974539682864164925e-01
-9.976477619039950673e-01,-6.828954829510291979e-02,5.956572974473801386e-03,3.925680082036384633e-01
-6.114581387917478530e-03,2.105007523092987214e-03,-9.999790902002794191e-01,5.127820282193029655e-02
0.000000000000000000e+00,0.000000000000000000e+00,0.000000000000000000e+00,1.000000000000000000e+00
6.821626019135185182e-02,-9.976675868756671450e-01,-2.434736780207913745e-03,3.974328791805741834e-01
-9.976522877737427075e-01,-6.822957692102304961e-02,5.885366003528380227e-03,3.925263334734689913e-01
-6.037759959047888161e-03,2.027543060283271571e-03,-9.999797170562088056e-01,5.109689372001278984e-02
0.000000000000000000e+00,0.000000000000000000e+00,0.000000000000000000e+00,1.000000000000000000e+00
6.816282050040622931e-02,-9.976714190322435449e-01,-2.359988902287802563e-03,3.974139327481467365e-01
-9.976563571808381159e-01,-6.817556136412794565e-02,5.821151891658871841e-03,3.924887095385279356e-01
-5.968490436380119446e-03,1.957671799746910427e-03,-9.999802721269230865e-01,5.093375192165815191e-02
0.000000000000000000e+00,0.000000000000000000e+00,0.000000000000000000e+00,1.000000000000000000e+00
6.811467670259108154e-02,-9.976748643014334839e-01,-2.292587799385343954e-03,3.973969118697593395e-01
-9.976600169995584189e-01,-6.812690658204378913e-02,5.763252554119063092e-03,3.924547495395439567e-01
-5.906039124705484734e-03,1.894661098428558881e-03,-9.999807642955835796e-01,5.078695384794688905e-02
0.000000000000000000e+00,0.000000000000000000e+00,0.000000000000000000e+00,1.000000000000000000e+00
6.807130174421094360e-02,-9.976779624984789541e-01,-2.231820721353650235e-03,3.973816213106482476e-01
-9.976633091369463413e-01,-6.808307766359700253e-02,5.711053998225900166e-03,3.924241022422776393e-01
-5.849741940171953626e-03,1.837846766275370164e-03,-9.999812012425519647e-01,5.065485956478675555e-02
0.000000000000000000e+00,0.000000000000000000e+00,0.000000000000000000e+00,1.000000000000000000e+00
6.803222146114473734e-02,-9.976807492028648694e-01,-2.177042276144892236e-03,3.973678855384152886e-01
-9.976662710865463746e-01,-6.804359362636702713e-02,5.664000589291826038e-03,3.923964490160571361e-01
-5.798998131355561497e-03,1.786627107192486491e-03,-9.999815896226551537e-01,5.053599417719439879e-02
0.000000000000000000e+00,0.000000000000000000e+00,0.000000000000000000e+00,1.000000000000000000e+00
6.799700918875528632e-02,-9.976832562334166932e-01,-2.127668411942196594e-03,3.973555467535009322e-01
-9.976689364157634854e-01,-6.800802187652599251e-02,5.621589764611455500e-03,3.923715010157126648e-01
-5.753264501471360218e-03,1.740457390708088437e-03,-9.999819352146557261e-01,5.042903112918158126e-02
0.000000000000000000e+00,0.000000000000000000e+00,0.000000000000000000e+00,1.000000000000000000e+00
6.796528093630815892e-02,-9.976855120659943177e-01,-2.083170867511396126e-03,3.973444631126782367e-01
-9.976713351955345255e-01,-6.797597325641024923e-02,5.583367174286110388e-03,3.923489965649413769e-01
-5.712050105508589479e-03,1.698844742259619138e-03,-9.999822430474121226e-01,5.033277721033994900e-02
0.000000000000000000e+00,0.000000000000000000e+00,0.000000000000000000e+00,1.000000000000000000e+00
6.793669106408251057e-02,-9.976875422013568029e-01,-2.043072069006010485e-03,3.973345071274705376e-01
-9.976734943797654909e-01,-6.794709761428663342e-02,5.548922225304678095e-03,3.923286987358673983e-01
-5.674911394136481629e-03,1.661343435395779347e-03,-9.999825175065102378e-01,5.024615909162563621e-02
0.000000000000000000e+00,0.000000000000000000e+00,0.000000000000000000e+00,1.000000000000000000e+00
7.819702819322904563e-02,-9.969254221063946764e-01,4.992748715286885255e-03,4.023537802934125107e-01
-9.969378703534464981e-01,-7.819768990449538215e-02,6.283896106398182552e-05,3.969635660314550507e-01
3.277756580256341833e-04,-4.982374091437967792e-03,-9.999875341780670723e-01,7.381606288769422541e-02
0.000000000000000000e+00,0.000000000000000000e+00,0.000000000000000000e+00,1.000000000000000000e+00
8.637021144750400836e-02,-9.962093944551806413e-01,1.034548083733816126e-02,4.059463447452973939e-01
-9.962522377593798772e-01,-8.641312795160138727e-02,-3.774927422921773527e-03,4.006269424771055077e-01
4.654603521418897855e-03,-9.980667155178191835e-03,-9.999393586359104358e-01,9.548446122640044664e-02
0.000000000000000000e+00,0.000000000000000000e+00,0.000000000000000000e+00,1.000000000000000000e+00
9.302591427196649221e-02,-9.955618996602517701e-01,1.423668566540194080e-02,4.083959889762575624e-01
-9.956343967988625643e-01,-9.312334556697732246e-02,-6.339591578206649550e-03,4.034840760000534821e-01
7.637223633617202384e-03,-1.358478764221394443e-02,-9.998785558055969247e-01,1.152638504132599689e-01
0.000000000000000000e+00,0.000000000000000000e+00,0.000000000000000000e+00,1.000000000000000000e+00
9.852510680328707693e-02,-9.949907032946874175e-01,1.692051082397278208e-02,4.099712035207497829e-01
-9.950884967270647863e-01,-9.866991071878539188e-02,-7.945589985466973079e-03,4.056612073757667747e-01
9.575333460048646855e-03,-1.605456557774784243e-02,-9.998252666907547770e-01,1.332258267857109046e-01
0.000000000000000000e+00,0.000000000000000000e+00,0.000000000000000000e+00,1.000000000000000000e+00
1.031268040166114508e-01,-9.944937437611439668e-01,1.862943674037594033e-02,4.108897580116760428e-01
-9.946104989270764252e-01,-1.033044973900114627e-01,-8.839470743746967105e-03,4.072731066179635095e-01
1.071530295193957524e-02,-1.761744700407475578e-02,-9.997873813185016445e-01,1.494746175859773540e-01
0.000000000000000000e+00,0.000000000000000000e+00,0.000000000000000000e+00,1.000000000000000000e+00
1.070212990865428981e-01,-9.940641906934620797e-01,1.956594804196661389e-02,4.113232077722639990e-01
-9.941930237915935775e-01,-1.072164830835877769e-01,-9.211796747338341779e-03,4.084225888842452634e-01
1.125490941573142889e-02,-1.846647059237066166e-02,-9.997661308915724021e-01,1.641315518479281033e-01
0.000000000000000000e+00,0.000000000000000000e+00,0.000000000000000000e+00,1.000000000000000000e+00
1.103496454947092698e-01,-9.936935502779303819e-01,1.990185607511171448e-02,4.114049207277647446e-01
-9.938280108431795101e-01,-1.105490115080383084e-01,-9.208741395260308313e-03,4.091992320339107314e-01
1.135079744692640488e-02,-1.876284068679608813e-02,-9.997595286901148626e-01,1.773247196934674974e-01
0.000000000000000000e+00,0.000000000000000000e+00,0.000000000000000000e+00,1.000000000000000000e+00
1.132173828590284925e-01,-9.933733276934667566e-01,1.978019326904133235e-02,4.112375304229766160e-01
-9.935079482651273386e-01,-1.134107734531086820e-01,-8.941655259780061787e-03,4.096793612395855932e-01
1.112568885818945863e-02,-1.863942842407297074e-02,-9.997643676164171822e-01,1.891821700033793352e-01
0.000000000000000000e+00,0.000000000000000000e+00,0.000000000000000000e+00,1.000000000000000000e+00
1.157044707214089918e-01,-9.930958074100239008e-01,1.931819763102688575e-02,4.108992653206821610e-01
-9.932263209071990895e-01,-1.158849206589644965e-01,-8.494740785628248844e-03,4.099269197932364772e-01
1.067477925898809195e-02,-1.820446287310632100e-02,-9.997772985116601951e-01,1.998276096593453177e-01
0.000000000000000000e+00,0.000000000000000000e+00,0.000000000000000000e+00,1.000000000000000000e+00
1.178724491632208160e-01,-9.928543340316345889e-01,1.861067228402817422e-02,4.104491591672742579e-01
-9.929776717690249610e-01,-1.180357582678308592e-01,-7.931149872809354490e-03,4.099947787946977007e-01
1.007120133999258454e-02,-1.754511797446201005e-02,-9.997953489283855077e-01,2.093778513472872027e-01
0.000000000000000000e+00,0.000000000000000000e+00,0.000000000000000000e+00,1.000000000000000000e+00
1.197695552031563526e-01,-9.926433311170558271e-01,1.773332555594489893e-02,4.099312675210310952e-01
-9.927574960199391230e-01,-1.199137033484036774e-01,-7.297797304083772016e-03,4.099261902317191120e-01
9.370578565839029345e-03,-1.673083793795334534e-02,-9.998161187534613248e-01,2.179414591867775697e-01
0.000000000000000000e+00,0.000000000000000000e+00,0.000000000000000000e+00,1.000000000000000000e+00
1.214343481548242343e-01,-9.924581979033035850e-01,1.674588017215743185e-02,4.093780408995454367e-01
-9.925620812312836438e-01,-1.215589133702819069e-01,-6.629138862560850567e-03,4.097562135612278222e-01
8.614754206344301529e-03,-1.581632051912337800e-02,-9.998378018534810341e-01,2.256181953263962092e-01
0.000000000000000000e+00,0.000000000000000000e+00,0.000000000000000000e+00,1.000000000000000000e+00
1.228982617823233259e-01,-9.922951621774277475e-01,1.569485170862662884e-02,4.088130001321635953e-01
-9.923883479214857806e-01,-1.230039144510199911e-01,-5.950120955911562294e-03,4.095130285716416241e-01
7.834804435810933249e-03,-1.484412843512058697e-02,-9.998591239221923388e-01,2.324989863340738983e-01
0.000000000000000000e+00,0.000000000000000000e+00,0.000000000000000000e+00,1.000000000000000000e+00
1.241873940470020754e-01,-9.921511300027117120e-01,1.461596367527554993e-02,4.082528436379359582e-01
-9.922337124052744706e-01,-1.242754911552461650e-01,-5.278471802470312280e-03,4.092190976403973779e-01
7.053447827960475369e-03,-1.384693224019992869e-02,-9.998792483801599573e-01,2.386662134577878236e-01
0.000000000000000000e+00,0.000000000000000000e+00,0.000000000000000000e+00,1.000000000000000000e+00
1.253237619216446275e-01,-9.920235510524479938e-01,1.353620534338167980e-02,4.077090973404825514e-01
-9.920959776534203911e-01,-1.253960401041340766e-01,-4.626472750006788842e-03,4.088921693878857511e-01
6.286956474405602270e-03,-1.284940790440087036e-02,-9.998976782125235108e-01,2.441941925123483070e-01
0.000000000000000000e+00,0.000000000000000000e+00,0.000000000000000000e+00,1.000000000000000000e+00
1.263261851971386740e-01,-9.919103061057897852e-01,1.247555909195357561e-02,4.071893993224191544e-01
-9.919732503829988834e-01,-1.263845399801475367e-01,-4.002321650615385008e-03,4.085461311202938650e-01
5.546661890427436251e-03,-1.186982287673620309e-02,-9.999141672397429126e-01,2.491497530847581743e-01
0.000000000000000000e+00,0.000000000000000000e+00,0.000000000000000000e+00,1.000000000000000000e+00
1.272109156207402725e-01,-9.918096169716756894e-01,1.144843349244479419e-02,4.066984946142424562e-01
-9.918638797929129058e-01,-1.272572505885720684e-01,-3.411177917890780356e-03,4.081917246863732696e-01
4.840135233960142676e-03,-1.092134859508728240e-02,-9.999286460721994452e-01,2.535928576186792238e-01
0.000000000000000000e+00,0.000000000000000000e+00,0.000000000000000000e+00,1.000000000000000000e+00
1.279920926748706611e-01,-9.917199762604095303e-01,1.046484107668125413e-02,4.062390011807310297e-01
-9.917664128852320404e-01,-1.280282225239459670e-01,-2.855960454658691174e-03,4.078371428887208605e-01
4.172108036337862300e-03,-1.001313754084575541e-02,-9.999411635646975327e-01,2.575772223472133637e-01
0.000000000000000000e+00,0.000000000000000000e+00,0.000000000000000000e+00,1.000000000000000000e+00
1.286820819420367856e-01,-9.916400934762368280e-01,9.531358638882114070e-03,4.058119961913843055e-01
-9.916795618707610060e-01,-1.287096753792715820e-01,-2.337954571340515424e-03,4.074885235405308337e-01
3.545187566001238057e-03,-9.151200697313708471e-03,-9.999518424258833083e-01,2.611509167011052956e-01
0.000000000000000000e+00,0.000000000000000000e+00,0.000000000000000000e+00,1.000000000000000000e+00
1.292917339454022763e-01,-9.915688539259648326e-01,8.651904838818655352e-03,4.054174618077453496e-01
-9.916021800616956483e-01,-1.293122849469818814e-01,-1.857271838786347419e-03,4.071503569447423865e-01
2.960410492465837765e-03,-8.339117803414258789e-03,-9.999608467755010111e-01,2.643569277163111964e-01
0.000000000000000000e+00,0.000000000000000000e+00,0.000000000000000000e+00,1.000000000000000000e+00
1.298305887270860826e-01,-9.915052873876953887e-01,7.828365922846873895e-03,4.050546216911006248e-01
-9.915332435696780911e-01,-1.298454071971768542e-01,-1.413197082161204640e-03,4.068258207483853583e-01
2.417669740024250974e-03,-7.578608846166307728e-03,-9.999683592799253340e-01,2.672336825390186910e-01
0.000000000000000000e+00,0.000000000000000000e+00,0.000000000000000000e+00,1.000000000000000000e+00
1.303070427607233572e-01,-9.914485440642066827e-01,7.061096226499363748e-03,4.047221929334235968e-01
-9.914718369117820895e-01,-1.303172578477818089e-01,-1.004449008891307102e-03,4.065170542034770018e-01
1.916042205088736971e-03,-6.869991266345612871e-03,-9.999745656776819480e-01,2.698155264039373558e-01
0.000000000000000000e+00,0.000000000000000000e+00,0.000000000000000000e+00,1.000000000000000000e+00
1.307284889671153083e-01,-9.913978759090479320e-01,6.349316136624153645e-03,4.044185728775274713e-01
-9.914171412389779503e-01,-1.307350601206993534e-01,-6.293749039877074257e-04,4.062253820537255478e-01
1.454039169810757755e-03,-6.212543622802293303e-03,-9.999796448287474604e-01,2.721331561676799127e-01
0.000000000000000000e+00,0.000000000000000000e+00,0.000000000000000000e+00,1.000000000000000000e+00
1.311014367659480984e-01,-9.913526218967804171e-01,5.691426559573366240e-03,4.041419760926313054e-01
-9.913684243493593451e-01,-1.311051690539397629e-01,-2.860950997356382502e-04,4.059514966511482692e-01
1.029796568485696374e-03,-5.604793102037304228e-03,-9.999837627748311419e-01,2.742140111207083120e-01
0.000000000000000000e+00,0.000000000000000000e+00,0.000000000000000000e+00,1.000000000000000000e+00
1.314316166288514998e-01,-9.913121961947107819e-01,5.085255740444372813e-03,4.038905334187566920e-01
-9.913250319592948889e-01,-1.314331779295103697e-01,2.739073741050068386e-05,4.056956055113092874e-01
6.412185504930936406e-04,-5.044741318315724629e-03,-9.999870696283035265e-01,2.760826237309552678e-01
0.000000000000000000e+00,0.000000000000000000e+00,0.000000000000000000e+00,1.000000000000000000e+00
1.317240720490832073e-01,-9.912760784872171049e-01,4.528251518266813644e-03,4.036623623297636021e-01
-9.912863799116099495e-01,-1.317240105434991371e-01,3.131262866993308851e-04,4.054575503309223450e-01
2.860848531852176052e-04,-4.530040324421604966e-03,-9.999896983919964732e-01,2.777609334329389501e-01
0.000000000000000000e+00,0.000000000000000000e+00,0.000000000000000000e+00,1.000000000000000000e+00
1.319832408928747203e-01,-9.912438059198794837e-01,4.017629759661023314e-03,4.034556157595756698e-01
-9.912519471301387552e-01,-1.319820018699833231e-01,5.731431762265655917e-04,4.052369024941228082e-01
-3.786980488734758080e-05,-4.058128616005998203e-03,-9.999917650450997897e-01,2.792685667343426381e-01
0.000000000000000000e+00,0.000000000000000000e+00,0.000000000000000000e+00,1.000000000000000000e+00
