0.657694262806,-1.10446616728,-0.260393238744,1.79168956025,0.261543724334,0.947616631716,-0.529606867017
0.656160282018,-1.10676713846,-0.268063142683,1.79130606505,0.261927219531,0.964490420383,-0.527689391033
0.658844748397,-1.10638364326,-0.282252464971,1.79168956025,0.265762171501,0.966024401171,-0.528456381427
0.661912709973,-1.10676713846,-0.299126253638,1.79053907466,0.278034017804,0.965640905974,-0.531907838199
0.664213681154,-1.10753412885,-0.312548585532,1.78862159867,0.279184503395,0.966791391565,-0.538427256548
0.666898147533,-1.10715063366,-0.325587422229,1.78747111308,0.279567998592,0.967174886762,-0.542262208517
0.6711165947,-1.10600014807,-0.340543734911,1.78325266592,0.280334988986,0.972543819519,-0.550699102851
0.67495154667,-1.10331568169,-0.354733057199,1.7725148004,0.280334988986,0.989417608186,-0.563737939548
0.675718537064,-1.09948072972,-0.366621408305,1.75870897331,0.280718484183,1.00820887284,-0.580611728215
0.67610203226,-1.09372830176,-0.378126264214,1.74298567023,0.28110197938,1.02853411828,-0.58751464176
0.675718537064,-1.0887428642,-0.387713644138,1.72879634795,0.280334988986,1.04540790694,-0.587898136957
0.674568051473,-1.08337393144,-0.396917528865,1.71307304487,0.280334988986,1.06036421963,-0.588281632154
0.673417565882,-1.07915548428,-0.406121413593,1.69888372258,0.280334988986,1.07455354191,-0.590199108139
0.671500089897,-1.07493703711,-0.414174812729,1.68814585707,0.279951493789,1.08605839782,-0.59134959373
0.669582613912,-1.07148558034,-0.421844716668,1.67855847714,0.278417513001,1.09641276814,-0.595568040897
0.664597176351,-1.06650014278,-0.431432096593,1.66743711643,0.278801008198,1.10868461444,-0.599402992866
0.660378729185,-1.06266519081,-0.439102000532,1.65669925092,0.278801008198,1.11865548957,-0.600936973654
0.655393291624,-1.05844674364,-0.446004914078,1.64941284217,0.279184503395,1.12479141272,-0.605155420821
0.649257368473,-1.05537878207,-0.452907827623,1.64366041422,0.279951493789,1.12977685028,-0.614742800745
0.640820474139,-1.05192732529,-0.457893265184,1.63905847186,0.279951493789,1.13284481185,-0.625864161457
0.634301055791,-1.04847586852,-0.46211171235,1.6329225487,0.279567998592,1.13514578304,-0.637369017366
0.627398142245,-1.04732538293,-0.465179673926,1.62870410154,0.279951493789,1.13629626863,-0.643888435715
0.618577752715,-1.04349043096,-0.467480645108,1.62180118799,0.279567998592,1.13591277343,-0.657310767609
0.610524353578,-1.04080596458,-0.468247635502,1.61681575043,0.279567998592,1.13591277343,-0.668048633124
0.602087459245,-1.03927198379,-0.468247635502,1.61144681767,0.279184503395,1.13629626863,-0.676869022654
0.591733088927,-1.03390305103,-0.469398121093,1.60339341854,0.279567998592,1.13667976382,-0.688373878564
0.582529204199,-1.03160207985,-0.467864140305,1.59649050499,0.280334988986,1.13706325902,-0.694126306518
0.573708814669,-1.02853411828,-0.468247635502,1.59035458184,0.279951493789,1.13783024941,-0.698728248882
0.564121434745,-1.0250826615,-0.467480645108,1.58421865869,0.279567998592,1.1393642302,-0.701412715261
0.554534054821,-1.02201469993,-0.466713654714,1.57846623073,0.280718484183,1.14204869658,-0.704480676836
0.544946674896,-1.01933023355,-0.466330159517,1.57117982199,0.281485474577,1.14511665816,-0.708699124003
0.535359294972,-1.01587877678,-0.464796178729,1.56350991805,0.281485474577,1.14971860052,-0.714451551958
0.525771915048,-1.01204382481,-0.463645693138,1.55622350931,0.281485474577,1.15508753328,-0.71790300873
0.515417544729,-1.00859236803,-0.46211171235,1.54855360537,0.280718484183,1.16275743722,-0.722888446291
0.500461232048,-1.00322343528,-0.460194236366,1.53628175907,0.280718484183,1.17272831234,-0.730174855033
0.485504919366,-0.999388483307,-0.457509769987,1.52285942717,0.28110197938,1.18615064423,-0.735927282988
0.471315597078,-0.992102074565,-0.455592294002,1.50943709528,0.280718484183,1.19995647132,-0.744364177321
0.46096122676,-0.987883627398,-0.45329132282,1.49869922976,0.280718484183,1.20839336566,-0.751650586064
0.450223361244,-0.983281685035,-0.451757342032,1.48911184984,0.28110197938,1.21644676479,-0.758553499609
0.437184524547,-0.976378771489,-0.447922390063,1.47300505157,0.280334988986,1.2279516207,-0.766223403549
0.426830154229,-0.972160324322,-0.447155399669,1.46226718605,0.280334988986,1.23562152464,-0.771592336306
0.412640831941,-0.963723429989,-0.442169962108,1.44539339739,0.279184503395,1.24520890457,-0.776961269064
0.397684519259,-0.955286535656,-0.438335010138,1.42928659911,0.279184503395,1.2536457989,-0.781563211428
0.383878692168,-0.946849641322,-0.432966077381,1.41241281045,0.278801008198,1.25901473166,-0.783097192216
0.373907817047,-0.942247698959,-0.429514620608,1.40052445934,0.278801008198,1.26246618843,-0.7850146682
0.360485485153,-0.933810804625,-0.422995202259,1.38595164185,0.278801008198,1.2666846356,-0.789616610564
0.351281600426,-0.928825367065,-0.420310735881,1.37636426193,0.278417513001,1.26783512119,-0.793068067337
0.336708782941,-0.920771967928,-0.413407822335,1.36140794925,0.278034017804,1.26898560678,-0.799970980882
0.32290295585,-0.912335073595,-0.407655394381,1.34836911255,0.278801008198,1.27013609237,-0.807640884822
0.308330138365,-0.905048664852,-0.401135976032,1.33417979026,0.278417513001,1.27090308276,-0.813393312776
0.293373825683,-0.896995265716,-0.394616557684,1.32305842955,0.278417513001,1.27051958757,-0.819912731125
0.279567998592,-0.88894186658,-0.387713644138,1.31117007845,0.278034017804,1.27128657796,-0.828733120655
0.266145666698,-0.88127196264,-0.381961216183,1.30043221293,0.278417513001,1.27090308276,-0.841004966958
0.253106830001,-0.873985553898,-0.376208788229,1.28969434741,0.276500037016,1.27128657796,-0.85212632767
0.240067993304,-0.867082640352,-0.371606845865,1.2793399771,0.276500037016,1.27128657796,-0.860563222004
0.227029156607,-0.860179726807,-0.366621408305,1.26860211158,0.273815570638,1.27167007316,-0.866699145155
0.216291291092,-0.853276813261,-0.361635970744,1.25863123646,0.271514599456,1.27243706355,-0.871301087519
0.204019444789,-0.845990404519,-0.356650533183,1.24674288535,0.268830133077,1.27397104434,-0.874369049095
0.193281579274,-0.839854481367,-0.354349562002,1.23792249582,0.267296152289,1.27818949151,-0.87628652508
0.183694199349,-0.832184577428,-0.351281600426,1.22603414472,0.266529161895,1.28240793867,-0.879737981852
0.173339829031,-0.824898168685,-0.348980629244,1.21644676479,0.266912657092,1.28816036663,-0.882422448231
0.163752449107,-0.818762245534,-0.346296162865,1.20494190888,0.266145666698,1.29314580419,-0.887024390595
0.152631088395,-0.808791370413,-0.343995191683,1.19113608179,0.266529161895,1.30004871773,-0.895461284928
0.142660213273,-0.799970980882,-0.342077715698,1.17387879793,0.266912657092,1.30733512648,-0.905432160049
0.13422331894,-0.79268457214,-0.340160239714,1.16199044682,0.265762171501,1.31193706884,-0.913102063989
0.125019434213,-0.781563211428,-0.33939324932,1.14550015335,0.266912657092,1.31768949679,-0.921922453519
0.116966035076,-0.771975831503,-0.339009754123,1.13016034547,0.265762171501,1.32152444876,-0.929592357459
0.109679626334,-0.7597039852,-0.338242763729,1.11251956641,0.265378676304,1.32766037191,-0.934961290216
0.102009722394,-0.748199129291,-0.337092278138,1.09411179696,0.266145666698,1.33341279987,-0.937645756595
0.093572828061,-0.734009807003,-0.334791306956,1.07148558034,0.265762171501,1.34300017979,-0.938412746989
0.0847524385307,-0.720587475109,-0.332873830971,1.04885936372,0.264995181107,1.35297105491,-0.938796242186
0.0743980682124,-0.700645724867,-0.329805869395,1.01664576717,0.265378676304,1.36946134838,-0.938796242186
0.066344669076,-0.680320479427,-0.327888393411,0.984048675428,0.263844695516,1.38518465146,-0.939946727777
0.0563737939548,-0.658844748397,-0.32290295585,0.946466146125,0.263844695516,1.40359242092,-0.948000126913
0.0483203948184,-0.646189406897,-0.321368975062,0.921538958322,0.263077705122,1.41356329604,-0.953369059671
0.0414174812729,-0.631233094215,-0.320601984668,0.88894186658,0.260009743547,1.42890310392,-0.953369059671
0.0276116541819,-0.595951536093,-0.320218489471,0.821063216716,0.25962624835,1.48604388826,-0.953752554868
0.0241601974092,-0.590199108139,-0.317917518289,0.810708846397,0.255024305986,1.47568951795,-0.954903040459
0.0191747598486,-0.582912699396,-0.318301013486,0.810708846397,0.261927219531,1.4814419459,-0.955670030853
0.0191747598486,-0.575626290654,-0.318301013486,0.810708846397,0.263077705122,1.4814419459,-0.95605352605
0.0180242742577,-0.567572891518,-0.318301013486,0.809941856003,0.265378676304,1.47990796511,-0.95605352605
0.0180242742577,-0.55836900679,-0.318684508683,0.808791370413,0.268063142683,1.47760699393,-0.956820516444
0.0172572838637,-0.550699102851,-0.318301013486,0.808791370413,0.268830133077,1.47377204196,-0.95605352605
0.0168737886667,-0.543029198911,-0.317534023092,0.808791370413,0.269980618668,1.46801961401,-0.95720401164
0.0161067982728,-0.533441818987,-0.317917518289,0.807257389625,0.268063142683,1.46226718605,-0.963339934792
0.0157233030758,-0.523854439063,-0.317917518289,0.802271952064,0.270364113865,1.45498077731,-0.971009838731
0.0141893222879,-0.513116573548,-0.317150527895,0.794602048125,0.270364113865,1.44922834935,-0.98136420905
0.013038836697,-0.501228222442,-0.317917518289,0.784631173003,0.269980618668,1.44577689258,-1.00360693047
0.0118883511061,-0.486655404957,-0.318301013486,0.769291365125,0.271131104259,1.44500990219,-1.00974285363
0.00997087512126,-0.474000063457,-0.318301013486,0.757019518821,0.271131104259,1.4434759214,-1.00935935843
0.00843689433337,-0.461728217154,-0.317917518289,0.7470486437,0.270747609062,1.44462640699,-1.00935935843
0.00728640874246,-0.451373846835,-0.317917518289,0.742446701337,0.273048580244,1.4430924262,-1.00974285363
0.00498543756063,-0.441402971714,-0.316767032698,0.737844758973,0.27726702741,1.43733999825,-1.00935935843
0.00306796157577,-0.433733067775,-0.317150527895,0.737461263776,0.285320426547,1.42276718076,-1.00974285363
0.00153398078789,-0.426830154229,-0.316767032698,0.737844758973,0.294140816077,1.40972834407,-1.00935935843
0.000766990393943,-0.41916025029,-0.316000042304,0.73822825417,0.301810720016,1.40282543052,-1.00897586323
-0.00153398078789,-0.410723355956,-0.316000042304,0.737461263776,0.307946643168,1.40090795454,-1.01012634882
-0.00306796157577,-0.403053452017,-0.314849556713,0.736310778185,0.31024761435,1.40090795454,-1.00974285363
-0.00460194236366,-0.395767043274,-0.314466061517,0.735543787791,0.310631109547,1.39477203138,-1.01012634882
-0.00421844716668,-0.388864129729,-0.312165090335,0.736694273382,0.311014604744,1.38288368028,-1.01089333922
-0.0053689327576,-0.381961216183,-0.309097128759,0.737844758973,0.310631109547,1.37444678595,-1.01089333922
-0.00613592315154,-0.374674807441,-0.308713633562,0.737844758973,0.31024761435,1.37099532917,-1.02124770953
-0.00575242795457,-0.367388398699,-0.307946643168,0.736310778185,0.31024761435,1.3545050357,-1.04080596458
-0.00690291354548,-0.360485485153,-0.307179652774,0.736694273382,0.31024761435,1.34875260775,-1.04655839253
-0.00728640874246,-0.355883542789,-0.307179652774,0.735927282988,0.30641266238,1.34376717019,-1.05729625805
-0.00766990393943,-0.362019465941,-0.302194215213,0.736694273382,0.308713633562,1.35642251169,-1.05422829647
-0.0080533991364,-0.370072865077,-0.29759227285,0.738611749367,0.307563147971,1.36524290122,-1.05422829647
-0.0080533991364,-0.386563158547,-0.290305864107,0.755869033231,0.296825282456,1.36217493964,-1.06534965719
-0.00843689433337,-0.400368985638,-0.287621397729,0.770058355518,0.290689359304,1.36217493964,-1.06650014278
-0.00766990393943,-0.416859279108,-0.283402950562,0.788082629776,0.281485474577,1.35949047326,-1.06688363797
-0.0080533991364,-0.434500058169,-0.279184503395,0.806490399231,0.275349551425,1.34990309334,-1.06688363797
-0.0080533991364,-0.44830588526,-0.278417513001,0.821063216716,0.271131104259,1.34875260775,-1.06726713317
-0.00766990393943,-0.462878702744,-0.276883532213,0.834102053413,0.266529161895,1.34875260775,-1.06688363797
-0.00728640874246,-0.477068025032,-0.273815570638,0.84714089011,0.257708772365,1.34875260775,-1.06688363797
-0.00728640874246,-0.490490356926,-0.270364113865,0.857111765231,0.247737897243,1.34875260775,-1.06765062837
-0.00613592315154,-0.502378708032,-0.268063142683,0.865165164367,0.235849546137,1.34836911255,-1.06726713317
-0.00613592315154,-0.515034049533,-0.265762171501,0.873218563504,0.227412651804,1.34875260775,-1.06650014278
-0.00498543756063,-0.526922400639,-0.261543724334,0.881655457837,0.212072843925,1.34798561735,-1.06650014278
-0.00421844716668,-0.538043761351,-0.260009743547,0.889325361777,0.202868959198,1.34836911255,-1.06650014278
-0.00191747598486,-0.549165122063,-0.259242753153,0.895461284928,0.19750002644,1.34760212216,-1.06611664758
0.000383495196971,-0.562587453957,-0.259242753153,0.905815655246,0.19251458888,1.34760212216,-1.06650014278
0.0026844663788,-0.576393281048,-0.258475762759,0.917320511155,0.18867963691,1.34798561735,-1.06611664758
0.00383495196971,-0.58751464176,-0.258475762759,0.924606919898,0.185228180137,1.34798561735,-1.06573315238
0.00651941834851,-0.600936973654,-0.258859257956,0.935344785413,0.181776723364,1.34721862696,-1.06573315238
0.0080533991364,-0.610907848775,-0.258092267562,0.940330222974,0.179092256986,1.34798561735,-1.0641991716
0.00997087512126,-0.6204952287,-0.259242753153,0.944932165337,0.179475752183,1.34721862696,-1.06534965719
0.0111213607122,-0.628932123033,-0.258475762759,0.946082650928,0.178708761789,1.34798561735,-1.06534965719
0.0126553415001,-0.635835036579,-0.258475762759,0.94454867014,0.178708761789,1.34836911255,-1.06496616199
0.013422331894,-0.643504940518,-0.259242753153,0.944932165337,0.179092256986,1.34836911255,-1.06534965719
0.0141893222879,-0.651174844457,-0.258859257956,0.945315660534,0.177941771395,1.34913610295,-1.06496616199
0.0141893222879,-0.6584612532,-0.258859257956,0.945315660534,0.177558276198,1.34836911255,-1.06458266679
0.0157233030758,-0.667665137927,-0.259242753153,0.947616631716,0.172572838637,1.34836911255,-1.06458266679
0.0172572838637,-0.678403003442,-0.259242753153,0.950301098095,0.16336895391,1.34875260775,-1.0634321812
0.0180242742577,-0.689907859351,-0.258475762759,0.955286535656,0.153781573986,1.34990309334,-1.0634321812
0.0195582550455,-0.701796210458,-0.258475762759,0.960655468413,0.148029146031,1.35182056932,-1.0638156764
0.0199417502425,-0.711767085579,-0.25962624835,0.964106925186,0.142660213273,1.35565552129,-1.063048686
0.0207087406365,-0.720587475109,-0.259242753153,0.966791391565,0.136524290122,1.35565552129,-1.06228169561
0.0210922358334,-0.729024369443,-0.25962624835,0.968325372353,0.126936910198,1.35603901649,-1.06266519081
0.0226262166213,-0.736310778185,-0.258859257956,0.967174886762,0.116966035076,1.35833998767,-1.063048686
0.0279951493789,-0.742830196534,-0.257708772365,0.967941877156,0.106228169561,1.35105357893,-1.0634321812
0.0226262166213,-0.74206320614,-0.258859257956,0.969092362747,0.105461179167,1.3548885309,-1.06534965719
0.0180242742577,-0.746665148503,-0.257325277168,0.969475857944,0.105844674364,1.37291280516,-1.06650014278
0.0241601974092,-0.751650586064,-0.256558286774,0.969475857944,0.101242732,1.37176231957,-1.08030596987
0.0279951493789,-0.758936994806,-0.257325277168,0.971009838731,0.0908883616822,1.36064095885,-1.09181082578
0.0356650533183,-0.769674860322,-0.257325277168,0.979063237868,0.0763155441973,1.34108270381,-1.09104383538
0.0575242795457,-0.811092341594,-0.265762171501,1.07493703711,0.0433349572578,1.21222831763,-1.0891263594
0.0851359337276,-0.868233125943,-0.288771883319,1.19765550014,0.0448689380456,1.07762150349,-1.06074771482
0.0977912752277,-0.882805943428,-0.300660234426,1.22603414472,0.0441019476517,1.0638156764,-1.03313606064
0.110063121531,-0.895077789731,-0.314466061517,1.25211181811,0.0418009764699,1.05231082049,-1.0128108152
0.146495165243,-0.915403035171,-0.350898105229,1.29851473695,0.0253106830001,1.00782537764,-1.00552440646
0.21015536794,-0.930742843049,-0.420310735881,1.34990309334,0.0161067982728,0.918470996746,-1.00322343528
0.28992236891,-0.929592357459,-0.513116573548,1.38595164185,0.0161067982728,0.877053515473,-0.967558381959
0.326354412623,-0.928441871868,-0.560286482775,1.40244193532,0.013805827091,0.864398173973,-0.964490420383
0.367771893896,-0.933043814231,-0.597485516881,1.42890310392,0.00230097118183,0.837937005382,-0.957587506837
0.371223350668,-0.938029251792,-0.597102021684,1.42736912313,-0.0141893222879,0.862864193186,-0.922305948716
0.371606845865,-0.943014689353,-0.594801050503,1.42813611352,-0.0291456349698,0.888174876186,-0.892393323352
0.380043740199,-0.942247698959,-0.5951845457,1.43810698864,-0.0368155389092,0.850592346882,-0.890092352171
0.384645682562,-0.941480708565,-0.59633503129,1.44692737817,-0.0371990341062,0.807640884822,-0.896228275322
0.392699081699,-0.94339818455,-0.602854449639,1.45919922448,-0.0348980629244,0.762004956382,-0.905815655246
0.426830154229,-0.942631194156,-0.648873873276,1.47799048913,-0.0276116541819,0.744747672518,-0.907349636034
0.448689380456,-0.941097213368,-0.677636013048,1.48335942189,-0.0276116541819,0.73055835023,-0.91041759761
0.46594666432,-0.940330222974,-0.701029220064,1.48872835464,-0.0276116541819,0.710233104791,-0.913102063989
0.492791328108,-0.937645756595,-0.734776797397,1.50138369614,-0.0260776733941,0.675335041867,-0.920004977534
0.605538916018,-0.886640895398,-0.883956429019,1.56504389884,0.053305832379,0.561053473169,-0.933810804625
0.648106882882,-0.850975842079,-0.938029251792,1.58383516349,0.109679626334,0.510815602366,-0.96103896361
0.698344753685,-0.818378750337,-1.00897586323,1.61873322642,0.19750002644,0.420694231078,-1.01396130079
0.719053494321,-0.806873894428,-1.03045159426,1.64672837579,0.237767022122,0.337859268532,-1.04924285891
0.7470486437,-0.788082629776,-1.05806324844,1.68776236187,0.348980629244,0.258092267562,-1.11788849917
0.786932144185,-0.753184566852,-1.09756325373,1.7728982956,0.672650575488,0.0613592315154,-1.34683513176
0.798053504897,-0.758553499609,-1.09833024413,1.79935946419,0.692975820927,-0.00115048559091,-1.3679273676
0.80150496167,-0.762388451579,-1.09679626334,1.80894684411,0.702179705655,-0.040650490879,-1.39093707942
0.803038942458,-0.765456413155,-1.09564577775,1.81469927207,0.712534075973,-0.0720970970306,-1.41701475281
0.804572923246,-0.768907869928,-1.09296131137,1.82045170002,0.736694273382,-0.110446616728,-1.46686912842
0.800354476079,-0.777344764261,-1.08222344585,1.82812160396,0.802271952064,-0.151480602804,-1.56772836522
0.79268457214,-0.791534086549,-1.05269431569,1.84499539263,0.913485559186,-0.234315565349,-1.72572838637
0.785781658594,-0.805723408837,-1.02891761347,1.85803422933,0.969475857944,-0.296825282456,-1.7978254834
0.779645735443,-0.823747683094,-0.997854502519,1.8737575324,1.02048071914,-0.36470393232,-1.85534976295
0.771592336306,-0.844072928534,-0.967558381959,1.8867963691,1.05729625805,-0.423762192653,-1.89254879705
0.760470975594,-0.864398173973,-0.933427309428,1.89676724422,1.088359369,-0.484354433775,-1.92859734557
0.740145730155,-0.887407885792,-0.889708856974,1.90328666257,1.113670052,-0.552233083639,-1.98305366354
0.716752523139,-0.910034102413,-0.842922442943,1.90290316737,1.13667976382,-0.610524353578,-2.04594687584
0.649257368473,-0.956820516444,-0.729024369443,1.8998352058,1.22488365913,-0.67993698423,-2.18899058431
0.62548066626,-0.969859353141,-0.695276792109,1.8994517106,1.25863123646,-0.686456402579,-2.21813621928
0.603621440033,-0.979063237868,-0.663063195563,1.8998352058,1.28279143387,-0.692975820927,-2.24383039748
0.539194246942,-0.995553531338,-0.576393281048,1.89293229225,1.28739337623,-0.769674860322,-2.29330127789
0.500077736851,-0.991718579368,-0.523854439063,1.87299054201,1.28777687143,-0.811859331988,-2.29483525868
0.47361656826,-0.992485569762,-0.497009775275,1.86071869571,1.28777687143,-0.812242827185,-2.31324302813
0.46978161629,-0.995937026535,-0.500844727245,1.86570413327,1.28700988104,-0.810708846397,-2.31132555215
0.467864140305,-0.995937026535,-0.506213660002,1.86800510445,1.28624289064,-0.813009817579,-2.33203429278
0.468247635502,-0.995170036141,-0.515417544729,1.87989345555,1.26093220764,-0.813776807973,-2.32743235042
0.467864140305,-0.99401955055,-0.522703953472,1.89523326343,1.22603414472,-0.82681564467,-2.30710710498
0.467480645108,-0.993636055353,-0.526922400639,1.90827210013,1.19995647132,-0.84330593814,-2.27374302284
0.467097149911,-0.992102074565,-0.530373857411,1.92284491761,1.17196132194,-0.863247688383,-2.2281070944
0.467097149911,-0.988650617792,-0.535742790169,1.93895171589,1.14358267737,-0.884339924216,-2.1774857284
0.465563169123,-0.985199161019,-0.540344732533,1.95314103818,1.11827199437,-0.898912741701,-2.14105368469
0.464796178729,-0.983281685035,-0.546864150881,1.96464589408,1.09833024413,-0.907733131231,-2.11727698248
0.462495207547,-0.979830228262,-0.554917550018,1.97768473078,1.06956810435,-0.917704006352,-2.08736435712
0.460194236366,-0.976378771489,-0.562970949154,1.98995657708,1.04118945978,-0.925373910292,-2.05745173175
0.457509769987,-0.97369430511,-0.57102434829,2.00299541378,1.01396130079,-0.931509833443,-2.0263886208
0.454825303608,-0.971009838731,-0.580611728215,2.0137332793,0.987116637004,-0.934961290216,-1.99954395701
0.451757342032,-0.96870886755,-0.588665127351,2.02523813521,0.959121487625,-0.936878766201,-1.97384977881
0.44830588526,-0.967558381959,-0.595568040897,2.03367502954,0.939946727777,-0.93956323258,-1.95429152377
0.445237923684,-0.965640905974,-0.602470954442,2.04594687584,0.914636044777,-0.944932165337,-1.92859734557
0.441019476517,-0.964490420383,-0.609757363184,2.05553425577,0.890092352171,-0.951451583686,-1.90290316737
0.433733067775,-0.962956439595,-0.61666027673,2.06818959727,0.857878755625,-0.961805954004,-1.87145656122
0.425679668638,-0.959888478019,-0.621645714291,2.08046144357,0.820679721519,-0.974077800307,-1.83962645987
0.414941803123,-0.95720401164,-0.626247656654,2.09311678507,0.783480687412,-0.987116637004,-1.80741286333
0.405354423199,-0.954519545262,-0.62931561823,2.10117018421,0.754335052443,-0.999388483307,-1.77980120914
0.393082576896,-0.951835078883,-0.632000084609,2.10884008815,0.729024369443,-1.0135778056,-1.75218955496
0.380427235396,-0.949917602898,-0.632383579806,2.11650999208,0.70524766723,-1.02776712788,-1.72687887196
0.367004903502,-0.947233136519,-0.631616589412,2.12226242004,0.685305916988,-1.04042246938,-1.70617013133
0.356650533183,-0.945699155731,-0.632767075003,2.12648086721,0.673034070685,-1.04962635411,-1.69389828502
0.344762182077,-0.94454867014,-0.632000084609,2.13031581918,0.663063195563,-1.05883023884,-1.68507789549
0.333640821365,-0.942631194156,-0.632767075003,2.13261679036,0.65462630123,-1.06573315238,-1.67894197234
0.322135965456,-0.941097213368,-0.632383579806,2.13376727595,0.648106882882,-1.07110208514,-1.67587401076
0.309480623956,-0.941097213368,-0.632383579806,2.13491776154,0.64197095973,-1.0757040275,-1.67434002998
0.297208777653,-0.940330222974,-0.632383579806,2.13606824713,0.634301055791,-1.0768545131,-1.67242255399
0.284169940956,-0.941097213368,-0.632383579806,2.13606824713,0.623563190275,-1.07762150349,-1.6712720684
0.271514599456,-0.941097213368,-0.632383579806,2.13568475193,0.610524353578,-1.0768545131,-1.66590313564
0.261160229137,-0.941480708565,-0.632383579806,2.13530125674,0.60400493523,-1.0764710179,-1.66168468848
0.248504887637,-0.941864203762,-0.631616589412,2.13530125674,0.589432117745,-1.0764710179,-1.65133031816
0.235849546137,-0.941864203762,-0.632767075003,2.13606824713,0.57102434829,-1.07800499869,-1.64020895745
0.220509738259,-0.942247698959,-0.632383579806,2.13453426634,0.549932112457,-1.07800499869,-1.62601963516
0.20516993038,-0.942247698959,-0.632383579806,2.13530125674,0.527689391033,-1.07762150349,-1.61221380807
0.189830122501,-0.941864203762,-0.632767075003,2.13453426634,0.50391268882,-1.07800499869,-1.59802448578
0.174106819425,-0.941480708565,-0.632383579806,2.13415077115,0.479368996214,-1.07762150349,-1.58575263948
0.159150506743,-0.941097213368,-0.631616589412,2.13376727595,0.457509769987,-1.07800499869,-1.57386428837
0.14304370847,-0.941097213368,-0.631616589412,2.13184979996,0.43680102935,-1.07723800829,-1.56350991805
0.128854386182,-0.941097213368,-0.631616589412,2.13184979996,0.418009764699,-1.07800499869,-1.55660700451
0.118500015864,-0.941097213368,-0.631616589412,2.13146630477,0.409189375168,-1.07723800829,-1.55200506214
0.105461179167,-0.940713718171,-0.632383579806,2.12916533358,0.393082576896,-1.07762150349,-1.54701962458
0.0912718568792,-0.941097213368,-0.632383579806,2.1276313528,0.375825293032,-1.07800499869,-1.54203418702
0.0766990393943,-0.940713718171,-0.631616589412,2.12571387681,0.362402961138,-1.07723800829,-1.53896622545
0.066728164273,-0.941480708565,-0.631616589412,2.12302941043,0.354349562002,-1.0768545131,-1.53743224466
0.054072822773,-0.940713718171,-0.631233094215,2.12034494405,0.340543734911,-1.07762150349,-1.53513127348
0.0418009764699,-0.941480708565,-0.632000084609,2.11842746807,0.327121403017,-1.07762150349,-1.5324468071
0.0279951493789,-0.940713718171,-0.631233094215,2.1145925161,0.31523305191,-1.0768545131,-1.52861185513
0.0161067982728,-0.940713718171,-0.629699113427,2.11267504012,0.307563147971,-1.0760875227,-1.52362641757
0.00460194236366,-0.939946727777,-0.628932123033,2.10922358334,0.299893244032,-1.0764710179,-1.51634000882
-0.00690291354548,-0.940330222974,-0.628165132639,2.10653911696,0.292990330486,-1.0768545131,-1.50867010489
-0.0176407790607,-0.939946727777,-0.628165132639,2.10347115539,0.287237902532,-1.0764710179,-1.50176719134
-0.0279951493789,-0.93956323258,-0.627014647048,2.10117018421,0.279951493789,-1.0768545131,-1.49678175378
-0.0387330148941,-0.938796242186,-0.626631151851,2.09886921302,0.273432075441,-1.0760875227,-1.49294680181
-0.0517718515911,-0.939179737383,-0.624713675866,2.09465076586,0.266145666698,-1.0768545131,-1.48834485945
-0.0648106882882,-0.938412746989,-0.623179695078,2.09158280428,0.258092267562,-1.0764710179,-1.48335942189
-0.0770825345912,-0.937645756595,-0.619728238306,2.08851484271,0.250422363622,-1.07493703711,-1.47492252755
-0.0893543808943,-0.936878766201,-0.617810762321,2.08544688113,0.243519450077,-1.07301956113,-1.46495165243
-0.100475741606,-0.936495271004,-0.615893286336,2.08276241475,0.237000031728,-1.07225257073,-1.45229631093
-0.111597102319,-0.934961290216,-0.613208819957,2.07931095798,0.230864108577,-1.07148558034,-1.44155844542
-0.123101958228,-0.933043814231,-0.611291343972,2.0766264916,0.226262166213,-1.06995159955,-1.43388854148
-0.133839823743,-0.930742843049,-0.608606877594,2.07355853002,0.223577699834,-1.06956810435,-1.42813611352
-0.144194194061,-0.928058376671,-0.607072896806,2.06972357805,0.222043719046,-1.06918460916,-1.42506815195
-0.153781573986,-0.923839929504,-0.605155420821,2.06627212128,0.222043719046,-1.06918460916,-1.42315067596
-0.162218468319,-0.921538958322,-0.603621440033,2.0635876549,0.221660223849,-1.06765062837,-1.42315067596
-0.172572838637,-0.91923798714,-0.601703964048,2.06013619813,0.221276728652,-1.06534965719,-1.42276718076
-0.184077694546,-0.916170025565,-0.598252507275,2.05630124616,0.221660223849,-1.06496616199,-1.41969921919
-0.197116531243,-0.911951578398,-0.5951845457,2.0509323134,0.220893233455,-1.06266519081,-1.41126232485
-0.209771872743,-0.908500121625,-0.590966098533,2.04402939986,0.218208767077,-1.05959722923,-1.40282543052
-0.219742747865,-0.905048664852,-0.589048622548,2.03942745749,0.213606824713,-1.05729625805,-1.39822348816
-0.232398089365,-0.900446722489,-0.586747651366,2.03329153434,0.204402939986,-1.05652926766,-1.39400504099
-0.246587411653,-0.894694294534,-0.582912699396,2.0263886208,0.186378665728,-1.05537878207,-1.38671863225
-0.261160229137,-0.88894186658,-0.579844737821,2.01833522166,0.164902934698,-1.05537878207,-1.37252930996
-0.27726702741,-0.882038953034,-0.574475805063,2.00989832733,0.136907785319,-1.05576227726,-1.34568464617
-0.292990330486,-0.876670020277,-0.572174833881,2.00376240418,0.115432054288,-1.05767975325,-1.32344192475
-0.307946643168,-0.869383611534,-0.567572891518,1.99570900504,0.093572828061,-1.05806324844,-1.30925260246
-0.321752470259,-0.865165164367,-0.562587453957,1.99110706268,0.0816844769549,-1.05806324844,-1.30350017451
-0.335941792547,-0.861330212398,-0.554150559624,1.98612162511,0.0820679721519,-1.05844674364,-1.30350017451
-0.349747619638,-0.85979623161,-0.547247646078,1.98228667314,0.0790000105761,-1.06113121002,-1.3038836697
-0.366237913108,-0.856728270034,-0.539961237336,1.97768473078,0.0763155441973,-1.07340305632,-1.3042671649
-0.376208788229,-0.854810794049,-0.538427256548,1.9750002644,0.0736310778185,-1.08644189302,-1.3038836697
-0.383495196971,-0.852893318064,-0.539194246942,1.97346628361,0.0732475826215,-1.09487878735,-1.30503415529
-0.385029177759,-0.85212632767,-0.538043761351,1.97806822598,0.066344669076,-1.08605839782,-1.30656813608
-0.38617966335,-0.848674870898,-0.538043761351,1.98305366354,0.0655776786821,-1.08414092184,-1.30656813608
-0.392315586502,-0.848674870898,-0.538810751745,1.98267016834,0.0694126306518,-1.08414092184,-1.30695163128
-0.394616557684,-0.84330593814,-0.538810751745,1.98267016834,0.0690291354548,-1.07340305632,-1.31577202081
-0.396534033668,-0.831417587034,-0.539194246942,1.98075269236,0.0717136018336,-1.07992247467,-1.31500503041
-0.396534033668,-0.8103253512,-0.538810751745,1.97231579802,0.0717136018336,-1.10369917688,-1.30963609766
-0.396917528865,-0.794985543322,-0.538427256548,1.96656337007,0.0717136018336,-1.113670052,-1.28394191946
-0.397684519259,-0.783097192216,-0.538427256548,1.96426239889,0.0720970970306,-1.11712150878,-1.26016521725
-0.398068014456,-0.771975831503,-0.538043761351,1.96502938928,0.0713301066367,-1.12402442232,-1.25709725567
-0.397684519259,-0.753568062049,-0.53689327576,1.96349540849,0.0732475826215,-1.15048559091,-1.25633026528
-0.398451509653,-0.736310778185,-0.536509780563,1.96349540849,0.0885873905004,-1.17464578832,-1.25556327488
-0.398451509653,-0.723271941488,-0.536126285366,1.9627284181,0.0970242848338,-1.18500015864,-1.24712638055
-0.39883500485,-0.710233104791,-0.536509780563,1.95697599014,0.0981747704247,-1.18653413943,-1.23715550543
-0.398068014456,-0.698344753685,-0.535359294972,1.94662161983,0.0974077800307,-1.18730112982,-1.23715550543
-0.404587432805,-0.691825335336,-0.523087448669,1.94317016305,0.103927198379,-1.18576714904,-1.23715550543
-0.41916025029,-0.690674849745,-0.497776765669,1.94086919187,0.110063121531,-1.18615064423,-1.23753900063
-0.427597144623,-0.686456402579,-0.483203948184,1.94086919187,0.115048559091,-1.18576714904,-1.23868948622
-0.432582582184,-0.679553489033,-0.474767053851,1.93971870628,0.119650501455,-1.18615064423,-1.23907298141
-0.438335010138,-0.669966109109,-0.470165111487,1.93243229754,0.118883511061,-1.18500015864,-1.23983997181
-0.441786466911,-0.657694262806,-0.465563169123,1.91824297525,0.120033996652,-1.18154870187,-1.23983997181
-0.447155399669,-0.655393291624,-0.459810741169,1.91095656651,0.118116520667,-1.16160695163,-1.23983997181
-0.44830588526,-0.655009796427,-0.454058313214,1.90443714816,0.118883511061,-1.13284481185,-1.2409904574
-0.449072875653,-0.643504940518,-0.452140837229,1.89216530186,0.11773302547,-1.12785937429,-1.2413739526
-0.452907827623,-0.634301055791,-0.450223361244,1.88871384508,0.118116520667,-1.1267088887,-1.24214094299
-0.459810741169,-0.632000084609,-0.441786466911,1.88487889311,0.11773302547,-1.11328655681,-1.24175744779
-0.464029188335,-0.632383579806,-0.436034038956,1.87222355161,0.116966035076,-1.08414092184,-1.24904385654
-0.466713654714,-0.632383579806,-0.429514620608,1.86301966689,0.116966035076,-1.05614577246,-1.24942735173
-0.471315597078,-0.632767075003,-0.421461221472,1.85381578216,0.115815549485,-1.02700013749,-1.24981084693
-0.477068025032,-0.635068046185,-0.417242774305,1.84307791664,0.109296131137,-0.992102074565,-1.24866036134
-0.487422395351,-0.655393291624,-0.416092288714,1.83464102231,0.0544563179699,-0.936878766201,-1.24904385654
-0.496242784881,-0.684155431397,-0.416092288714,1.8231361664,-0.0026844663788,-0.845606909322,-1.24175744779
-0.500461232048,-0.696043782503,-0.416475783911,1.80549538734,-0.0352815581214,-0.786165153791,-1.23830599102
-0.502762203229,-0.70026222967,-0.41532529832,1.79437402663,-0.0517718515911,-0.7723593267,-1.23792249582
-0.511199097563,-0.698728248882,-0.407655394381,1.78862159867,-0.0563737939548,-0.751650586064,-1.2160632696
-0.517335020714,-0.700645724867,-0.401519471229,1.76983033402,-0.0625097171063,-0.712150580776,-1.21644676479
-0.51656803032,-0.704480676836,-0.399601995244,1.75334004055,-0.0728640874246,-0.67495154667,-1.2160632696
-0.517335020714,-0.71790300873,-0.399985490441,1.74183518464,-0.0832184577428,-0.627398142245,-1.2160632696
-0.520786477487,-0.73822825417,-0.39883500485,1.73109731913,-0.101242732,-0.557218521199,-1.22066521196
-0.52040298229,-0.737461263776,-0.399218500047,1.73071382393,-0.102009722394,-0.557985511593,-1.22143220235
-0.519252496699,-0.7343933022,-0.398451509653,1.7353157663,-0.103160207985,-0.555301045215,-1.22104870716
-0.519252496699,-0.744364177321,-0.398451509653,1.75257305016,-0.102776712788,-0.55836900679,-1.22104870716
-0.518869001502,-0.758553499609,-0.398451509653,1.76906334363,-0.102776712788,-0.559519492381,-1.22181569755
-0.517335020714,-0.773126317094,-0.398451509653,1.78440315151,-0.103543703182,-0.559519492381,-1.22680113511
-0.514650554336,-0.786165153791,-0.396150538471,1.7982089786,-0.102776712788,-0.559135997184,-1.23830599102
-0.513883563942,-0.801121466473,-0.394616557684,1.81431577687,-0.102393217591,-0.559519492381,-1.24674288535
-0.51158259276,-0.813776807973,-0.39384956729,1.83080607034,-0.102776712788,-0.559135997184,-1.24789337094
-0.509665116775,-0.826432149473,-0.39384956729,1.84959733499,-0.102393217591,-0.559902987578,-1.24789337094
-0.50774764079,-0.837553510185,-0.393082576896,1.86647112366,-0.102009722394,-0.559519492381,-1.24750987575
-0.50774764079,-0.849825356489,-0.393082576896,1.88296141713,-0.102393217591,-0.559902987578,-1.24750987575
-0.504679679214,-0.863631183579,-0.393466072093,1.90021870099,-0.101242732,-0.564121434745,-1.24789337094
-0.503529193623,-0.875903029883,-0.393082576896,1.91862647045,-0.101626227197,-0.579077747427,-1.24827686614
-0.502378708032,-0.887407885792,-0.393466072093,1.93473326872,-0.102009722394,-0.59633503129,-1.24981084693
-0.500844727245,-0.900063227292,-0.393466072093,1.95199055258,-0.102009722394,-0.610524353578,-1.24750987575
-0.496626280078,-0.911184588004,-0.393082576896,1.96617987487,-0.102009722394,-0.610907848775,-1.24827686614
-0.492024337714,-0.923839929504,-0.393466072093,1.98036919716,-0.101242732,-0.609757363184,-1.24789337094
-0.486655404957,-0.935344785413,-0.393466072093,1.99187405307,-0.10009224641,-0.609757363184,-1.24827686614
-0.480519481805,-0.946466146125,-0.393466072093,2.00683036575,-0.093956323258,-0.610907848775,-1.24827686614
-0.475534044244,-0.959504982822,-0.393466072093,2.02255366883,-0.0897378760913,-0.611674839169,-1.24866036134
-0.469398121093,-0.970626343534,-0.394616557684,2.03750998151,-0.0889708856974,-0.610907848775,-1.24904385654
-0.464029188335,-0.982131199444,-0.39384956729,2.05246629419,-0.0878204001064,-0.610907848775,-1.25671376048
-0.459427245972,-0.994786540944,-0.394233062487,2.06627212128,-0.0847524385307,-0.610524353578,-1.26054871244
-0.452907827623,-1.00552440646,-0.39500005288,2.07931095798,-0.0778495249852,-0.610524353578,-1.26131570284
-0.446388409275,-1.01702926237,-0.394616557684,2.09196629948,-0.0694126306518,-0.609373867987,-1.26016521725
-0.438335010138,-1.02776712788,-0.394616557684,2.1019371746,-0.0613592315154,-0.600553478457,-1.25939822685
-0.429131125411,-1.03927198379,-0.394233062487,2.10538863137,-0.0517718515911,-0.578310757033,-1.25939822685
-0.416092288714,-1.05844674364,-0.394233062487,2.1019371746,-0.040266995682,-0.515801039926,-1.25824774126
-0.40650490879,-1.07723800829,-0.393082576896,2.09503426105,-0.0333640821365,-0.454825303608,-1.25824774126
-0.396534033668,-1.09334480657,-0.39384956729,2.08506338593,-0.0310631109547,-0.395767043274,-1.25863123646
-0.389247624926,-1.10753412885,-0.39384956729,2.07240804443,-0.0318301013486,-0.33939324932,-1.25824774126
-0.38119422579,-1.11827199437,-0.391548596108,2.06013619813,-0.0318301013486,-0.294907806471,-1.25824774126
-0.372757331456,-1.1263253935,-0.390398110517,2.04824784702,-0.0310631109547,-0.252723334804,-1.25863123646
-0.365087427517,-1.13207782146,-0.388097139335,2.0390439623,-0.0310631109547,-0.217441776683,-1.25786424607
-0.357417523577,-1.13744675422,-0.386563158547,2.02984007757,-0.0306796157577,-0.183694199349,-1.25671376048
-0.350131114835,-1.14243219178,-0.382728206577,2.02025269765,-0.0295291301668,-0.150330117213,-1.25594677008
-0.343611696486,-1.14626714375,-0.378893254608,2.01066531772,-0.0295291301668,-0.119650501455,-1.24942735173
-0.337092278138,-1.15010209572,-0.376208788229,2.00337890898,-0.0302961205607,-0.0974077800307,-1.24252443819
-0.332106840577,-1.1527865621,-0.372373836259,1.99455851945,-0.0295291301668,-0.0701796210458,-1.23485453425
-0.327504898214,-1.15623801887,-0.368922379486,1.9876556059,-0.0299126253638,-0.0513883563942,-1.23217006787
-0.323286451047,-1.15968947564,-0.365087427517,1.98036919716,-0.0299126253638,-0.0333640821365,-1.2287186111
-0.319451499077,-1.16275743722,-0.361252475547,1.97308278842,-0.0302961205607,-0.013422331894,-1.22910210629
-0.315616547107,-1.16582539879,-0.354733057199,1.96502938928,-0.0291456349698,0.0141893222879,-1.2283351159
-0.311014604744,-1.16966035076,-0.349747619638,1.95659249495,-0.0287621397729,0.0387330148941,-1.22718463031
-0.306796157577,-1.17311180754,-0.343228201289,1.94585462943,-0.0283786445759,0.0717136018336,-1.22641763991
-0.302194215213,-1.17541277872,-0.33939324932,1.9370342399,-0.0283786445759,0.101626227197,-1.22488365913
-0.298359263244,-1.1777137499,-0.335174802153,1.92783035517,-0.0256941781971,0.132689338152,-1.21951472637
-0.292606835289,-1.18039821628,-0.330189364592,1.91440802328,-0.0214757310304,0.180242742577,-1.21107783204
-0.287237902532,-1.18231569226,-0.325970917426,1.8994517106,-0.0157233030758,0.228563137395,-1.20417491849
-0.283019455365,-1.18231569226,-0.322519460653,1.88794685469,-0.0115048559091,0.265762171501,-1.20187394731
-0.278417513001,-1.18231569226,-0.319451499077,1.87567500839,-0.00613592315154,0.30257771041,-1.20110695691
-0.273432075441,-1.18269918746,-0.316767032698,1.86378665728,-0.000383495196971,0.336325287744,-1.20149045211
-0.26844663788,-1.18154870187,-0.31408256632,1.85189830617,0.00575242795457,0.366621408305,-1.20110695691
-0.262310714728,-1.18193219707,-0.311398099941,1.84039345027,0.0107378655152,0.394233062487,-1.20187394731
-0.257325277168,-1.18193219707,-0.308330138365,1.82927208955,0.0153398078789,0.419543745487,-1.20187394731
-0.251572849213,-1.18193219707,-0.305262176789,1.82006820483,0.0203252454395,0.444087438093,-1.20149045211
-0.245820421259,-1.18116520667,-0.302961205607,1.8112478153,0.0253106830001,0.466330159517,-1.20149045211
-0.240067993304,-1.18116520667,-0.301043729623,1.80549538734,0.0276116541819,0.480902977002,-1.20110695691
-0.232014594168,-1.18193219707,-0.299509748835,1.7974419882,0.0318301013486,0.501228222442,-1.20110695691
-0.224728185425,-1.18116520667,-0.298742758441,1.79015557946,0.0348980629244,0.520786477487,-1.20110695691
-0.217441776683,-1.18116520667,-0.299126253638,1.78325266592,0.0375825293032,0.537660266154,-1.20110695691
-0.207854396758,-1.18154870187,-0.299126253638,1.77788373316,0.039883500485,0.55338356923,-1.20072346172
-0.198267016834,-1.18039821628,-0.298742758441,1.7728982956,0.0429514620608,0.567572891518,-1.20149045211
-0.189063132107,-1.17963122588,-0.298359263244,1.76791285804,0.0456359284396,0.581762213806,-1.19995647132
-0.180242742577,-1.17963122588,-0.298742758441,1.76254392528,0.0483203948184,0.597869012078,-1.19880598573
-0.17218934344,-1.18001472108,-0.298742758441,1.75832547811,0.0498543756063,0.614742800745,-1.19918948093
-0.162985458713,-1.17924773069,-0.298742758441,1.75410703095,0.0521553467881,0.632000084609,-1.19842249054
-0.153781573986,-1.17963122588,-0.298742758441,1.75027207898,0.053305832379,0.651558339654,-1.19343705297
-0.144961184455,-1.18001472108,-0.299126253638,1.74643712701,0.0567572891518,0.673034070685,-1.18730112982
-0.138441766107,-1.17963122588,-0.299126253638,1.74336916543,0.0590582603336,0.686072907382,-1.18116520667
-0.131922347758,-1.17924773069,-0.299893244032,1.74221867984,0.0605922411215,0.700645724867,-1.17387879793
-0.124635939016,-1.18039821628,-0.299509748835,1.73915071827,0.0621262219094,0.717136018336,-1.16620889399
-0.118500015864,-1.17963122588,-0.299126253638,1.73646625189,0.0640436978942,0.732859321412,-1.15547102847
-0.110830111925,-1.18039821628,-0.299509748835,1.7345487759,0.066728164273,0.748582624488,-1.14818461973
-0.104310693576,-1.18001472108,-0.299126253638,1.73186430952,0.0682621450609,0.764689422761,-1.14089821099
-0.0977912752277,-1.17963122588,-0.299509748835,1.73071382393,0.0694126306518,0.780796221034,-1.13476228784
-0.0901213712883,-1.17963122588,-0.298742758441,1.72802935755,0.0713301066367,0.797286514503,-1.12939335508
-0.0832184577428,-1.17848074029,-0.299509748835,1.72726236716,0.0717136018336,0.810708846397,-1.12479141272
-0.0751650586064,-1.17848074029,-0.298742758441,1.72534489117,0.0724805922276,0.823747683094,-1.12018947035
-0.0678786498639,-1.17694675951,-0.299126253638,1.72419440558,0.0732475826215,0.836403024595,-1.11673801358
-0.0605922411215,-1.17579627391,-0.299126253638,1.72342741519,0.0747815634094,0.846373899716,-1.113670052
-0.052922337182,-1.17579627391,-0.299126253638,1.72304391999,0.0747815634094,0.856344774837,-1.11021859523
-0.0437184524547,-1.17541277872,-0.298742758441,1.72342741519,0.0759320490003,0.865932154761,-1.10600014807
-0.0356650533183,-1.17426229313,-0.299126253638,1.7222769296,0.0778495249852,0.873602058701,-1.09948072972
-0.026461168591,-1.17311180754,-0.299126253638,1.7222769296,0.0786165153791,0.878970991458,-1.09334480657
-0.0184077694546,-1.17311180754,-0.299126253638,1.7226604248,0.0793835057731,0.885490409807,-1.088359369
-0.00920388472731,-1.17157782675,-0.298742758441,1.7222769296,0.080533991364,0.889325361777,-1.08299043625
0.000766990393943,-1.17042734116,-0.298742758441,1.7215099392,0.0816844769549,0.895077789731,-1.0768545131
0.0107378655152,-1.16966035076,-0.298742758441,1.7222769296,0.0832184577428,0.898912741701,-1.07225257073
0.0207087406365,-1.16812636997,-0.299126253638,1.7222769296,0.0843689433337,0.902364198474,-1.06650014278
0.0310631109547,-1.16697588438,-0.298742758441,1.72074294881,0.0855194289246,0.90658264564,-1.063048686
0.0414174812729,-1.16659238919,-0.299126253638,1.72074294881,0.0866699145155,0.909267112019,-1.05883023884
0.052922337182,-1.1646749132,-0.298742758441,1.72035945361,0.0889708856974,0.912718568792,-1.05576227726
0.0640436978942,-1.16314093241,-0.298742758441,1.71959246322,0.0901213712883,0.916170025565,-1.05307781088
0.0743980682124,-1.16199044682,-0.299126253638,1.71882547283,0.0924223424701,0.91923798714,-1.05000984931
0.0859029241216,-1.15968947564,-0.299126253638,1.71767498723,0.093956323258,0.921538958322,-1.04770887813
0.0985582656216,-1.15815549485,-0.299509748835,1.71652450164,0.0966407896368,0.924223424701,-1.04464091655
0.109296131137,-1.15585452367,-0.298742758441,1.71614100645,0.0981747704247,0.925757405489,-1.04042246938
0.120800987046,-1.15432054288,-0.298359263244,1.71384003526,0.100859236803,0.927291386277,-1.03543703182
0.133456328546,-1.15086908611,-0.298742758441,1.71307304487,0.103543703182,0.928825367065,-1.03083508946
0.144961184455,-1.14933510532,-0.299126253638,1.71192255928,0.106228169561,0.930742843049,-1.02661664229
0.158000021152,-1.14665063894,-0.298359263244,1.71038857849,0.109679626334,0.932276823837,-1.02201469993
0.169888372258,-1.14358267737,-0.298742758441,1.7096215881,0.11274758791,0.933427309428,-1.01817974796
0.182927208955,-1.14128170619,-0.299126253638,1.70847110251,0.116199044682,0.935344785413,-1.01434479599
0.194815560061,-1.13744675422,-0.298742758441,1.70770411211,0.119267006258,0.936495271004,-1.01166032961
0.206703911168,-1.13476228784,-0.299126253638,1.70578663613,0.123485453425,0.938412746989,-1.01012634882
0.218592262274,-1.13246131666,-0.297975768047,1.70501964573,0.128087395788,0.93956323258,-1.00859236803
0.232781584562,-1.12785937429,-0.298742758441,1.70386916014,0.131922347758,0.941480708565,-1.00897586323
0.243902945274,-1.12402442232,-0.298742758441,1.70310216975,0.136524290122,0.943781679747,-1.00667489205
0.255024305986,-1.12172345114,-0.298742758441,1.70003420817,0.141893222879,0.94454867014,-1.00590790166
0.267296152289,-1.11865548957,-0.298742758441,1.69888372258,0.146495165243,0.946082650928,-1.00629139685
0.279184503395,-1.11597102319,-0.299126253638,1.69581576101,0.151480602804,0.946849641322,-1.00629139685
0.290305864107,-1.11290306161,-0.299126253638,1.69351478983,0.15569904997,0.94838362211,-1.00552440646
0.300276739229,-1.11060209043,-0.299509748835,1.69198080904,0.160684487531,0.949534107701,-1.00514091126
0.31024761435,-1.10791762405,-0.299126253638,1.68891284746,0.164902934698,0.949917602898,-1.00322343528
0.320985479865,-1.10638364326,-0.299509748835,1.68661187628,0.169121381864,0.951068088489,-1.0001554737
0.331339850183,-1.10408267208,-0.298742758441,1.6843109051,0.174490314622,0.951451583686,-0.993636055353
0.341310725305,-1.10293218649,-0.299509748835,1.68200993392,0.177174781001,0.951451583686,-0.985582656216
0.35204859082,-1.10024772011,-0.298742758441,1.67894197234,0.181393228167,0.952602069277,-0.974844790701
0.362019465941,-1.09871373932,-0.298359263244,1.67817498195,0.184461189743,0.952985564474,-0.963723429989
0.372373836259,-1.09717975854,-0.298742758441,1.67664100116,0.187145656122,0.954136050065,-0.950301098095
0.381577720986,-1.09641276814,-0.299126253638,1.67395653478,0.189063132107,0.956437021247,-0.936878766201
0.391932091305,-1.09449529216,-0.298359263244,1.6712720684,0.190213617698,0.958354497231,-0.921538958322
0.402286461623,-1.09334480657,-0.298359263244,1.66935459242,0.191747598486,0.961805954004,-0.906199150443
0.41149034635,-1.09219432097,-0.299509748835,1.66590313564,0.19251458888,0.966024401171,-0.890859342564
0.422228211865,-1.09104383538,-0.299893244032,1.66398565966,0.192898084077,0.969475857944,-0.87628652508
0.431432096593,-1.0887428642,-0.299126253638,1.66168468848,0.193281579274,0.974077800307,-0.860946717201
0.441786466911,-1.08759237861,-0.298742758441,1.6590002221,0.192131093683,0.979830228262,-0.846757394913
0.452524332426,-1.08605839782,-0.298359263244,1.65631575572,0.193281579274,0.98634964661,-0.829500111049
0.463645693138,-1.08375742664,-0.298359263244,1.65324779414,0.192131093683,0.992869064959,-0.813776807973
0.47361656826,-1.08260694105,-0.298359263244,1.64864585178,0.193281579274,0.99900498811,-0.795752533716
0.483587443381,-1.07992247467,-0.298742758441,1.6455778902,0.19251458888,1.00820887284,-0.778495249852
0.495859289684,-1.07877198908,-0.299509748835,1.64097594784,0.193281579274,1.01434479599,-0.758936994806
0.505830164805,-1.0764710179,-0.299126253638,1.63637400548,0.193665074471,1.02239819513,-0.73822825417
0.516184535123,-1.07340305632,-0.298742758441,1.63253905351,0.192131093683,1.02891761347,-0.717136018336
0.527305895836,-1.07033509475,-0.298742758441,1.62678662555,0.194432064864,1.037738003,-0.697577763291
0.538427256548,-1.06803412357,-0.298359263244,1.62218468319,0.194048569668,1.04579140214,-0.676869022654
0.549165122063,-1.06611664758,-0.297975768047,1.61681575043,0.193665074471,1.05422829647,-0.660378729185
0.559519492381,-1.06266519081,-0.29759227285,1.61144681767,0.193665074471,1.06036421963,-0.645422416503
0.570640853093,-1.05998072443,-0.297208777653,1.60569438972,0.194048569668,1.06688363797,-0.6331505702
0.583296194593,-1.05767975325,-0.298359263244,1.60109244736,0.193665074471,1.07378655152,-0.620878723897
0.594034060109,-1.05652926766,-0.297208777653,1.5957235146,0.192898084077,1.08068946507,-0.610907848775
0.604388430427,-1.05422829647,-0.298359263244,1.59073807704,0.191747598486,1.08452441703,-0.600936973654
0.615126295942,-1.05192732529,-0.299126253638,1.58690312507,0.19251458888,1.08797587381,-0.592116584124
0.624713675866,-1.0503933445,-0.299893244032,1.5823011827,0.192131093683,1.09027684499,-0.581762213806
0.634684550988,-1.04885936372,-0.299126253638,1.57808273554,0.193281579274,1.09142733058,-0.569873862699
0.644271930912,-1.04847586852,-0.300276739229,1.57463127876,0.192898084077,1.09104383538,-0.55836900679
0.652325330048,-1.04617489734,-0.298742758441,1.5704128316,0.193665074471,1.09181082578,-0.548014636472
0.665364166745,-1.04387392616,-0.299126253638,1.56657787963,0.193665074471,1.09142733058,-0.531140847805
0.674184556276,-1.04310693576,-0.298742758441,1.56466040364,0.193665074471,1.09066034019,-0.521553467881
0.685305916988,-1.04042246938,-0.299126253638,1.56159244207,0.19251458888,1.09219432097,-0.509665116775
0.696810772897,-1.0381214982,-0.299509748835,1.55929147089,0.193281579274,1.09449529216,-0.498160260866
0.706014657624,-1.03658751741,-0.298742758441,1.5573739949,0.193281579274,1.09602927294,-0.487038900154
0.714835047155,-1.03505353663,-0.299126253638,1.55660700451,0.192898084077,1.09794674893,-0.474767053851
0.723655436685,-1.03313606064,-0.298742758441,1.55622350931,0.194815560061,1.09794674893,-0.464796178729
0.731708835821,-1.03083508946,-0.298742758441,1.5569904997,0.194432064864,1.09833024413,-0.455975789199
0.740912720549,-1.0258496519,-0.297975768047,1.55660700451,0.197883521637,1.09833024413,-0.445237923684
0.748582624488,-1.02201469993,-0.298359263244,1.55660700451,0.199800997622,1.09948072972,-0.438335010138
0.757019518821,-1.01702926237,-0.298742758441,1.5569904997,0.204402939986,1.09833024413,-0.429898115805
0.763155441973,-1.01127683441,-0.297975768047,1.55622350931,0.208237891955,1.09794674893,-0.423378697456
0.769291365125,-1.00514091126,-0.298742758441,1.55584001411,0.213223329516,1.09679626334,-0.418776755093
0.775427288276,-0.999771978504,-0.298742758441,1.55584001411,0.219742747865,1.09411179696,-0.412257336744
0.781563211428,-0.992102074565,-0.298742758441,1.55545651892,0.230097118183,1.0891263594,-0.409189375168
0.785781658594,-0.984432170625,-0.299126253638,1.55468952852,0.238150517319,1.08375742664,-0.408805879971
0.790000105761,-0.977912752277,-0.298359263244,1.55468952852,0.250422363622,1.08030596987,-0.409572870365
0.793451562534,-0.971393333928,-0.299126253638,1.55315554773,0.263461200319,1.07992247467,-0.408805879971
0.79651952411,-0.964106925186,-0.299126253638,1.55277205254,0.276883532213,1.07800499869,-0.408805879971
0.799203990488,-0.957587506837,-0.299126253638,1.55238855734,0.28992236891,1.0757040275,-0.409189375168
0.800354476079,-0.948767117307,-0.299509748835,1.55085457655,0.307563147971,1.07493703711,-0.409956365562
0.801121466473,-0.941097213368,-0.299509748835,1.55085457655,0.32673790782,1.07110208514,-0.410723355956
0.800737971276,-0.933043814231,-0.298359263244,1.54893710057,0.343995191683,1.06841761876,-0.411873841547
0.800737971276,-0.926140900686,-0.299893244032,1.53858273025,0.343228201289,1.06074771482,-0.421461221472
0.800737971276,-0.922305948716,-0.300660234426,1.53513127348,0.341694220501,1.04195645017,-0.422228211865
0.800737971276,-0.915019539974,-0.302961205607,1.53474777828,0.342077715698,1.02776712788,-0.459043750775
0.800737971276,-0.91041759761,-0.304111691198,1.54050020623,0.340927230108,1.02239819513,-0.460194236366
0.800354476079,-0.915403035171,-0.303344700804,1.53513127348,0.340543734911,1.02393217591,-0.459427245972
