0.9493148514704,-0.248060955621211,0.19304682093737,0.492934318642196
0.251475877258835,0.967838186871098,0.00700907918097186,0.221652754475949
-0.18857676403691,0.0418927956856257,0.981164511045426,0.939273742656297
0,0,0,1
0.720688735974888,-0.68824461571452,0.0832291702403103,0.195695731019737
0.693020412698187,0.718378194496209,-0.060460542968137,0.895118154553158
-0.0181783778856551,0.101252746196529,0.994694640563177,0.684300146224145
0,0,0,1
0.99735507925721,-0.0547029175926616,0.0478585069417692,0.660154629977784
0.0565970104161528,0.997628851562465,-0.0391593276514099,0.0523052207703927
-0.0456028978443124,0.0417644027493159,0.998086223916148,0.556830534131996
0,0,0,1
0.995030891612148,-0.0493394442259587,0.0864820442693611,0.377511518762747
0.0517812996679652,0.998314131943161,-0.0262219558246342,0.262860807508653
-0.0850424702265321,0.0305698087342101,0.995908261363326,0.241285612653001
0,0,0,1
0.961204112913199,-0.190356529930691,0.199627264749825,0.615392848945124
0.200169909479208,0.979301980655504,-0.0299939664481517,0.779489501843974
-0.189785828390417,0.0687896954270982,0.979412740955115,0.954847311419425
0,0,0,1
0.996446276816848,-0.0590040068214505,0.0601111021098088,0.847758564395726
0.0758856192986778,0.938564104414219,-0.336658275835886,0.582781196988989
-0.0365539355131259,0.340023453726577,0.939706262996237,0.586177665240051
0,0,0,1
0.982864556534684,-0.0995235969552407,0.155152560910126,0.2580963839959
0.12762370293734,0.974754141527475,-0.183211773703539,0.481009535929008
-0.133001706592213,0.199873503056623,0.970752867015819,0.227341483977128
0,0,0,1
0.700283018679177,-0.538845157656777,0.468240952736326,0.802237016029933
0.607583546209096,0.794237959676508,0.0053195662302146,0.708113376406747
-0.37476116144227,0.280770296646104,0.883584807698559,0.859377854303028
0,0,0,1
0.97095224419197,-0.0713534057658609,0.228386582320832,0.339687805074701
0.0788891396430566,0.996593825681896,-0.0240260329455745,0.197862340505416
-0.225894318531821,0.0413453515928443,0.973274020385168,0.506833376635886
0,0,0,1
0.776043896911007,-0.153610223239588,0.611686005548159,0.920484982161385
0.442548545333997,0.823647400398537,-0.354620564603204,0.750838889493125
-0.44934024423586,0.545901876835953,0.707166519129011,0.285591705194893
0,0,0,1
0.839339385838196,-0.145830128899656,0.523682125803306,0.887284680027887
0.360851714819672,0.869954201634996,-0.336103744354804,0.0558483212688232
-0.406565413300814,0.471076703481213,0.782809877393491,0.138216342567174
0,0,0,1
0.983070209200937,-0.137181935564477,0.121466375332473,0.096226761208291
0.153156684261863,0.979106619635728,-0.133765681142101,0.3845821992189
-0.100578297100008,0.150104443439499,0.983540879786997,0.500272550942528
0,0,0,1
0.814838521198862,-0.0761400289151826,0.57466588585651,0.964256616169518
0.215738206091834,0.95995753949427,-0.178713594335697,0.671151036378406
-0.538047591577854,0.269600108243491,0.798636695145151,0.299174856434414
0,0,0,1
0.910485919615186,-0.381735738340997,0.159038411258864,0.28764751104173
0.40366618955631,0.903932000784559,-0.14128179417998,0.0846266385763814
-0.089827599275387,0.192833513764797,0.977111169917498,0.582181335168515
0,0,0,1
0.692330703986216,-0.589476283521019,0.416168124060694,0.347915686667056
0.686861031992958,0.715116167582258,-0.129733533028411,0.961745605325867
-0.221133713050542,0.37566817542708,0.89998516816877,0.953569051566716
0,0,0,1
0.867089909073013,-0.278558225555007,0.412989593766477,0.385102276784062
0.450488355692956,0.79235287298835,-0.411384450425832,0.25150378917494
-0.212638968603618,0.542754308727948,0.812528417588232,0.036759737425849
0,0,0,1
0.927109829860395,-0.216683692827714,0.305803107634266,0.891393305520928
0.341270165501152,0.825347914477906,-0.449817178646824,0.861106466709371
-0.154925909760267,0.521391405116652,0.839135844279957,0.209915076762285
0,0,0,1
0.901607743445747,0.0385844254558721,0.430830267124894,0.655693101208612
0.248235847758852,0.769518197093462,-0.588405224508988,0.546452584058729
-0.354235007934156,0.637458223301158,0.684225527658549,0.251329283428934
0,0,0,1
0.804218189143621,0.000911517371308596,0.594333469852269,0.886328109630447
0.239991610247288,0.914348552698962,-0.326145291531593,0.472229859496957
-0.543725235078775,0.404927022206959,0.735116980775941,0.158913526072725
0,0,0,1
0.865244841263625,0.11090314737317,0.488929296084219,0.0350160215102984
0.252150286771821,0.746643819586265,-0.615583657640878,0.0397496941127982
-0.433326202239806,0.655914246358743,0.618065452744342,0.988567891226263
0,0,0,1
0.887676012944921,-0.436203460709205,0.14750537924944,0.458890825812503
0.45203937608764,0.764492818335957,-0.459577124299114,0.58229480895525
0.0877023289799397,0.474633828944017,0.875803077131746,0.339089801284837
0,0,0,1
0.997131079719639,-0.049605799142777,0.0571740723453653,0.512665533605464
0.051592634735779,0.998095589696181,-0.0338141075596251,0.832864824781385
-0.0553878136250844,0.0366668586115565,0.997791426893112,0.904613498537146
0,0,0,1
0.997449482479463,-0.0507252242230994,0.0502143558055687,0.482673014572774
0.0526311478949607,0.997913802645314,-0.0373899018617117,0.128265055730776
-0.0482129875937048,0.0399373774487753,0.998038332785772,0.252911159241006
0,0,0,1
0.865305392873447,-0.275617384077701,0.418666495743682,0.83917947954026
0.463748471784643,0.75718410270938,-0.46001042327495,0.680236385926769
-0.190220745402643,0.592205447626375,0.783012628135784,0.416922007301322
0,0,0,1
0.966283022177543,-0.0990634275605597,0.237662698737913,0.171481076831545
0.155936638750789,0.959650207283238,-0.233998385371233,0.795361567918927
-0.204892376008821,0.263168989398812,0.942741320443879,0.492666912300111
0,0,0,1
0.955320921390747,-0.189152807642966,0.227119247343589,0.383229531559576
0.233729781521642,0.953801463561706,-0.188767468959546,0.861334748060102
-0.180920773773994,0.233418044436009,0.955397137398207,0.463909192882959
0,0,0,1
0.738849461206394,-0.478824975541452,0.474160433263625,0.169839250866394
0.638943201363693,0.721377488063268,-0.267144352638506,0.178699029167114
-0.214133274168535,0.500341046200747,0.838931331147314,0.243504367623195
0,0,0,1
0.580415352561349,-0.550260805064537,0.600275824034928,0.57059970408596
0.631068366720011,0.769826794292099,0.0954956717097052,0.562879230350446
-0.514655938503018,0.323387929891759,0.794071477742338,0.176661204694203
0,0,0,1
0.999792584272324,-0.0193506404123667,0.00635146831044064,0.318790961250692
0.0194537851659479,0.999672930216718,-0.0166006877760371,0.53299953441055
-0.00602815699732475,0.0167208046323018,0.999842025529865,0.326773737487972
0,0,0,1
0.818882817438247,-0.315446167241842,0.479504584834004,0.84217757318696
0.487185059059742,0.823698967370754,-0.290121921580065,0.516657167709074
-0.303449583182042,0.471183326025853,0.828193590739424,0.151868701454032
0,0,0,1
0.803241447039912,0.072939521966941,0.591170875375692,0.0637386974643527
0.365463177922978,0.723364954735449,-0.58581550665975,0.425483118086481
-0.470361396523637,0.686602482078106,0.554380003485442,0.404338152089687
0,0,0,1
0.994677273557317,-0.0802167888939709,0.0646713866259501,0.291498033965174
0.0935305440980756,0.966248037337146,-0.240034930088999,0.188389541510827
-0.0432337690850677,0.244806039798149,0.968607683269675,0.0228596236256173
0,0,0,1
0.995708211284151,-0.0446872545054286,0.081044477085627,0.926532588931345
0.0506054823310828,0.996083448063767,-0.0725041354091952,0.593560772481158
-0.0774870514302495,0.0762942578321823,0.994069888429623,0.883615304924768
0,0,0,1
0.957578461586251,-0.276786079499044,0.0802057111536135,0.0849047507770724
0.28814346556182,0.92361097179645,-0.252816368202777,0.214478867551072
-0.00410282343418086,0.265202260497091,0.964184073643151,0.248798897538397
0,0,0,1
0.8410702367828,-0.410683664670637,0.352050826402694,0.60045561253082
0.491733428424128,0.851668842623693,-0.181268910390811,0.909186957080075
-0.225386539456946,0.325575045230304,0.91826020155232,0.570836633882231
0,0,0,1
0.998356076731838,-0.01554743944815,0.0551672110879186,0.274479407885599
0.0187241247726637,0.998167522324711,-0.0575413288658313,0.867518386466464
-0.0541714980788844,0.0584796930801979,0.99681772370536,0.559357067397456
0,0,0,1
0.958819497982026,-0.239923438446955,0.151993137915124,0.375332280929957
0.280898668526443,0.880148464546974,-0.38266776500729,0.480372228085867
-0.0419655609943129,0.409603984403708,0.911297683334617,0.342421402767108
0,0,0,1
0.739845722835116,-0.158404839442796,0.65386253390425,0.218192642130913
0.468642274438172,0.818650457182025,-0.331942536540708,0.873219340172905
-0.482703558109946,0.552013890945476,0.679910243481619,0.0826929319308535
0,0,0,1
0.978395806525527,-0.198630491398123,0.0573373670497933,0.298104859773207
0.201169895153337,0.97863360129479,-0.0425082074520279,0.768335147059746
-0.0476688478700508,0.0531244040317566,0.997449486760614,0.501150094646019
0,0,0,1
0.969378769441224,-0.0165001571924374,0.245015399861401,0.00212202483321056
0.0575455385796716,0.985222190477172,-0.161324971349569,0.951107357890273
-0.238732721565757,0.170484545352324,0.956002985063236,0.766299363331997
0,0,0,1
0.815446646249432,-0.282171354387932,0.50539696663458,0.639570217855257
0.422777252554021,0.886714461072243,-0.187074475138207,0.729321726243568
-0.395355740875769,0.366219594353227,0.842363963419809,0.859845708085369
0,0,0,1
0.979011105165485,-0.179183262377661,0.0971113507596015,0.475235157492277
0.203577635509398,0.837165241264684,-0.507651952757642,0.805320486225532
0.00966448565930347,0.516766598477439,0.856071772934372,0.530778140974806
0,0,0,1
0.997571808354502,-0.039092130233937,0.0576393314508504,0.149607091618741
0.0473217079889744,0.987683585802198,-0.149136817352114,0.202747397742598
-0.0510993456840136,0.15150227618978,0.987135207142356,0.954958901813773
0,0,0,1
0.654445153768458,-0.586951958971912,0.476643408186891,0.189010555411161
0.69289642320441,0.717885444895059,-0.0673426664036889,0.660719557448035
-0.302648455174506,0.374336594346396,0.876513563336944,0.941230937873485
0,0,0,1
0.663433920069652,-0.734804723576249,0.141129202899498,0.997041443878
0.744520069284577,0.667062891533155,-0.0267762053307543,0.00439261258217538
-0.074466772009423,0.122837766787984,0.989629012770461,0.542607464059079
0,0,0,1
0.995323260781825,-0.0923978324227757,0.0281823900726642,0.831111503195807
0.0954025339461961,0.986018290372516,-0.136624622844883,0.928010856738739
-0.0151645330716132,0.138674336538648,0.990221927308361,0.169484428844022
0,0,0,1
0.879523803158583,-0.134661031485285,0.456403644022242,0.944331282902017
0.341295648126014,0.846869527555343,-0.407834873286278,0.174117873471634
-0.331594873675252,0.514469056307092,0.790801131672676,0.244596283964325
0,0,0,1
0.704576816066135,-0.666677269922929,0.243131503574131,0.214609706276641
0.706846076988363,0.689643863474059,-0.157352994946819,0.791040323906674
-0.0627704843717784,0.282723821671757,0.957145290408436,0.654688314176377
0,0,0,1
0.816239995410307,-0.500653821155306,0.288267273992685,0.832707574402226
0.568375147950157,0.606579426760937,-0.555887659714632,0.259401160852536
0.10345028315679,0.617581695318899,0.779673578186292,0.21302176736209
0,0,0,1
0.928632640344142,-0.133923812352424,0.345985305717541,0.772655572388859
0.205855866883332,0.961845771479787,-0.180211192649529,0.744066567298336
-0.308649933350356,0.238573100687078,0.920770380861252,0.442904067510999
0,0,0,1
1,0,0,0
0,1,0,0
0,0,1,0
0,0,0,1
0.993918895373126,-0.0869494946563036,0.0675648932455119,0.216647376280279
0.0872139426026032,0.996189133658241,-0.000968605675019902,0.811020215616459
-0.0672231926939938,0.00685531620403301,0.997714411544591,0.138661882869267
0,0,0,1
0.963233128004338,0.0314233197329094,0.266823005177482,0.167811688977599
0.0387803039073212,0.966474438187896,-0.253817352358437,0.54022279574486
-0.265853397841433,0.254832759484244,0.929721590342943,0.10166243492783
0,0,0,1
0.935624197224117,-0.253279026196594,0.245880248205567,0.644205403766746
0.255878721449135,0.966461412499248,0.0218727698180849,0.0679473020936823
-0.243173685826164,0.0424508308383227,0.969053396610762,0.207911996415632
0,0,0,1
0.550500172797225,-0.219639023854037,0.805424272635653,0.427062347759695
0.288457494963905,0.955392895176956,0.0633773575067759,0.955372102971021
-0.783416768616407,0.197441421808694,0.589300476501409,0.724247033520084
0,0,0,1
0.999991141306737,-0.00333824511619347,0.00256386965215471,0.76733586802788
0.00334528766071717,0.999990630149683,-0.00274748308581338,0.997136895348686
-0.00255467385708683,0.00275603562821448,0.999992938929621,0.227653072058219
0,0,0,1
0.994869937846044,-0.0725476322200023,0.070502821429216,0.857543808780781
0.0742530658058319,0.996999500202082,-0.0218741586177201,0.259846667655122
-0.0687043593132446,0.0269969934635261,0.997271714907871,0.878062942706618
0,0,0,1
0.988100265917621,-0.0754983664251448,0.134006944449388,0.186612024812195
0.0942142232840636,0.985754972683269,-0.139322697221909,0.48523045694977
-0.121579375818875,0.150290154359298,0.981137770589916,0.838226076700295
0,0,0,1
0.99369035134834,-0.100096522517281,0.0505981404516007,0.567852659287788
0.100276456262396,0.994959086671777,-0.0010238011134228,0.426504251336355
-0.050240600679812,0.00609114350606146,0.998718568974323,0.07623944235383
0,0,0,1
0.888789608838014,0.0624019275273598,0.454047388124236,0.671022018283348
0.147406407445808,0.899127920871034,-0.412116892342515,0.959645196993795
-0.433963572509826,0.433214705834188,0.789937109131801,0.0890842655064104
0,0,0,1
0.888459090218632,-0.0419292948066183,0.457036518502516,0.453251351408243
0.116540588711492,0.983789547617133,-0.136295330741944,0.7373846381813
-0.443912982678655,0.174356130480969,0.878943231143538,0.509885654703147
0,0,0,1
0.963541641720533,-0.251683653559135,0.090790105196685,0.193211038592101
0.266815156445172,0.92913013580691,-0.255982153726722,0.689435100924171
-0.0199292990754421,0.270873640774731,0.962408589826485,0.0504550031686729
0,0,0,1
0.998516645178792,-0.0514401064207388,0.017844459989411,0.349808041044371
0.053053995813443,0.99289477834642,-0.106514002181122,0.20852237389343
-0.0122385795384021,0.107302724028032,0.994151066280697,0.665827160044803
0,0,0,1
0.999498984113067,-0.025310941730254,0.0190036045442415,0.753834556589773
0.0260779005933386,0.998808128048449,-0.0412585317843124,0.621863097261786
-0.0179366623871383,0.0417334347146368,0.998967765530665,0.394093180849151
0,0,0,1
0.912781944391039,-0.293782672043393,0.283761984065445,0.187172070539839
0.363891098446591,0.900444389813278,-0.238292193168651,0.611330146637951
-0.185505769357848,0.320767271492646,0.928814280184212,0.051941981368346
0,0,0,1
0.970889319925584,0.0409667438414274,0.235999267696887,0.82889374505677
0.124557418784287,0.755225501601759,-0.643521476841423,0.841776581954761
-0.204595644822249,0.654183588627384,0.728137661771705,0.665238451557799
0,0,0,1
0.864704526991598,0.114770728146848,0.488992598063487,0.651069368702479
0.243225330033866,0.756108629924153,-0.607569896048296,0.133603910449774
-0.439462762734403,0.644303825624886,0.625895406961086,0.638545736824786
0,0,0,1
0.76964588300055,-0.328074330597495,0.547733921154523,0.219118952550175
0.5844100468671,0.70747029517327,-0.397430092680762,0.882402795931734
-0.257118867260062,0.625981641144891,0.736231534945666,0.0198754228247094
0,0,0,1
0.939213831445654,0.0755178087934522,0.334924527880849,0.70177394525353
0.0904609747290848,0.886609672379878,-0.453585825278424,0.88780260142949
-0.331201133561221,0.456311680101967,0.825884652799822,0.0550578461561846
0,0,0,1
0.970932005044894,-0.190873757189536,0.144423856740677,0.672650514427429
0.239329867803346,0.783011063316225,-0.574120970790675,0.202584980871927
-0.00350085085862759,0.591997367849507,0.805932292753257,0.868515198201092
0,0,0,1
0.829192204334485,-0.524283151781769,0.193823282989149,0.925105644987009
0.541005513221933,0.839947139877086,-0.0424480491398082,0.505292452205831
-0.140546515198317,0.140057056123841,0.980117696042436,0.62758180927003
0,0,0,1
0.999745385760344,-0.0167315843743198,0.0151399384155382,0.363946179540744
0.0167567854421691,0.999858410460833,-0.00153921161013606,0.151373665826451
-0.0151120413097101,0.00179251640457908,0.999884199841358,0.149608598632666
0,0,0,1
0.817533820451298,0.0286604351107144,0.575166960001676,0.979789871891285
0.325275339300232,0.801202548789711,-0.502265297881497,0.250153013597979
-0.475220376311269,0.597706495925998,0.64568764791224,0.62457070354219
0,0,0,1
0.996529456135262,0.00346787027650096,0.0831686054380157,0.00355544745321035
0.00720129687901772,0.991794299953354,-0.127640933494299,0.815242445313671
-0.0829287910078233,0.127796871854444,0.98832726116717,0.638418458166358
0,0,0,1
0.746752577006995,-0.114377843850486,0.655193328392106,0.405828714806259
0.490905847762066,0.759434580666999,-0.426931571004238,0.466312220637624
-0.448744958040109,0.640450487175436,0.623258482581928,0.951536218081585
0,0,0,1
0.987068316282688,-0.0289252936426808,0.157668850374907,0.166784582313363
0.071913118845501,0.958957948322405,-0.274277517648087,0.947438262628722
-0.143264239532317,0.282069106314337,0.948637115515864,0.811088417621082
0,0,0,1
0.93250156591182,-0.339674345189161,0.122728027737424,0.00234875567974879
0.360931119043939,0.864190359206159,-0.350576311750836,0.64020984616491
0.0130214007577289,0.371209324068569,0.928457904725283,0.803182575087435
0,0,0,1
0.929989903262232,-0.232023120418091,0.285103580162992,0.219165982554382
0.249014996046351,0.968193847358266,-0.0243352764856979,0.23917601408698
-0.270389185387174,0.0936266283118818,0.958187738857375,0.02925848703723
0,0,0,1
0.962093051951753,-0.246065367926025,0.117595893183356,0.666457012048093
0.261858829147409,0.953965457888557,-0.146218530812699,0.847742491914359
-0.0762031035044447,0.171469355463029,0.982237927975388,0.762661063721127
0,0,0,1
0.839614278593954,-0.347464301810712,0.417512182035865,0.630183351426678
0.531302316584073,0.685220376802752,-0.498187598808613,0.983036222076956
-0.112985448503564,0.640110610895874,0.759929400829418,0.585200339522547
0,0,0,1
0.864050426303205,-0.408378724493985,0.294352982294922,0.00387353551348724
0.431612634294816,0.901923153198869,-0.0156575745535361,0.511529092199426
-0.259089549620085,0.140575400068704,0.955568502083019,0.678463634320796
0,0,0,1
0.674870132516759,-0.292260648884175,0.677594286686815,0.688785898972834
0.56710549612321,0.792933896605861,-0.222816498222851,0.147416988338171
-0.472166983707735,0.534639643804354,0.700870024162179,0.77756103760802
0,0,0,1
0.607918148662097,-0.182574923577491,0.772723703407577,0.011427528814081
0.373510704979268,0.924556457515884,-0.0753996693067685,0.64244926558009
-0.700660600999613,0.33445740258866,0.630248338403608,0.516990939531608
0,0,0,1
0.918118069708001,-0.392453648521769,0.0551302443093305,0.514238061322073
0.393747873017605,0.887536883388256,-0.239250690948998,0.4467741275926
0.0449646813595523,0.24136779898614,0.969391439534526,0.341211145567738
0,0,0,1
0.951088429377527,-0.298738164509269,0.0786530900208088,0.0556884902568199
0.304944333982596,0.948621608354799,-0.0844156225722749,0.0340571844812154
-0.0493938526144659,0.10427153603926,0.993321546175212,0.286518454768013
0,0,0,1
0.950705076968514,-0.270487107784178,0.151646236843656,0.95141431651076
0.301345878462113,0.921222675544821,-0.246047644971332,0.346001202788865
-0.0731472361760127,0.279616713707517,0.957321249766879,0.290244208783556
0,0,0,1
0.98182796431592,-0.0682704003560139,0.177067786235913,0.664931441200008
0.0857155147628129,0.991987013236569,-0.0928149562243944,0.792190264444163
-0.169312430188109,0.106305775972991,0.979812422343469,0.333492129876999
0,0,0,1
0.940625136150261,-0.274931358447466,0.199090686332971,0.923197523158096
0.337941652043021,0.813647400286738,-0.473046876980566,0.152834142252458
-0.0319341988585257,0.512240818511044,0.858247954145187,0.405720793714528
0,0,0,1
0.888196890275035,-0.112395794699716,0.445503613273312,0.110088847733172
0.229357003439929,0.94862973588415,-0.217938039748512,0.279227334556401
-0.398122655822064,0.295751262939293,0.868348744106306,0.767636165697467
0,0,0,1
0.980212709698017,-0.16546246618615,0.108651810983844,0.0458850066372709
0.19016928932176,0.939510065507119,-0.284879760968845,0.246471604097961
-0.0549425622384722,0.299905000115715,0.95238558670334,0.660732144629048
0,0,0,1
0.981293969570806,0.0179227827763853,0.191679208944319,0.896306092986061
0.0502628651071924,0.937271591661412,-0.344957400059339,0.865703209612899
-0.185838073804013,0.348138962660075,0.91883811033434,0.800960972217418
0,0,0,1
0.781350308432262,-0.0324212814033651,0.623249994805434,0.63099957992261
0.333359698210263,0.865929188508789,-0.372877931899532,0.316374816239219
-0.527601181880757,0.49911471727517,0.687401987106056,0.959111852529902
0,0,0,1
0.849213138055366,-0.369715005328334,0.377025013744747,0.790975648641478
0.47664529041242,0.843979896302276,-0.245982116759041,0.0607051042239655
-0.227258252395412,0.388598442447559,0.892941732279052,0.389827192453456
0,0,0,1
0.981233172723182,-0.095094392793335,0.167745393995977,0.129611982278315
0.12107866975455,0.980908327139202,-0.152180187539119,0.450614072287436
-0.150071371280692,0.169634637407105,0.974013692569921,0.672335843922579
0,0,0,1
0.962109303192208,-0.203661926874541,0.181293982946907,0.330873140619941
0.218475802366723,0.973629953737169,-0.065673715944619,0.411690226251413
-0.163138016695132,0.102793641474105,0.981233639242598,0.794006240687227
0,0,0,1
0.926955223457748,-0.241834468291924,0.286827654960883,0.969091958454476
0.317274928461322,0.913323281661199,-0.25529826271536,0.780721030890361
-0.200226455480438,0.327653281872134,0.923337800268222,0.729017888682995
0,0,0,1
0.951955044364821,0.00296453883403037,0.306223456021699,0.72642597902203
0.071686824014085,0.970012453040593,-0.232243062778946,0.14796483038576
-0.297729059332718,0.243037142131966,0.923195729395008,0.147894557371599
0,0,0,1
0.679706720026755,-0.675586348287918,0.285625385351979,0.843180912870887
0.732715480986001,0.607576759914756,-0.306559137418768,0.293958774213842
0.0335678220014801,0.417652447399129,0.9079865827795,0.0268603841526058
0,0,0,1
0.99961021816848,-0.0220920406012624,0.0170690795075798,0.280684817595266
0.0224479557072829,0.999528501318129,-0.0209490891758763,0.599142509308593
-0.0165982233304583,0.0213240895422789,0.999634824417129,0.02622613864761
0,0,0,1
0.999382336141317,-0.0310718091280214,0.0164161166612524,0.376560426992884
0.031685501279458,0.998754213807831,-0.0385493114046302,0.113755361650924
-0.0151978688438054,0.0390456537736723,0.999121845274135,0.964850707268855
0,0,0,1
0.7612249803682,-0.52026688146508,0.387116134143276,0.600481203671839
0.637823687190372,0.708484123773974,-0.30204501389545,0.937450760032403
-0.117121617655804,0.476836049823023,0.871154353870118,0.107758578775102
0,0,0,1
0.872703468681856,-0.407549570666573,0.268871722574442,0.406432206360085
0.44428605245948,0.891236219843175,-0.0911477044670873,0.604178745602068
-0.202481009827163,0.199000874091395,0.958853530405052,0.641105051660087
0,0,0,1
0.999581808020277,-0.0117071388355634,0.0264414820915664,0.786859645603551
0.0121328242202919,0.9997984328822,-0.0159965053288684,0.511582243380335
-0.0262488790494619,0.0163106255729773,0.999522365853844,0.562527153389906
0,0,0,1
0.826745198271039,-0.503654662905459,0.250647875852497,0.64930204945739
0.547196107339049,0.616452987095378,-0.566182068608833,0.762853479752345
0.130647607129914,0.605241848548805,0.785247418025971,0.575685981383182
0,0,0,1
0.968902093939926,-0.189286392079625,0.159371873717745,0.744381309987074
0.204618947903922,0.975065825364406,-0.0858936689466829,0.0326154493029029
-0.139139564889066,0.115833060824226,0.983474902324697,0.429742543433021
0,0,0,1
0.982893121887317,-0.161924554361853,0.0877584733306065,0.567597286185841
0.174761645852845,0.970363133837622,-0.166894444567921,0.894511885444997
-0.0581332786397631,0.179376216883803,0.982061451606286,0.214165803867894
0,0,0,1
0.712354111544491,-0.208509049906887,0.670131028883596,0.157113287977468
0.387820528692556,0.912768816764676,-0.128251022088091,0.625165396779904
-0.584933207546199,0.351250712809157,0.731078709483988,0.698985352759655
0,0,0,1
0.88979124726534,-0.429360190181391,0.15466532700444,0.291828737648848
0.447310547643698,0.887704138751367,-0.109062532569114,0.622304984715124
-0.0904699411776353,0.166226319008437,0.981928714628623,0.715905408292378
0,0,0,1
0.975976206348313,-0.211440557928797,0.0525674338798714,0.696619479617911
0.217553782660344,0.958877866343844,-0.182273391053257,0.129013043122745
-0.0118657613380279,0.189330736803713,0.981841675530853,0.945946287415715
0,0,0,1
0.877692518317901,-0.420955414789733,0.229024850284821,0.325285488719696
0.472497316455856,0.680358360443186,-0.560231012455642,0.13470202862637
0.0800133065858101,0.599924195323262,0.796045746571729,0.450517462084021
0,0,0,1
0.876282610826272,-0.297162155523214,0.379240608701507,0.228683117248675
0.370410203878096,0.918876922343264,-0.135873037972802,0.822401807645737
-0.308099118509741,0.259537771643682,0.915267763151173,0.348234578993427
0,0,0,1
0.826842578052412,-0.346536093885707,0.442994454540999,0.300063440036683
0.471496624225301,0.856487758481105,-0.210046787445458,0.0733909466937926
-0.306630534134789,0.382546017109639,0.871571144732182,0.767398734960137
0,0,0,1
0.917809033414115,-0.337878253636113,0.208482286785373,0.442541151650179
0.396193061362951,0.813371280770894,-0.425979128297348,0.659547888161553
-0.0256444206661225,0.473566727438622,0.880384528687194,0.294772970267685
0,0,0,1
0.789765596186072,-0.228519352686547,0.569253202475471,0.153639830892556
0.417668057090415,0.879992863818708,-0.226198925095738,0.0289020656650996
-0.44924792394309,0.416403008005311,0.79043332277742,0.00908489849181371
0,0,0,1
0.987255210052644,-0.126931173585041,0.0959980593357731,0.745233681211662
0.143675964065068,0.970297633638985,-0.194627129415605,0.337143314113377
-0.0684424398592251,0.205939261256589,0.976168352846581,0.584324980436338
0,0,0,1
0.988507637660656,-0.143452497659439,0.0476868032249753,0.705379279645915
0.147619865633883,0.983973042598399,-0.100027129869273,0.180548253665843
-0.0325733872476178,0.105917101333631,0.993841306290043,0.522332917921855
0,0,0,1
0.789483731151528,-0.611664707088549,0.050810671608842,0.358968819374506
0.61177627707544,0.777546603639079,-0.145434060580895,0.625242598780211
0.0494492169278354,0.145902588296482,0.98806235110625,0.393366521225294
0,0,0,1
0.998928069068789,-0.0462043132748221,0.00280611142023618,0.778043849281618
0.0462381126619669,0.998839307253231,-0.0134935252378504,0.727697443692381
-0.0021793953197927,0.0136088104067678,0.999905020747147,0.650986797126378
0,0,0,1
0.992929368586987,-0.0622223050579394,0.101092303123058,0.751348651125886
0.0680920240272439,0.996123744210976,-0.0556862863098127,0.522350346054575
-0.0972355144035389,0.0621761286377813,0.993317363064946,0.490433033651247
0,0,0,1
0.682798033970196,-0.482435716605856,0.548673513256681,0.597006665267872
0.675320898380548,0.703322207825238,-0.221989991194022,0.240227119123713
-0.278798366237903,0.522105019438453,0.80602594229978,0.0702951614777546
0,0,0,1
0.999512515986675,-0.0234238288863534,0.0206410907243091,0.651401064738548
0.0244986335430939,0.998269629799576,-0.0534561799452442,0.498696405983114
-0.01935322558406,0.0539357994296921,0.998356841114124,0.284510688567093
0,0,0,1
0.994342617885653,-0.00121711598224761,0.106213355492574,0.249619835400228
0.00122287687941232,0.999999252226513,1.08882210574528e-05,0.387064314143913
-0.10621328932127,0.000119059234486286,0.9943433627256,0.421038370433554
0,0,0,1
0.989516385771116,-0.10205503544209,0.102186555042147,0.0958237324700979
0.112701743788146,0.988119299500114,-0.104491946591669,0.597833772320779
-0.0903085778737499,0.11491309627853,0.989262018408724,0.812232610355035
0,0,0,1
0.994087671515628,-0.00513631800181632,0.108458838173848,0.953827837894086
0.0282061112892676,0.976804682227239,-0.212266408234748,0.208905741989429
-0.104852833183344,0.214070621562903,0.971174367638015,0.116332096224402
0,0,0,1
0.693128028087469,-0.530944926869356,0.48751514982744,0.214237510073561
0.620269600491383,0.783883120482038,-0.0281580562113716,0.547061105978206
-0.367204519833072,0.321907965193527,0.872660359222949,0.78470948099561
0,0,0,1
0.992024382354553,-0.0225204530279872,0.124017958415228,0.772172105182967
0.0548067466314598,0.963097926591028,-0.263512057256852,0.0212996241096677
-0.113507027701997,0.26820740666782,0.956650898536546,0.879986192497539
0,0,0,1
0.986983724013259,-0.0428505994559962,0.155006305223954,0.313027488227721
0.0504465865804484,0.997694073217912,-0.0454057063399923,0.0764394578120781
-0.152703210297954,0.0526342321318937,0.986869478286052,0.791415146963651
0,0,0,1
0.955426153747374,-0.289488186240806,0.0579435480662583,0.374175557582085
0.290977842974589,0.956541276167249,-0.0189916267387912,0.18986247780247
-0.049927543834582,0.0350053855190633,0.998139200388056,0.646501755218381
0,0,0,1
0.994269514783439,-0.100484613922716,0.0364825209807096,0.359909561454824
0.102521202141747,0.99297552521684,-0.0590678375408503,0.0762380475474331
-0.0302908415815124,0.0624695820791521,0.997587097065284,0.556925545740794
0,0,0,1
0.996841726751483,-0.0318893599187921,0.0727299149668952,0.24768570993469
0.0447430201771184,0.982167290537317,-0.18260743562083,0.437276253172887
-0.0656097092856846,0.185284867494772,0.980492164132326,0.669087783169736
0,0,0,1
0.99864636073543,-0.00999164108430415,0.0510452083777155,0.605318590650978
0.0113100465096086,0.999608157498263,-0.0256049665275634,0.338236165549055
-0.050769371060044,0.0261476303203483,0.99836805457246,0.927983722291575
0,0,0,1
0.889345224846677,-0.282682713375906,0.359382184590234,0.503453396492993
0.327470977223498,0.942326635983918,-0.0691611899226678,0.768772875919031
-0.319104732209821,0.179195409186918,0.930624078351528,0.388084482070887
0,0,0,1
0.981414061332337,-0.142264290957827,0.128791737846164,0.339445804371305
0.155150177809219,0.983193119240444,-0.0962274004845459,0.272681226854142
-0.112937427564719,0.114420984948182,0.986991882265782,0.170274589896562
0,0,0,1
0.916503690070116,-0.349521480647507,0.194565466241663,0.0290875518506981
0.385773253280196,0.900935486830787,-0.198731591908749,0.136194609644932
-0.10582997279351,0.257196390205901,0.960546736876233,0.694555598689595
0,0,0,1
0.997549432743588,-0.0307620952853732,0.0628396588676225,0.0905901520413662
0.0367068835155243,0.994728208256819,-0.0957517435912044,0.07470811489881
-0.0595628570127666,0.0978237455418246,0.993419740528969,0.18245093620079
0,0,0,1
0.950720521932007,-0.153464327294574,0.269405251295065,0.503736437057276
0.205877896964801,0.962170674598413,-0.178442944618683,0.260996731933566
-0.231829205922559,0.22511395601086,0.946350318904398,0.732475524156582
0,0,0,1
0.687572162714673,-0.718804340048019,0.102785416222338,0.786996488000829
0.725247027301481,0.686757429795565,-0.0487953072636553,0.422568083677206
-0.0355143696302279,0.108095112510794,0.993506002096135,0.943729958429594
0,0,0,1
0.990285107588553,-0.0611232491705024,0.124897374268513,0.250074733353068
0.0704898786532055,0.994910460305667,-0.072002451220932,0.345003385293862
-0.119860680357592,0.0801069559102517,0.989553582641692,0.328632592865502
0,0,0,1
0.703645168326285,-0.408040404334978,0.581709984030894,0.414217854149326
0.619301534537486,0.753542148234577,-0.220544417643102,0.661209152001318
-0.348351957667228,0.515438899642011,0.782926340293417,0.783484840322146
0,0,0,1
0.923730913918262,-0.0102171196746997,0.382905744455845,0.0069025477433895
0.0115914370446695,0.999931995022701,-0.00128215332963491,0.746423200362149
-0.382866605045376,0.00562279249786924,0.923786526717918,0.799670794169673
0,0,0,1
0.662541049798661,-0.31396839773646,0.680046470878636,0.320839942810518
0.580193392158949,0.789329285346153,-0.200835522231559,0.13405205840044
-0.4737245877372,0.527620246500957,0.705125443063494,0.1345851502257
0,0,0,1
0.993891509594242,-0.0656234767019711,0.0887312034293684,0.259623434291208
0.0818085080884836,0.977734980194735,-0.193239945425211,0.133714508366169
-0.0740745243711669,0.199318508446024,0.977131054173409,0.419228418590875
0,0,0,1
0.746303116473119,-0.513298364335744,0.423741014669055,0.630749738384446
0.632937295390672,0.744279729297236,-0.213162061964071,0.0979891648463104
-0.205966109945428,0.427285002928353,0.880343959953418,0.245676181936889
0,0,0,1
0.916109103802941,-0.380521226051377,0.126284228840058,0.533354207803659
0.400310286694929,0.850643160347967,-0.340819436240726,0.87572400256463
0.0222662142178471,0.362780664145127,0.931608504376611,0.393098592724503
0,0,0,1
0.995981173705943,-0.0784842736709063,0.0431476582178328,0.909951610123007
0.0810207708136963,0.994870240825377,-0.0605709387149521,0.636006152111755
-0.0381724549916184,0.0638233711614034,0.997230886491943,0.525561251235387
0,0,0,1
0.876822826254081,-0.285659847617288,0.386755973217059,0.969427855895745
0.363430987442182,0.920405042395074,-0.144126594702446,0.180468109688552
-0.314800966845096,0.266932593350813,0.91084979106349,0.930598962817579
0,0,0,1
0.991345414704398,-0.0655382300939074,0.113749765453484,0.716037342838811
0.0747136394815636,0.994121057152795,-0.0783657820788421,0.552928708571216
-0.107945082426128,0.0861862177007883,0.990413951365008,0.142281739817257
0,0,0,1
0.994296323363849,-0.0906079329631926,0.0562585445001097,0.302752325729782
0.0907142286113849,0.995876741471359,0.000666726202840843,0.459022394078519
-0.0560869866597825,0.0044405270549517,0.99841601131337,0.0480286131823641
0,0,0,1
0.833681877052254,-0.393049337408082,0.38792621236222,0.4242855812171
0.536429906673699,0.743269397464934,-0.399741864230107,0.905531348068602
-0.131215407253407,0.54135276960147,0.83049364581804,0.417320883626846
0,0,0,1
0.885678565966577,-0.105293231519172,0.452202181754619,0.575747615215569
0.372948050043504,0.741458843024216,-0.557806898549972,0.185885031598486
-0.276556015584793,0.662685535904807,0.695963110190779,0.291448355951266
0,0,0,1
0.955980562850425,0.0518451933659189,0.288813502760926,0.746014728567984
0.117457326682688,0.834358000855429,-0.538563369360643,0.74635192034512
-0.268895778807963,0.54877937491617,0.79154043346242,0.173954964110564
0,0,0,1
0.929429430329992,-0.00343372336190589,0.368983934040955,0.83666494027777
0.214134979332383,0.81937816451445,-0.531757119504056,0.859301689176415
-0.300511471765698,0.573243083744414,0.762289460950635,0.523377472974036
0,0,0,1
0.979444277544203,-0.146712941102952,0.138434894801979,0.386794416028229
0.160792128732929,0.982245353882707,-0.0966434483727104,0.993427789797032
-0.121798187685394,0.116916113896919,0.985644877117411,0.32639346768068
0,0,0,1
0.993740424559973,-0.050599500287183,0.0995974857416206,0.113271183329894
0.0615474036968799,0.992011764856242,-0.11011165008743,0.700878852298407
-0.0932302831355684,0.115552364569016,0.988916460247766,0.179986137481548
0,0,0,1
0.848670817745186,-0.266494975840821,0.456878836191081,0.861977364476974
0.321778257276214,0.945692151271898,-0.0460988955075142,0.44880106057929
-0.419781605423581,0.186136463043463,0.888333620254052,0.65257739045701
0,0,0,1
0.931326744131728,-0.249239804531711,0.265537220558605,0.187270141616205
0.305861256478672,0.931085939152657,-0.198816160554173,0.943594399351999
-0.197685071389527,0.266380355411598,0.943378035996444,0.947922138757693
0,0,0,1
0.961986358758972,-0.166873579457544,0.216183843153647,0.339020861851316
0.229675718907805,0.922631686438343,-0.309838401951925,0.895860046717408
-0.147754220602449,0.347712495689998,0.925885905841101,0.545434258258452
0,0,0,1
0.608991022222193,-0.555997507793958,0.565682513588387,0.458478681919285
0.597462504935696,0.790638854635119,0.133898307447219,0.80610418744917
-0.521697699869121,0.256431224440735,0.813679628037408,0.824767236231277
0,0,0,1
0.999584612906209,-0.027772046897833,0.00770162659753825,0.289080602151233
0.0278203896515274,0.999593445948415,-0.00624249442208232,0.172756294298157
-0.0075251286221917,0.00645416362336042,0.999950856898049,0.3237061227164
0,0,0,1
0.791197827690471,-0.400595236692279,0.462092473210001,0.0289743825154317
0.552752627293347,0.791725662514002,-0.260067315011068,0.127387192476748
-0.261668741882138,0.461187523309359,0.847841693870736,0.133735686293017
0,0,0,1
0.96215880471695,-0.198842025502767,0.186312327556731,0.305823607807962
0.237803560433464,0.946569296835916,-0.217844056454904,0.0155486185338325
-0.133040975458005,0.253906311818979,0.958035324853769,0.587488093829029
0,0,0,1
0.962727813341585,-0.0198589847659311,0.269742058534811,0.434676522661601
0.139360913052954,0.891147690852123,-0.43178041757585,0.0590388082425261
-0.231805291854129,0.453278516822709,0.860700234027752,0.381030056945427
0,0,0,1
0.92383577151646,-0.0582643525138615,0.378328868172556,0.215084888111855
0.129134196694994,0.977847510154586,-0.164737992364895,0.346109790896044
-0.360349589302562,0.201046044752485,0.910894429326943,0.747817091128099
0,0,0,1
0.752858040353632,-0.0974017009206729,0.650936002793399,0.479733615438452
0.347691169609503,0.898588896535348,-0.267673019930964,0.198650616984483
-0.558852057033402,0.427844485392935,0.710375587044199,0.239012662248282
0,0,0,1
0.898684996508589,-0.241173309220029,0.366334153431288,0.446001520274253
0.396536896081001,0.803683810622639,-0.443678738040847,0.92662060248374
-0.187413358906999,0.543992433277278,0.81789269799911,0.0948933557867648
0,0,0,1
0.884857542786085,-0.319832795690946,0.338724241493113,0.0607094478975195
0.427877141098877,0.845526266884916,-0.319384539595625,0.673994922037838
-0.184250593213762,0.427542178981409,0.885019437126782,0.477439086586489
0,0,0,1
0.986506491531293,-0.0959812573658761,0.132636874213333,0.871235497380345
0.131243885507212,0.947926982511241,-0.290188694376785,0.172790403055309
-0.0978773961831223,0.303680809504978,0.947733074897576,0.850223982229123
0,0,0,1
0.803593958348618,-0.250143970185219,0.540059945085335,0.519724683593696
0.282869014546634,0.958877204840021,0.0232298654237419,0.627455609342921
-0.523661981353444,0.134098844954628,0.841305906948727,0.713913685799429
0,0,0,1
0.990522244612087,-0.134210777144221,0.0292087354566608,0.765467158330414
0.136908321738865,0.981823539020451,-0.131448277523916,0.318613733518638
-0.0110360485356168,0.134201361854867,0.990892627941604,0.252379511039797
0,0,0,1
0.939259189004617,-0.163343560666035,0.301846081735924,0.900963206050373
0.209339136840837,0.969599160208543,-0.126706725589535,0.0562895369863406
-0.271972979645262,0.182198654528045,0.94489912087537,0.443509247434072
0,0,0,1
0.999850431895639,-0.0102811965983913,0.0139072223901351,0.76464045426978
0.0110819129188974,0.998209442605727,-0.0587800978122861,0.243683930209342
-0.0132779909685699,0.0589254248119534,0.998174077637047,0.68211606104951
0,0,0,1
0.931915030725094,-0.223197567895774,0.285862241637574,0.0762044335388465
0.342473899236507,0.800965702240844,-0.491086114826691,0.444624971046257
-0.119356624660679,0.555550888325491,0.822871318390893,0.165706296551124
0,0,0,1
0.997475229507165,-0.0704619696125795,0.0088474492338007,0.298131346189006
0.0708886514836681,0.995375335771737,-0.0648285433133386,0.133172784517682
-0.00423858590284553,0.0652920498653419,0.997857195501403,0.295008954572581
0,0,0,1
0.85921229713836,0.00564307119700666,0.511588100129086,0.00333456174371782
0.223917053973668,0.894936433746359,-0.385940322450378,0.142464354163468
-0.460016718593983,0.4461579712398,0.767676809154224,0.862405458890795
0,0,0,1
0.960517063800626,-0.187672945444893,0.205391907571505,0.594185462784967
0.2406398024718,0.930917296328149,-0.274746197177364,0.309563092541107
-0.139640451210087,0.313323878670502,0.939323528631491,0.901802906347484
0,0,0,1
0.993866167227073,-0.0589108318401754,0.0935924972060584,0.325143400597059
0.0668750657976535,0.994187790456583,-0.0843703910244391,0.367639299837922
-0.0880781880826746,0.0901118815637306,0.992029274560543,0.794839466004007
0,0,0,1
0.794396449037943,-0.573545830047511,0.19994864988546,0.750876451961769
0.603216707795826,0.706387935781129,-0.370331861468658,0.00923035437930009
0.0711609808242672,0.414802682028441,0.907124495199055,0.476784851857698
0,0,0,1
0.862095761558918,-0.153899442751363,0.482810376258598,0.186238205758118
0.247054653000457,0.959511466547768,-0.135283938419075,0.646502710583242
-0.442441969452462,0.23590825988967,0.865212341903914,0.128169077499018
0,0,0,1
0.926390778065517,-0.114250155309629,0.358813361410764,0.77525771213823
0.295897210655203,0.81020695278689,-0.505973847527965,0.591834205678923
-0.232905489505155,0.574901379079497,0.784374551659382,0.376179807647948
0,0,0,1
0.921229590318274,-0.311002167213943,0.233695729336794,0.732923311686192
0.386681265195935,0.797815579566502,-0.462566644006502,0.38468000462379
-0.0425868649761486,0.516495840243847,0.85523003101055,0.0400827288350992
0,0,0,1
0.978227799429007,-0.130528336033679,0.16134660181287,0.848490359055661
0.161238952811397,0.96748139523303,-0.194889070946098,0.16036438186983
-0.13066128929628,0.21666126412035,0.967463448461597,0.157864376280118
0,0,0,1
0.973336794682305,-0.144813455234633,0.177889143290376,0.279816289960718
0.166410347838473,0.979547295204812,-0.113113626894443,0.931763908416897
-0.157870454011684,0.139700249247966,0.977527882011659,0.399692412962547
0,0,0,1
0.980959070719186,-0.117505922870066,0.154633953788313,0.185107820794947
0.124125255992607,0.991689442543464,-0.0338374108436778,0.0816897139884339
-0.149372763241904,0.0523870941958808,0.987392206756358,0.464093622980913
0,0,0,1
0.992089225730941,-0.124845573953184,0.0131358613300527,0.854725146948443
0.125530188635631,0.98571725391539,-0.11226605486346,0.384284325544405
0.00106767489681536,0.11302689059601,0.993591355675215,0.399618961028858
0,0,0,1
0.830926633914554,-0.439249273536931,0.341498176786798,0.919576138372647
0.522508534265088,0.82694942958851,-0.207700439391413,0.288692050332415
-0.191169455383379,0.351019538773151,0.916645800038328,0.550859427511333
0,0,0,1
0.979546798344725,-0.164750419961251,0.115522157940324,0.331276852824455
0.173580781216666,0.982256124611007,-0.0710113938490046,0.431593646762121
-0.101773190206506,0.0896114099139053,0.990763348619857,0.717901601019375
0,0,0,1
0.999198359304327,-0.0235541358306621,0.0323703791885568,0.234036569972519
0.0236943814175187,0.99971142261636,-0.0039557274445116,0.200948357365792
-0.032267864087686,0.00471955248353449,0.999468113934393,0.380306063271272
0,0,0,1
0.907404020995052,-0.389549067754334,0.157700559586006,0.233564709215544
0.418099774177537,0.798780911139445,-0.432598699526399,0.0323283382069697
0.0425502234389355,0.458476367778065,0.887687387921181,0.579859263775277
0,0,0,1
0.962190911946928,-0.0618306972406118,0.26526517646589,0.756727389482938
0.0849622081422256,0.993433682418845,-0.0766220713850112,0.542089075444797
-0.258785764976239,0.0962625758769857,0.961126133413919,0.282062872879027
0,0,0,1
0.920126248917347,-0.109198957227487,0.376089449192238,0.903790906459165
0.16906999827169,0.976997607569961,-0.129965420350888,0.540375734165828
-0.353246403715172,0.183170037241362,0.917423411364292,0.817863312231253
0,0,0,1
0.982876428568769,-0.0934300078710386,0.158823045535338,0.404426208195778
0.115369245407063,0.984099062377552,-0.135051740610141,0.302237425794988
-0.143679725007071,0.151062467399554,0.978026721293979,0.757311083635501
0,0,0,1
0.816766672632162,0.0714491247334588,0.572527051808217,0.613877842567314
0.275183228124335,0.823926028785468,-0.495398920112749,0.661857942093214
-0.507115759404553,0.56217516991115,0.653293720235326,0.200024595896795
0,0,0,1
0.966690874728569,0.0422638993355241,0.252433190229557,0.718280463661178
0.0615044406790426,0.919013961498152,-0.389397666079589,0.449426591726197
-0.248447089927157,0.391952932613636,0.885802992838869,0.659616768761805
0,0,0,1
0.988973351623691,-0.00470243548593802,0.148018907166296,0.988430867357282
0.0344785097296027,0.979341587225166,-0.199251820313185,0.251095440428348
-0.144024102653096,0.20215821188315,0.968704864870192,0.315472991527951
0,0,0,1
0.629216408018618,-0.672214099489713,0.390147300807505,0.523551091500771
0.745086949158992,0.664558592062455,-0.056633169688026,0.260843351982082
-0.221206125758519,0.326328181687088,0.919009122785898,0.493079306041446
0,0,0,1
0.780728092381636,-0.558621940286707,0.280009238412677,0.42042870124015
0.587635573712942,0.808738963311429,-0.0250144304156149,0.487663607210372
-0.212480771537553,0.184072857999953,0.959671352429849,0.460325494339181
0,0,0,1
0.960735394310108,-0.125514052085597,0.247454490460076,0.539010349313424
0.179450083283576,0.961282052239679,-0.209127912176707,0.428449936007297
-0.211625068763887,0.245322316088294,0.946061198601737,0.617153494459035
0,0,0,1
0.711548474434321,-0.689482176866766,0.135325889294161,0.539775820318468
0.69264651807021,0.720661623085584,0.0297930531645627,0.23225475305078
-0.11806595417564,0.0725338044963702,0.990353107568143,0.739832227063707
0,0,0,1
0.970606954377413,-0.0854765808867826,0.224979764054698,0.994609895249091
0.119840170438377,0.982323762876939,-0.143799716399555,0.206764149130446
-0.208711460307054,0.166534618044409,0.963693803720508,0.607363956107084
0,0,0,1
0.945542964328741,-0.026786242738078,0.32439327953642,0.521882381409282
0.0345692337404661,0.999235618421002,-0.0182523137545773,0.931949933886006
-0.32365640838243,0.0284723739574921,0.945746188590898,0.147111980322787
0,0,0,1
0.995223407344873,-0.0956744060899716,0.0194107571256951,0.641341360210975
0.095879297768971,0.995343608421659,-0.00991269052677633,0.174060860147872
-0.0183719822607828,0.0117264314043893,0.999762452322714,0.0621519426336853
0,0,0,1
0.878541658864463,0.159297849012141,0.45032071786648,0.86632740366717
0.193439229861771,0.743337840969072,-0.640335941935109,0.615205796593277
-0.436744568357938,0.649671493513101,0.622238806670152,0.0269444844838657
0,0,0,1
0.92097978583934,-0.261190324558559,0.289094877907441,0.561880235062444
0.356315216127965,0.864787257179743,-0.353811343197498,0.241554770085929
-0.157593466968034,0.428861998988638,0.889517669859607,0.912720162652781
0,0,0,1
0.931883029953631,-0.332612504562781,0.144785842860803,0.971925137586938
0.358550023843873,0.905149550636315,-0.228355362066308,0.648320621265659
-0.0550989916967408,0.264713454118506,0.962751727249893,0.614671003416509
0,0,0,1
0.976910208930886,-0.178732300147929,0.117052161750402,0.873450099080692
0.195885410368263,0.968020507330592,-0.156732904625292,0.300348734897046
-0.0852956604492221,0.176042785342808,0.980680166026252,0.400029715619638
0,0,0,1
0.999452221194965,-0.0328847554203951,0.00372161381552756,0.599441720175534
0.0329007365949884,0.999449298174613,-0.00431762779545179,0.0902161331201864
-0.00357758018195623,0.00443770652631036,0.999983753708443,0.978224034127668
0,0,0,1
0.62191765504682,-0.1833603449803,0.761312954198055,0.993716131600963
0.391399781182514,0.914836635265611,-0.0993989037473562,0.770983940011353
-0.678251164120892,0.359795656817312,0.640720253858151,0.313801920872552
0,0,0,1
0.734688608375947,-0.429972736721481,0.524743836932702,0.144841838461304
0.629381239761777,0.720691862289998,-0.290658725423654,0.244880529743163
-0.253203285441842,0.543807581139887,0.800100875475238,0.37897165848807
0,0,0,1
0.848803813160274,-0.469022744608592,0.244028178299971,0.857763286845635
0.528573158313097,0.742370161753349,-0.411700084101552,0.861999317827353
0.0119374652039732,0.47843934618521,0.878039457511092,0.313302194836426
0,0,0,1
0.961198725985571,-0.130650601809057,0.242955612017188,0.726669335495522
0.134630569773064,0.990895836875665,0.000223930918335228,0.872684459300564
-0.240772961202655,0.0324940103620249,0.970037380952042,0.285814782532667
0,0,0,1
0.927592921303372,-0.195312006356626,0.318472279046113,0.504616246876344
0.203360894038214,0.979070124574082,0.00812637326669563,0.00791083757342614
-0.313393872186191,0.057226841075149,0.94789734124361,0.919073177464621
0,0,0,1
0.813388595922178,-0.272366562952681,0.514018917365003,0.344914599267407
0.465556947803079,0.834591738801809,-0.294471319275839,0.704233239500645
-0.34879180090138,0.47882469120662,0.805649548324119,0.16086367902273
0,0,0,1
0.662624072283576,-0.489458800987667,0.566885721257861,0.340801507895534
0.681723652677976,0.70759577152348,-0.185906120129193,0.0367304435835989
-0.310132552644397,0.509645274929343,0.802545633302222,0.538369850492198
0,0,0,1
0.86117720036438,-0.467633313234399,0.199230805665154,0.175771545768642
0.479430841842024,0.877487601986741,-0.0127112646973947,0.416331859021737
-0.168878351079161,0.106464044226103,0.979870149470738,0.739791840981316
0,0,0,1
0.775581162889116,-0.267659507042063,0.57169244184401,0.740225524137642
0.436962789308639,0.881241225768566,-0.180214934912537,0.991735477952075
-0.455562707572933,0.389579632804277,0.800431339449489,0.128181357237449
0,0,0,1
0.999233129787958,-0.00053619759025484,0.0391518176628608,0.51951476638776
0.000812552910712651,0.999974867742564,-0.00704298523417768,0.585904472449875
-0.0391470572575895,0.00706939710199939,0.999208452492614,0.190733026170859
0,0,0,1
0.800487590994491,-0.451414300410581,0.39426481715804,0.519936595351645
0.522108178392673,0.848237499994266,-0.0888605292520888,0.331736410800664
-0.294317289195387,0.276980636486205,0.914690691049371,0.934172712819677
0,0,0,1
0.636981895982227,-0.333273188521759,0.695113692861411,0.101762134380532
0.488595469820952,0.872006506790052,-0.0296499407462316,0.36687593972201
-0.596262132842034,0.358515876814893,0.718288128128481,0.275845534967993
0,0,0,1
0.980053152439022,-0.140277445692369,0.140776619594165,0.726158176374528
0.170183204922821,0.958202145903649,-0.229970268399722,0.334042554571979
-0.102632817151889,0.249340902813131,0.962961899053021,0.522772766352871
0,0,0,1
0.824225414692919,-0.347346495742798,0.447216812820677,0.469092961868098
0.416969390282014,0.906643051753385,-0.0643032213435216,0.378395181508715
-0.383130517372516,0.239476071043658,0.892111101856356,0.340393733719399
0,0,0,1
0.981118663207031,0.00504961659957796,0.193340813278123,0.56253339120956
0.0407569581961361,0.97181260165698,-0.232204947447917,0.830560709643071
-0.189063584715426,0.235700591074542,0.953257673612788,0.957698738551541
0,0,0,1
0.838321924756946,-0.505869678902587,0.203254073609369,0.166602821775987
0.531306192013518,0.841651394364173,-0.0966263974953946,0.102093794787091
-0.122188709789015,0.188994175391298,0.974346509650575,0.146247104764678
0,0,0,1
0.923698013501318,-0.338114931309354,0.18016734742841,0.209643322721594
0.35034389177483,0.935764395391005,-0.0400518890262836,0.480356487911089
-0.155052047228615,0.10011637999937,0.982820214030032,0.112987559416233
0,0,0,1
0.79482007667611,-0.398196205930286,0.457931028971948,0.739152167184324
0.581607095054758,0.715209258836329,-0.387567933473287,0.253619767514479
-0.17318843117988,0.574382710096251,0.800056416540695,0.719250284659865
0,0,0,1
0.857241126196344,-0.400710550225396,0.32337084979275,0.286175231686453
0.454779357324379,0.883719700373473,-0.11052251953084,0.627410342635826
-0.241481650874864,0.24180683635886,0.939795757694655,0.46282792316263
0,0,0,1
0.987081061879616,-0.0201810067387505,0.158945601529644,0.358544688773658
0.0388536754465283,0.992574834655618,-0.115263131627892,0.134342698970895
-0.155439278121412,0.119949675178316,0.980535928072863,0.998594597293282
0,0,0,1
0.893652540554649,-0.395407628975584,0.212221449689064,0.657183183790527
0.425841017674232,0.896391785082083,-0.123049564418291,0.528314693572702
-0.141578827606373,0.20033615396444,0.969443583190038,0.825773161442162
0,0,0,1
0.994618941587507,-0.0985697148295376,0.0318931396035295,0.766770029537118
0.103600930205497,0.946586759709612,-0.305352834607791,0.6812559351515
-9.10818445903072e-05,0.307013872098446,0.951705035209553,0.714536728018305
0,0,0,1
0.959982080108121,-0.230639016403387,0.158871174175065,0.663318497680869
0.264023262926311,0.934512831464739,-0.238699569462327,0.602258176526865
-0.0934137168997651,0.271092995003993,0.958009637506187,0.656462946712791
0,0,0,1
0.866390998766513,-0.369282061620865,0.336150853370041,0.865829381113203
0.406344922840102,0.912623979196571,-0.0447356264903985,0.119169322975101
-0.290259265034615,0.175351736690746,0.940745091669951,0.955275201170228
0,0,0,1
0.99980152979181,-0.0160519023696865,0.0117998922143638,0.782249707503029
0.0161295561291861,0.999848681793622,-0.00651543817651149,0.327245076240868
-0.0116935214983334,0.0067044720799301,0.99990915167784,0.817476329698851
0,0,0,1
0.984311713280492,-0.131738084664882,0.117369195906125,0.454664027740148
0.161782974550383,0.939333431725129,-0.302454911001826,0.0290355097235441
-0.0704039788964512,0.316698249272586,0.945909878721661,0.637101872656819
0,0,0,1
0.985101361268976,-0.168929626317093,0.0322193944446038,0.824557518411133
0.170130882852195,0.929922679092847,-0.326035724436318,0.537535656063027
0.0251155474943746,0.326659749986357,0.944808243514475,0.817516082947517
0,0,0,1
0.987836232277193,-0.137393380877157,0.0728192082595315,0.155416794977341
0.13967094007619,0.989825903264089,-0.0271423971981927,0.387663140685647
-0.0683491528742962,0.0369829706564464,0.996975753558125,0.895733134019957
0,0,0,1
0.979663326782231,-0.106444267276118,0.170086401931551,0.158449300200466
0.113982996914579,0.992860245847925,-0.0351626027075549,0.0495202961955035
-0.165129169356422,0.0538344701733809,0.984801608065711,0.680883747990123
0,0,0,1
0.981516106679002,0.0227360477732481,0.1900242207229,0.144827989332741
0.0317073807121759,0.959877011689642,-0.278622979020282,0.974829375111397
-0.18873466649788,0.279498111910288,0.941413846881656,0.833760065956362
0,0,0,1
0.724426806602348,-0.568904636904156,0.389298492143078,0.333704420658865
0.595811475117919,0.800766879776276,0.0614905714006457,0.553678828448656
-0.346719610050735,0.187403090589026,0.919056904464543,0.5502939448828
0,0,0,1
0.997673952419125,-0.0625972730703407,0.0269864052544676,0.490137663316258
0.0651077799595457,0.992312249461147,-0.10524911666184,0.886904095824422
-0.0201906328068376,0.106761327143847,0.994079653434947,0.905048281577648
0,0,0,1
0.918103946785837,-0.219989449530183,0.329681338555393,0.861992146483479
0.290731370406545,0.939148870059975,-0.182960843151218,0.125649252286031
-0.269370401413742,0.263825779560072,0.926194118358414,0.645580255723501
0,0,0,1
0.940408402596361,-0.337802873653409,0.0390032675254184,0.83435338138818
0.340021848733217,0.932734484255703,-0.119964679236403,0.791343687458312
0.0041447207633582,0.12607775549932,0.992011703992472,0.656612708164405
0,0,0,1
0.758938807463765,-0.432023119742793,0.487204177458674,0.205316778886351
0.57343815807474,0.797919726121191,-0.185722345264464,0.494357067828648
-0.308513476835823,0.420333361362607,0.85331078742524,0.0312089596566836
0,0,0,1
0.983600237828431,-0.11416872788906,0.139628341378276,0.272472027662029
0.134153117546559,0.980548638221338,-0.143273546528376,0.775817420377806
-0.120555021448274,0.159655471733584,0.979783964529494,0.331411414741901
0,0,0,1
0.632190483751893,-0.711931816949387,0.305758532617966,0.521581278940114
0.771556994480677,0.6145826810255,-0.164280042766774,0.840339421490275
-0.0709577093873002,0.339766414171048,0.937829295383683,0.625029679129942
0,0,0,1
0.957737421510383,-0.0860968439970566,0.274456489980451,0.810526689988458
0.131470701797459,0.979682556431272,-0.15145145490609,0.72324819510584
-0.255840743447025,0.181133713256352,0.949597857998026,0.674674046120504
0,0,0,1
0.580032178616037,-0.798802853110253,0.159614139827441,0.320900690746152
0.803314872823754,0.593406505723858,0.0505364627250244,0.783247900846885
-0.13508473958997,0.0989076378624092,0.985885080677453,0.21222171433272
0,0,0,1
0.728925135307681,-0.422384927075131,0.538757014336162,0.757631721044845
0.552782234128155,0.827397595074741,-0.0992220806918533,0.659647529115392
-0.403856346674117,0.370140774630776,0.836597787593754,0.599459320988681
0,0,0,1
0.757940568291024,-0.640500709898568,0.123632259374768,0.913675141954088
0.6481578093522,0.718065986585503,-0.25352059696353,0.576704962817838
0.0736040020273124,0.27228675973763,0.959396878959456,0.287909274145398
0,0,0,1
0.562643420320459,-0.420276116284864,0.711899127440543,0.0448905722328005
0.514412571630319,0.852097939981441,0.0964821580815095,0.564458151981422
-0.647156926655952,0.31192480946519,0.695622617172075,0.633544303156179
0,0,0,1
0.77120479937855,-0.357065763938069,0.527017265029157,0.474905196360106
0.376341354681036,0.923445312747624,0.0749395697965111,0.842403609497674
-0.513429977866829,0.140544635570934,0.846544070465266,0.496963455325755
0,0,0,1
0.999824411888987,-0.0173894560024688,0.00698227833736989,0.0272515642671105
0.0176385134036957,0.999146489574702,-0.037352044327686,0.905282667459542
-0.00632678715857806,0.0374686427628221,0.999277775482754,0.471062246494722
0,0,0,1
0.94408966837572,-0.177872692905957,0.277589630902537,0.415545708937644
0.180555496696688,0.983433245971315,0.0160861223088783,0.576499797766923
-0.275852153659956,0.0349335918094178,0.960565059475128,0.95950052865169
0,0,0,1
0.997065405017499,-0.0566886199952695,0.0514487947412121,0.792784736413836
0.0689346755395644,0.957133529400664,-0.28132439888016,0.273747993077394
-0.0332954745505516,0.284045431683139,0.95823254177386,0.615694400284643
0,0,0,1
0.957826138485624,-0.246116552826214,0.148309577771162,0.926471637376764
0.276426040182566,0.930152483205693,-0.241671269072824,0.514119991814143
-0.0784712223856945,0.272475687743373,0.958957385312857,0.193143288141933
0,0,0,1
0.959513963847282,-0.239452937743195,0.148307935688659,0.924708227033502
0.267925759409207,0.938370648241527,-0.21834906449027,0.0555504735405636
-0.0868834888058562,0.2492444926672,0.964535350439782,0.384047546003501
0,0,0,1
0.968881762099531,-0.192163824330579,0.156016651962394,0.706081441736291
0.224357521502383,0.948032365629632,-0.225606596233336,0.931702775674971
-0.104555409311121,0.253589625847214,0.961644668287853,0.108900913968859
0,0,0,1
