1.000000000000000000e+00,0.000000000000000000e+00,0.000000000000000000e+00,5.000000000000000000e-01
0.000000000000000000e+00,-1.000000000000000000e+00,0.000000000000000000e+00,5.000000000000000000e-01
0.000000000000000000e+00,0.000000000000000000e+00,-1.000000000000000000e+00,1.000000000000000000e+00
0.000000000000000000e+00,0.000000000000000000e+00,0.000000000000000000e+00,1.000000000000000000e+00
9.998865977432613850e-01,1.505927804555357193e-02,9.898561576391350667e-05,4.998394400000000237e-01
1.505956271741485004e-02,-9.998470288665435302e-01,-8.895416657227881232e-03,4.975993699999999853e-01
-3.498807895016918100e-05,8.895898576993041193e-03,-9.999604300992825934e-01,1.001043169999999982e+00
0.000000000000000000e+00,0.000000000000000000e+00,0.000000000000000000e+00,1.000000000000000000e+00
9.999410893021044577e-01,7.528060762501603137e-03,-7.819605263534569473e-03,5.004905299999999890e-01
7.439487398489243175e-03,-9.999085334196358144e-01,-1.129507954118204663e-02,4.979214100000000087e-01
-7.903920076084619550e-03,1.123624028534426014e-02,-9.999056330232772849e-01,1.001301039999999976e+00
0.000000000000000000e+00,0.000000000000000000e+00,0.000000000000000000e+00,1.000000000000000000e+00
9.996006075609265018e-01,-1.378907217378182344e-02,-2.466752627267675829e-02,5.010022699999999718e-01
-1.379617655972202421e-02,-9.999048212840069283e-01,-1.178360361809036928e-04,4.993868599999999880e-01
-2.466355359959182536e-02,4.581065211084328886e-04,-9.996957033328968123e-01,1.000872959999999923e+00
0.000000000000000000e+00,0.000000000000000000e+00,0.000000000000000000e+00,1.000000000000000000e+00
9.994164290121458905e-01,-1.888456203099527983e-02,-2.846356860107640205e-02,5.013401800000000241e-01
-1.908167194066938757e-02,-9.997956840712411974e-01,-6.669325938040343571e-03,4.992989299999999742e-01
-2.833180574124003273e-02,7.208566391220836561e-03,-9.995725813336537868e-01,1.000668789999999975e+00
0.000000000000000000e+00,0.000000000000000000e+00,0.000000000000000000e+00,1.000000000000000000e+00
9.995781053358487878e-01,-1.535520665471198920e-02,-2.465418751015405890e-02,5.012662900000000032e-01
-1.565692605542563093e-02,-9.998043027744473177e-01,-1.209201472858031576e-02,4.983576999999999591e-01
-2.446368736903089397e-02,1.247292196289057076e-02,-9.996229060090698892e-01,1.000748980000000010e+00
0.000000000000000000e+00,0.000000000000000000e+00,0.000000000000000000e+00,1.000000000000000000e+00
9.997898438954082589e-01,2.155516007693893381e-03,-2.038680441697824156e-02,5.011375399999999924e-01
2.228246100518459141e-03,-9.999912322583118796e-01,3.545465529230922789e-03,4.962567500000000242e-01
-2.037898336304027821e-02,-3.590147245450499031e-03,-9.997858810164529375e-01,1.001279449999999960e+00
0.000000000000000000e+00,0.000000000000000000e+00,0.000000000000000000e+00,1.000000000000000000e+00
9.997536340186463644e-01,-4.126957660507918867e-03,-2.180916062068707570e-02,5.013152699999999795e-01
-4.068534352901830541e-03,-9.999880173437748487e-01,2.722535047652769637e-03,4.962702600000000186e-01
-2.182013507588370996e-02,-2.633132988440765702e-03,-9.997584449835547060e-01,1.001414790000000110e+00
0.000000000000000000e+00,0.000000000000000000e+00,0.000000000000000000e+00,1.000000000000000000e+00
9.996092254021593515e-01,-1.121955497222693054e-02,-2.560308725760718565e-02,5.015874099999999558e-01
-1.119025483614105934e-02,-9.999365583964925364e-01,1.287392279277785843e-03,4.955103299999999433e-01
-2.561590692514499265e-02,-1.000384128073007056e-03,-9.996713582693057543e-01,1.001803280000000074e+00
0.000000000000000000e+00,0.000000000000000000e+00,0.000000000000000000e+00,1.000000000000000000e+00
9.996258569837763730e-01,-1.009930523323906461e-02,-2.541948235620055535e-02,5.016029699999999814e-01
-1.013879860171841736e-02,-9.999475853254380375e-01,-1.425259534362059493e-03,4.949072999999999944e-01
-2.540375587123120532e-02,1.682449295630423494e-03,-9.996758567415753305e-01,1.002277150000000061e+00
0.000000000000000000e+00,0.000000000000000000e+00,0.000000000000000000e+00,1.000000000000000000e+00
9.996533734687934603e-01,-5.938574386678116893e-03,-2.564890342130948797e-02,5.014936800000000527e-01
-5.896395922531251499e-03,-9.999811372699347611e-01,1.719773081988250135e-03,4.938452099999999789e-01
-2.565863261334336287e-02,-1.567940873459570386e-03,-9.996695334628492580e-01,1.003068240000000166e+00
0.000000000000000000e+00,0.000000000000000000e+00,0.000000000000000000e+00,1.000000000000000000e+00
9.996645963596846318e-01,-5.435985219041363989e-03,-2.532083825088611573e-02,5.012393200000000437e-01
-5.219023465305916779e-03,-9.999491694094678751e-01,8.626725414911931220e-03,4.924728400000000228e-01
-2.536644592956924238e-02,-8.491681930811177323e-03,-9.996421533523324188e-01,1.005083919999999909e+00
0.000000000000000000e+00,0.000000000000000000e+00,0.000000000000000000e+00,1.000000000000000000e+00
9.996959909755175344e-01,-9.456453146588838371e-03,-2.277061969654393600e-02,5.011078300000000318e-01
-9.273973148700133395e-03,-9.999241390228778004e-01,8.106147136211877893e-03,4.918286899999999573e-01
-2.284554769567702023e-02,-7.892508678683676435e-03,-9.997078519533801888e-01,1.006535420000000070e+00
0.000000000000000000e+00,0.000000000000000000e+00,0.000000000000000000e+00,1.000000000000000000e+00
9.997103738462855826e-01,-3.935099842963662477e-03,-2.374201788699976251e-02,5.011685200000000062e-01
-3.736276227688900900e-03,-9.999576308537933000e-01,8.412891133259010196e-03,4.909048799999999879e-01
-2.377411752455001193e-02,-8.321747802929900517e-03,-9.996827195912877384e-01,1.007917179999999968e+00
0.000000000000000000e+00,0.000000000000000000e+00,0.000000000000000000e+00,1.000000000000000000e+00
9.997285925838025333e-01,-2.817635112767956189e-04,-2.329510205459740455e-02,5.009962500000000318e-01
9.787409568704532855e-06,-9.999216907214595329e-01,1.251448476548470273e-02,4.896098299999999681e-01
-2.329680395713131305e-02,-1.251131624021420766e-02,-9.996503018012450337e-01,1.010581359999999984e+00
0.000000000000000000e+00,0.000000000000000000e+00,0.000000000000000000e+00,1.000000000000000000e+00
9.997800578805422500e-01,-1.705481553424291214e-03,-2.090280356915837079e-02,5.007448999999999373e-01
-1.286203082213225029e-03,-9.997980401913030279e-01,2.005553567624300537e-02,4.886987299999999701e-01
-2.093278638908818712e-02,-2.002423936884196315e-02,-9.995803360869440768e-01,1.013359990000000099e+00
0.000000000000000000e+00,0.000000000000000000e+00,0.000000000000000000e+00,1.000000000000000000e+00
9.998449516846975582e-01,-6.202605633827549397e-03,-1.648029957179534058e-02,5.003749100000000061e-01
-5.916468345534029588e-03,-9.998318894499795828e-01,1.735477574617990890e-02,4.868104600000000004e-01
-1.658517388938689566e-02,-1.725457974669656822e-02,-9.997135647198270858e-01,1.016970750000000034e+00
0.000000000000000000e+00,0.000000000000000000e+00,0.000000000000000000e+00,1.000000000000000000e+00
9.999414590049919838e-01,-3.792516743754767092e-03,-1.013387288833219463e-02,5.001232500000000192e-01
-3.619105118692359825e-03,-9.998476451025811729e-01,1.707596735073311708e-02,4.850082400000000349e-01
-1.019708983526130056e-02,-1.703829215537133387e-02,-9.998028385433398446e-01,1.019836269999999878e+00
0.000000000000000000e+00,0.000000000000000000e+00,0.000000000000000000e+00,1.000000000000000000e+00
9.999434370509734382e-01,-5.281783739582466414e-03,-9.231763602621437595e-03,5.001631500000000008e-01
-5.125705617261879996e-03,-9.998449019085984268e-01,1.684931064794229980e-02,4.840153500000000109e-01
-9.319326188709875156e-03,-1.680103829868779056e-02,-9.998154206009599587e-01,1.021530760000000093e+00
0.000000000000000000e+00,0.000000000000000000e+00,0.000000000000000000e+00,1.000000000000000000e+00
9.999683453169481151e-01,-4.638718693847633870e-03,-6.464569047091740968e-03,5.000333000000000139e-01
-4.464396220109674226e-03,-9.996328742565806502e-01,2.672425624629300167e-02,4.812606799999999407e-01
-6.586162044403293982e-03,-2.669454990081324836e-02,-9.996219402729803472e-01,1.026097029999999855e+00
0.000000000000000000e+00,0.000000000000000000e+00,0.000000000000000000e+00,1.000000000000000000e+00
9.999576698095412608e-01,-6.955226160628747399e-03,-6.023571874492942603e-03,5.001430500000000334e-01
-6.795455095799262345e-03,-9.996349195615442662e-01,2.615051401456439106e-02,4.802963299999999935e-01
-6.203255525419919779e-03,-2.610847414613612361e-02,-9.996398687520655635e-01,1.027312320000000057e+00
0.000000000000000000e+00,0.000000000000000000e+00,0.000000000000000000e+00,1.000000000000000000e+00
9.999293857693901666e-01,-1.149976169860693169e-02,-2.996490568233839847e-03,5.001648300000000047e-01
-1.143041518136167327e-02,-9.996878899764217730e-01,2.221414511682582443e-02,4.780348200000000269e-01
-3.251012708673706262e-03,-2.217832535077779443e-02,-9.997487448359227979e-01,1.029914250000000031e+00
0.000000000000000000e+00,0.000000000000000000e+00,0.000000000000000000e+00,1.000000000000000000e+00
9.999358445314840971e-01,-1.129745441834039028e-02,-8.211849809978940054e-04,5.000247600000000681e-01
-1.127228639538478856e-02,-9.995983127356233844e-01,2.600286014105271729e-02,4.762124600000000041e-01
-1.114621248639353131e-03,-2.599193528308821680e-02,-9.996615311792846903e-01,1.032019499999999868e+00
0.000000000000000000e+00,0.000000000000000000e+00,0.000000000000000000e+00,1.000000000000000000e+00
9.998818738850351329e-01,-1.535759702092626654e-02,6.184576738618067322e-04,4.996920400000000040e-01
-1.536953300736531268e-02,-9.993671876188263692e-01,3.207805739089722441e-02,4.733736799999999634e-01
1.254244275650100464e-04,-3.208377354023407568e-02,-9.994851753498558145e-01,1.035144350000000157e+00
0.000000000000000000e+00,0.000000000000000000e+00,0.000000000000000000e+00,1.000000000000000000e+00
9.995301842551633786e-01,-3.064849586049721644e-02,2.836623508073281828e-04,4.995457500000000106e-01
-3.063741617709063100e-02,-9.988201102131942788e-01,3.767938645592974062e-02,4.692233999999999572e-01
-8.714888593239283280e-04,-3.767037476841240268e-02,-9.992898395220354280e-01,1.039500499999999938e+00
0.000000000000000000e+00,0.000000000000000000e+00,0.000000000000000000e+00,1.000000000000000000e+00
9.997483775427852271e-01,-2.234405028070706595e-02,-1.981165723130505572e-03,4.996033500000000016e-01
-2.221967044185611806e-02,-9.985431270757211264e-01,4.917224435894824996e-02,4.659599300000000222e-01
-3.076986516801520719e-03,-4.911585066853721426e-02,-9.987883486340243255e-01,1.041996919999999882e+00
0.000000000000000000e+00,0.000000000000000000e+00,0.000000000000000000e+00,1.000000000000000000e+00
9.998019282355009585e-01,-1.822565128422115252e-02,-7.995619540766878142e-03,4.999946200000000007e-01
-1.778855335539751906e-02,-9.985042996803064064e-01,5.169846119048118749e-02,4.631387699999999774e-01
-8.925898615652152340e-03,-5.154599068024090514e-02,-9.986307321421145078e-01,1.044039380000000072e+00
0.000000000000000000e+00,0.000000000000000000e+00,0.000000000000000000e+00,1.000000000000000000e+00
9.996553125770702986e-01,-2.581222305513020815e-02,-4.794285910568247232e-03,5.000457000000000374e-01
-2.556590498872138295e-02,-9.986232747768267748e-01,4.580327036483650832e-02,4.618103800000000203e-01
-5.969969727539658176e-03,-4.566491229553434200e-02,-9.989389747359411764e-01,1.045472640000000064e+00
0.000000000000000000e+00,0.000000000000000000e+00,0.000000000000000000e+00,1.000000000000000000e+00
9.989705651949061238e-01,-4.040985677225845257e-02,2.061197103180276505e-02,4.990595199999999787e-01
-4.154969481051338370e-02,-9.974370319654910499e-01,5.824937875227204076e-02,4.526561399999999846e-01
1.820529415646767943e-02,-5.904583592022388805e-02,-9.980892527851197293e-01,1.055009160000000001e+00
0.000000000000000000e+00,0.000000000000000000e+00,0.000000000000000000e+00,1.000000000000000000e+00
9.994079546288178184e-01,-3.288442808123602512e-02,1.011704573544833230e-02,4.994104399999999555e-01
-3.342477527121692771e-02,-9.977029826574430604e-01,5.891979968152436659e-02,4.516501600000000227e-01
8.156262790750642977e-03,-5.922307646696791522e-02,-9.982114518432835260e-01,1.055096510000000043e+00
0.000000000000000000e+00,0.000000000000000000e+00,0.000000000000000000e+00,1.000000000000000000e+00
9.992463060293266253e-01,-3.539514599244973636e-02,1.593748809940969541e-02,5.003247499999999848e-01
-3.622010993317699434e-02,-9.978373048047071148e-01,5.485268249144199804e-02,4.423099500000000073e-01
1.396150146560997882e-02,-5.538859792639225232e-02,-9.983672569233099647e-01,1.062663799999999936e+00
0.000000000000000000e+00,0.000000000000000000e+00,0.000000000000000000e+00,1.000000000000000000e+00
9.991709107305593029e-01,-3.816017864141840049e-02,1.418773822424051860e-02,5.006154999999999911e-01
-3.890103478227272676e-02,-9.976590866038249628e-01,5.624105626399452523e-02,4.399558600000000319e-01
1.200835720375387737e-02,-5.674634510588700415e-02,-9.983164085971895085e-01,1.064792630000000129e+00
0.000000000000000000e+00,0.000000000000000000e+00,0.000000000000000000e+00,1.000000000000000000e+00
9.995415718840913177e-01,-2.742381385512070516e-02,1.282889352672868591e-02,5.007490500000000289e-01
-2.836838432157317083e-02,-9.963590973129058392e-01,8.039766148835149340e-02,4.325071699999999963e-01
1.057737427077121151e-02,-8.072473992185867642e-02,-9.966803075801609069e-01,1.071891099999999986e+00
0.000000000000000000e+00,0.000000000000000000e+00,0.000000000000000000e+00,1.000000000000000000e+00
9.993344431002173511e-01,-3.463109271620328639e-02,1.146116271852101916e-02,5.006115300000000268e-01
-3.549501727704578585e-02,-9.956129823507734455e-01,8.657305079007625304e-02,4.303971099999999717e-01
8.412763046758501770e-03,-8.692224566749660875e-02,-9.961795764951409948e-01,1.074768979999999985e+00
0.000000000000000000e+00,0.000000000000000000e+00,0.000000000000000000e+00,1.000000000000000000e+00
9.991824162037078461e-01,-3.250316788655418371e-02,2.404252953953157912e-02,4.997261000000000064e-01
-3.405699560885074723e-02,-9.971497795772045203e-01,6.732338478739441356e-02,4.251641800000000027e-01
2.178577975238656789e-02,-6.808715860183417456e-02,-9.974414863209315474e-01,1.080681000000000003e+00
0.000000000000000000e+00,0.000000000000000000e+00,0.000000000000000000e+00,1.000000000000000000e+00
9.992329504235717419e-01,-2.641461427596865363e-02,2.890984158475404589e-02,4.991619899999999999e-01
-2.853889708009913623e-02,-9.967207361882346461e-01,7.571859352784522657e-02,4.212128400000000328e-01
2.681496114588440352e-02,-7.648556860634121712e-02,-9.967100459279565339e-01,1.085370179999999962e+00
0.000000000000000000e+00,0.000000000000000000e+00,0.000000000000000000e+00,1.000000000000000000e+00
9.994322818845714496e-01,-2.588705536295638626e-02,2.156326254614466392e-02,4.987953199999999865e-01
-2.765134038831754820e-02,-9.959113897454913156e-01,8.599946017233855988e-02,4.186813699999999971e-01
1.924882598311214443e-02,-8.654688983342773145e-02,-9.960618045876632465e-01,1.088860780000000084e+00
0.000000000000000000e+00,0.000000000000000000e+00,0.000000000000000000e+00,1.000000000000000000e+00
9.993599263103398744e-01,-2.647568856320260330e-02,2.405775550829271012e-02,4.983737899999999832e-01
-2.841435430255393954e-02,-9.960453621969804772e-01,8.417993178576141378e-02,4.168572600000000072e-01
2.173389414167234759e-02,-8.480963601496480098e-02,-9.961601093621685887e-01,1.091488110000000011e+00
0.000000000000000000e+00,0.000000000000000000e+00,0.000000000000000000e+00,1.000000000000000000e+00
9.990831732435039303e-01,-2.897611801715041860e-02,3.151503651190707550e-02,4.976510199999999995e-01
-3.133259340369771301e-02,-9.965349801238551075e-01,7.704740086561252810e-02,4.108603999999999590e-01
2.917330170359919497e-02,-7.796420957211074032e-02,-9.965292271145421710e-01,1.098745730000000087e+00
0.000000000000000000e+00,0.000000000000000000e+00,0.000000000000000000e+00,1.000000000000000000e+00
9.990436999980127908e-01,-3.097951286409202434e-02,3.085377249194153418e-02,4.974063499999999971e-01
-3.338000434369188529e-02,-9.961878183728944958e-01,8.059532142418873724e-02,4.089550400000000474e-01
2.823934851047457326e-02,-8.154814717795089152e-02,-9.962692602341733927e-01,1.101257480000000122e+00
0.000000000000000000e+00,0.000000000000000000e+00,0.000000000000000000e+00,1.000000000000000000e+00
9.991890236680016635e-01,-2.857830846794840937e-02,2.836503598617364993e-02,4.971484399999999693e-01
-3.089144951445732187e-02,-9.959211081553434042e-01,8.477537777874476210e-02,4.062189500000000231e-01
2.582660117556842203e-02,-8.558286403097260797e-02,-9.959962650813376506e-01,1.104873500000000064e+00
0.000000000000000000e+00,0.000000000000000000e+00,0.000000000000000000e+00,1.000000000000000000e+00
9.989710625879923978e-01,-2.783947670393032217e-02,3.580195034727626235e-02,4.958895900000000467e-01
-3.066857268385138682e-02,-9.962368271033394951e-01,8.106554738362231616e-02,4.000698899999999836e-01
3.341039900020409403e-02,-8.208013072554351530e-02,-9.960655587754878582e-01,1.112653580000000142e+00
0.000000000000000000e+00,0.000000000000000000e+00,0.000000000000000000e+00,1.000000000000000000e+00
9.990336694369758019e-01,-1.315778210285724337e-02,4.193566622131615629e-02,4.945253000000000565e-01
-1.696682318394381744e-02,-9.956319734327334636e-01,9.181013228117142211e-02,3.940363700000000247e-01
4.054447240175525213e-02,-9.243292837823076369e-02,-9.948931095897127763e-01,1.120300979999999891e+00
0.000000000000000000e+00,0.000000000000000000e+00,0.000000000000000000e+00,1.000000000000000000e+00
9.989378492076605998e-01,-2.384845334773174133e-02,3.942619298504512759e-02,4.948445100000000152e-01
-2.707305720141382419e-02,-9.961493109207456564e-01,8.338824812821339638e-02,3.945689399999999791e-01
3.728569422904626229e-02,-8.436706481231033561e-02,-9.957369006825113056e-01,1.119641040000000087e+00
0.000000000000000000e+00,0.000000000000000000e+00,0.000000000000000000e+00,1.000000000000000000e+00
9.986044565194293066e-01,-2.873334257212300374e-02,4.431178674087343783e-02,4.937877700000000147e-01
-3.213409445977320755e-02,-9.964316002819685325e-01,7.804784387006451218e-02,3.901432400000000023e-01
4.191108913862769125e-02,-7.936284385119159179e-02,-9.959643566027176487e-01,1.125073929999999889e+00
0.000000000000000000e+00,0.000000000000000000e+00,0.000000000000000000e+00,1.000000000000000000e+00
9.984696240104202758e-01,-1.349014645356618435e-02,5.363232119861639086e-02,4.922257199999999777e-01
-1.822597742420715289e-02,-9.958811271744465454e-01,8.881775883620643408e-02,3.851531599999999944e-01
5.221325191388210413e-02,-8.965933574600901124e-02,-9.946029257136548285e-01,1.131033330000000170e+00
0.000000000000000000e+00,0.000000000000000000e+00,0.000000000000000000e+00,1.000000000000000000e+00
9.985067240183799209e-01,-1.635302472310817476e-02,5.212389732635640260e-02,4.917547999999999919e-01
-2.088869015663573706e-02,-9.959282457418773271e-01,8.769602018932888543e-02,3.817647600000000363e-01
5.047756643919357189e-02,-8.865386576970303578e-02,-9.947826432796584850e-01,1.134180069999999985e+00
0.000000000000000000e+00,0.000000000000000000e+00,0.000000000000000000e+00,1.000000000000000000e+00
9.984381407307503231e-01,-1.312740629700314028e-02,5.430423867467788768e-02,4.908121100000000236e-01
-1.807514830798600744e-02,-9.956273424239105996e-01,9.164869901720415490e-02,3.777731300000000125e-01
5.286367512543267699e-02,-9.248711381492649708e-02,-9.943095924461442525e-01,1.137798459999999956e+00
0.000000000000000000e+00,0.000000000000000000e+00,0.000000000000000000e+00,1.000000000000000000e+00
9.979471953646339433e-01,-1.726684905808557879e-02,6.167050500414619080e-02,4.898450900000000385e-01
-2.234629521870558355e-02,-9.963281940353456712e-01,8.264848976397028146e-02,3.734176599999999846e-01
6.001698387839551202e-02,-8.385693587218610856e-02,-9.946687770068327605e-01,1.141414179999999945e+00
0.000000000000000000e+00,0.000000000000000000e+00,0.000000000000000000e+00,1.000000000000000000e+00
9.970621065504928771e-01,-7.850509925525639074e-03,7.619399697484795231e-02,4.873553100000000415e-01
-1.492386806446099716e-02,-9.955809875045515955e-01,9.271340507961457755e-02,3.642445800000000400e-01
7.512944724333113500e-02,-9.357813213230624372e-02,-9.927732366172751233e-01,1.148847350000000045e+00
0.000000000000000000e+00,0.000000000000000000e+00,0.000000000000000000e+00,1.000000000000000000e+00
9.975440299598867799e-01,-1.052810429927443503e-02,6.924642453767981820e-02,4.877248399999999928e-01
-1.689749163024176909e-02,-9.956110559281171613e-01,9.204944372621659543e-02,3.634120200000000023e-01
6.797339970896626449e-02,-9.299346392926552407e-02,-9.933437635574310365e-01,1.148759609999999931e+00
0.000000000000000000e+00,0.000000000000000000e+00,0.000000000000000000e+00,1.000000000000000000e+00
9.971153420112764953e-01,-1.973483778689031493e-02,7.329072863098612389e-02,4.869608300000000112e-01
-2.559923328937849935e-02,-9.964694161707248199e-01,7.995862612233521627e-02,3.579066799999999771e-01
7.145399905345883873e-02,-8.160415929289717429e-02,-9.941001394252834134e-01,1.152476199999999951e+00
0.000000000000000000e+00,0.000000000000000000e+00,0.000000000000000000e+00,1.000000000000000000e+00
9.963894561542839812e-01,-1.912339166690112807e-02,8.271848376103509148e-02,4.857833899999999816e-01
-2.604330674359243980e-02,-9.961754762136960650e-01,8.340363759618164841e-02,3.533834800000000276e-01
8.080716452412793627e-02,-8.525676795170193667e-02,-9.930767773339582716e-01,1.155444719999999981e+00
0.000000000000000000e+00,0.000000000000000000e+00,0.000000000000000000e+00,1.000000000000000000e+00
9.968511518574055819e-01,-9.111384162693659042e-03,7.877032257902873147e-02,4.853559099999999460e-01
-1.628189050255897385e-02,-9.957293179422953555e-01,9.087367843239750609e-02,3.505004899999999979e-01
7.760593458123617172e-02,-9.187006078593788760e-02,-9.927422680882289630e-01,1.156701889999999899e+00
0.000000000000000000e+00,0.000000000000000000e+00,0.000000000000000000e+00,1.000000000000000000e+00
9.961477142364256743e-01,-3.445834125157618694e-02,8.063717591616575975e-02,4.840418600000000460e-01
-4.185604729343323643e-02,-9.948857158804631506e-01,9.192651218222437637e-02,3.432241799999999898e-01
7.705713936109112594e-02,-9.494753843680565908e-02,-9.924954217618722208e-01,1.161030199999999901e+00
0.000000000000000000e+00,0.000000000000000000e+00,0.000000000000000000e+00,1.000000000000000000e+00
9.962626395794798029e-01,-1.565105662380833484e-02,8.494584983791775290e-02,4.835141800000000156e-01
-2.353317052946579668e-02,-9.954255004356280523e-01,9.259731619928741886e-02,3.369577400000000056e-01
8.310801924579125366e-02,-9.425029182468390443e-02,-9.920735555532176342e-01,1.163408050000000138e+00
0.000000000000000000e+00,0.000000000000000000e+00,0.000000000000000000e+00,1.000000000000000000e+00
9.965712412895030292e-01,-1.068164878878780782e-02,8.204671482668740579e-02,4.833017000000000007e-01
-1.567538322412580926e-02,-9.980473071146059860e-01,6.046366778537276554e-02,3.230568300000000170e-01
8.124065112661010835e-02,-6.154246615497396822e-02,-9.947926826550788082e-01,1.168868330000000011e+00
0.000000000000000000e+00,0.000000000000000000e+00,0.000000000000000000e+00,1.000000000000000000e+00
9.968318785228327261e-01,2.376442467875977422e-03,7.950194011366766567e-02,4.829991100000000093e-01
-2.951663140814162183e-03,-9.977597444763460777e-01,6.683397330100621092e-02,3.174509400000000148e-01
7.948266254563622624e-02,-6.685689810104358810e-02,-9.945917059431791385e-01,1.170828089999999877e+00
0.000000000000000000e+00,0.000000000000000000e+00,0.000000000000000000e+00,1.000000000000000000e+00
9.960591490025330064e-01,8.664436381841387688e-03,8.826720359530827731e-02,4.822622699999999929e-01
3.138157506530976377e-03,-9.980365286620644927e-01,6.255589039923560579e-02,3.116291999999999951e-01
8.863590500364275371e-02,-6.203237056861519994e-02,-9.941306057786487571e-01,1.172679669999999952e+00
0.000000000000000000e+00,0.000000000000000000e+00,0.000000000000000000e+00,1.000000000000000000e+00
9.955835035889075701e-01,1.327503250923294312e-02,9.293686509407740604e-02,4.819385499999999656e-01
7.756496646342935647e-03,-9.981987235949325576e-01,5.949071333597398537e-02,3.068964799999999715e-01
9.355920126535501036e-02,-5.850710833160847890e-02,-9.938931502597561085e-01,1.173777620000000077e+00
0.000000000000000000e+00,0.000000000000000000e+00,0.000000000000000000e+00,1.000000000000000000e+00
9.939133624687276347e-01,-9.746917848389094127e-03,1.097325179632937936e-01,4.814979199999999682e-01
-1.679876992032655614e-02,-9.978389048674949358e-01,6.352417856220164694e-02,3.037282799999999616e-01
1.088762106030135984e-01,-6.498090123486517655e-02,-9.919291573693319597e-01,1.174423830000000057e+00
0.000000000000000000e+00,0.000000000000000000e+00,0.000000000000000000e+00,1.000000000000000000e+00
9.956724797224633106e-01,-6.753083675802326429e-03,9.268607761788466570e-02,4.831682600000000161e-01
-1.233749951879712162e-02,-9.981334843437086324e-01,5.981081455315072348e-02,3.002424200000000098e-01
9.210917016749531339e-02,-6.069549647836582074e-02,-9.938973576171233892e-01,1.174120790000000136e+00
0.000000000000000000e+00,0.000000000000000000e+00,0.000000000000000000e+00,1.000000000000000000e+00
9.962116871877366719e-01,-5.133460819767228338e-03,8.680968776913831897e-02,4.838462400000000385e-01
-1.025720652934791061e-02,-9.982241386775509984e-01,5.868013868146434303e-02,2.952942299999999909e-01
8.635429360939540777e-02,-5.934826485646822053e-02,-9.944952083513267649e-01,1.174778899999999959e+00
0.000000000000000000e+00,0.000000000000000000e+00,0.000000000000000000e+00,1.000000000000000000e+00
9.954430824696893776e-01,-1.662933147402132286e-02,9.389640513869798588e-02,4.840454499999999882e-01
-2.305775526867267708e-02,-9.974325477421495112e-01,6.779861817599851237e-02,2.905540999999999818e-01
9.252788490619129336e-02,-6.965470579459769052e-02,-9.932707649354504120e-01,1.175913540000000035e+00
0.000000000000000000e+00,0.000000000000000000e+00,0.000000000000000000e+00,1.000000000000000000e+00
9.946956855606581271e-01,-3.334586518842076047e-02,9.730645611596466793e-02,4.853031200000000323e-01
-3.856417519105836272e-02,-9.978892091072271153e-01,5.224873911575509539e-02,2.783647499999999941e-01
9.535878312376813715e-02,-5.572413859530308405e-02,-9.938820467535196546e-01,1.177249530000000100e+00
0.000000000000000000e+00,0.000000000000000000e+00,0.000000000000000000e+00,1.000000000000000000e+00
9.950001313491660948e-01,-3.140055569618731973e-02,9.480898542392057760e-02,4.859012200000000226e-01
-3.603446708587208086e-02,-9.982178991680700220e-01,4.756619558386322028e-02,2.746148099999999870e-01
9.314642127843530961e-02,-5.074476211842721823e-02,-9.943584430780302297e-01,1.177342989999999867e+00
0.000000000000000000e+00,0.000000000000000000e+00,0.000000000000000000e+00,1.000000000000000000e+00
9.955966835052627584e-01,-2.203674897228278043e-02,9.111325637938101629e-02,4.859266999999999892e-01
-2.717709356314905109e-02,-9.980850329038221114e-01,5.556683074313893689e-02,2.753619199999999823e-01
8.971426519111698472e-02,-5.779834589423300806e-02,-9.942890434039332037e-01,1.176966089999999854e+00
0.000000000000000000e+00,0.000000000000000000e+00,0.000000000000000000e+00,1.000000000000000000e+00
9.961822706601302091e-01,-1.422755096468532494e-02,8.613048482375221249e-02,4.870429200000000458e-01
-2.050780056135400459e-02,-9.971593123724775687e-01,7.247576053401320884e-02,2.662949599999999695e-01
8.485466244445885597e-02,-7.396541450161135678e-02,-9.936442037867687649e-01,1.177700650000000016e+00
0.000000000000000000e+00,0.000000000000000000e+00,0.000000000000000000e+00,1.000000000000000000e+00
9.957779898702597832e-01,-4.800598388036723951e-02,7.824078477126611419e-02,4.888343799999999573e-01
-5.340749155079628496e-02,-9.962224214174988379e-01,6.847281877729100019e-02,2.588505700000000020e-01
7.465811902397012645e-02,-7.236236989440045231e-02,-9.945802394412773806e-01,1.177866590000000047e+00
0.000000000000000000e+00,0.000000000000000000e+00,0.000000000000000000e+00,1.000000000000000000e+00
9.954064002800091515e-01,-4.441318789230599973e-02,8.481489859002867837e-02,4.889442799999999534e-01
-5.090808252628613306e-02,-9.958061591349193220e-01,7.601618618726208032e-02,2.524604799999999871e-01
8.108307724236275826e-02,-7.998476211255728385e-02,-9.934928144756290935e-01,1.178927080000000016e+00
0.000000000000000000e+00,0.000000000000000000e+00,0.000000000000000000e+00,1.000000000000000000e+00
9.965852621608383144e-01,-2.846251016461147018e-02,7.750935916999326936e-02,4.892928299999999564e-01
-3.372348402741862788e-02,-9.971535817175847249e-01,6.743486555814343086e-02,2.482885900000000035e-01
7.536936956659562314e-02,-6.981847880698796582e-02,-9.947084186575542164e-01,1.179383620000000077e+00
0.000000000000000000e+00,0.000000000000000000e+00,0.000000000000000000e+00,1.000000000000000000e+00
9.960254265680662522e-01,-2.481289961496984525e-02,8.554337871863558485e-02,4.894834900000000211e-01
-3.078901804959565530e-02,-9.971230859279746062e-01,6.926462211703392213e-02,2.421179400000000037e-01
8.357862165317252179e-02,-7.162312142158606953e-02,-9.939239118163847309e-01,1.180790860000000109e+00
0.000000000000000000e+00,0.000000000000000000e+00,0.000000000000000000e+00,1.000000000000000000e+00
9.959243651591404012e-01,-3.052357722697696119e-02,8.487031351204323004e-02,4.896583600000000147e-01
-3.624528202890352213e-02,-9.971135567731036486e-01,6.671457434426440736e-02,2.405695499999999931e-01
8.258897270827973702e-02,-6.951881854979925779e-02,-9.941560216859479659e-01,1.181446989999999975e+00
0.000000000000000000e+00,0.000000000000000000e+00,0.000000000000000000e+00,1.000000000000000000e+00
9.947457627906058919e-01,9.732561318106364850e-03,1.019124362397698935e-01,4.880953600000000336e-01
1.955455764304520755e-04,-9.956497166225229956e-01,9.317512302872146823e-02,2.219808799999999915e-01
1.023759208606369597e-01,-9.266563030422414471e-02,-9.904202399932351408e-01,1.186291659999999970e+00
0.000000000000000000e+00,0.000000000000000000e+00,0.000000000000000000e+00,1.000000000000000000e+00
9.934643317997758905e-01,-1.315701901191523165e-02,1.133821603795984040e-01,4.875446699999999578e-01
-2.240276524741553754e-02,-9.964898027728800178e-01,8.066095138873440040e-02,2.175016000000000171e-01
1.119229089636883251e-01,-8.267385209597218065e-02,-9.902718296653294505e-01,1.187663420000000025e+00
0.000000000000000000e+00,0.000000000000000000e+00,0.000000000000000000e+00,1.000000000000000000e+00
9.939950364645128156e-01,-1.777463721903229862e-02,1.079718933595393143e-01,4.875878500000000448e-01
-2.447716411461457395e-02,-9.978331937183173572e-01,6.107197352967530524e-02,2.139732699999999932e-01
1.066524070090223569e-01,-6.334808430911646748e-02,-9.922763144878280483e-01,1.188280790000000087e+00
0.000000000000000000e+00,0.000000000000000000e+00,0.000000000000000000e+00,1.000000000000000000e+00
9.930244370715367586e-01,1.733812058007743601e-02,1.166269992476378359e-01,4.863753499999999841e-01
6.979563177807355037e-03,-9.960387057481647766e-01,8.864638937581145739e-02,2.051100700000000054e-01
1.177019671738956941e-01,-8.721402539885242389e-02,-9.892117875850062747e-01,1.190633999999999970e+00
0.000000000000000000e+00,0.000000000000000000e+00,0.000000000000000000e+00,1.000000000000000000e+00
9.934190700704960131e-01,9.126862349674594310e-03,1.141720263633850402e-01,4.864041100000000006e-01
-1.068170201755694847e-03,-9.960384564385351691e-01,8.891710919705386740e-02,2.022619800000000079e-01
1.145312631236182627e-01,-8.845390708832942539e-02,-9.894738481072239411e-01,1.191012500000000029e+00
0.000000000000000000e+00,0.000000000000000000e+00,0.000000000000000000e+00,1.000000000000000000e+00
9.955271155983956843e-01,1.946431729387126941e-02,9.244945895256807822e-02,4.875179700000000227e-01
1.144037011274031193e-02,-9.961824647681810641e-01,8.654256074369279239e-02,1.933312600000000048e-01
9.378102174759338217e-02,-8.509780984652742797e-02,-9.919493347542007733e-01,1.192685470000000025e+00
0.000000000000000000e+00,0.000000000000000000e+00,0.000000000000000000e+00,1.000000000000000000e+00
9.943442934329271843e-01,7.910019947663790227e-03,1.059096676503175627e-01,4.869509499999999935e-01
-3.704536436766711800e-04,-9.969581906963238538e-01,7.793733872548229413e-02,1.895620500000000097e-01
1.062039965418959675e-01,-7.753578262931402898e-02,-9.913167574143941785e-01,1.193714979999999981e+00
0.000000000000000000e+00,0.000000000000000000e+00,0.000000000000000000e+00,1.000000000000000000e+00
9.929390474606115680e-01,-2.694613653675934778e-03,1.185950550624763206e-01,4.865395399999999926e-01
-8.880944689575684739e-03,-9.986249328542579073e-01,5.166596852136422224e-02,1.747383700000000040e-01
1.182927590744043272e-01,-5.235439369420033517e-02,-9.915976203135410394e-01,1.197147980000000000e+00
0.000000000000000000e+00,0.000000000000000000e+00,0.000000000000000000e+00,1.000000000000000000e+00
9.941978947991826354e-01,6.401512955942895849e-03,1.073758194788198284e-01,4.872871799999999864e-01
7.056567462615996426e-04,-9.985942466034315457e-01,5.300030848100149156e-02,1.716085199999999866e-01
1.075641577172882501e-01,-5.261702464411836117e-02,-9.928048150025112761e-01,1.197353520000000060e+00
0.000000000000000000e+00,0.000000000000000000e+00,0.000000000000000000e+00,1.000000000000000000e+00
9.918689127647479786e-01,3.978593285441209271e-02,1.208848188888139719e-01,4.863298799999999922e-01
3.247015951578839654e-02,-9.975541957860213360e-01,6.189761878072439633e-02,1.584804900000000016e-01
1.230518127940275486e-01,-5.746917449040695597e-02,-9.907348511844603633e-01,1.200563049999999965e+00
0.000000000000000000e+00,0.000000000000000000e+00,0.000000000000000000e+00,1.000000000000000000e+00
9.913268477044038240e-01,1.076220994591533739e-02,1.309780739571695662e-01,4.860305799999999898e-01
8.259539807756111768e-03,-9.997730811887559632e-01,1.963583796290330544e-02,1.446952499999999975e-01
1.311596775789488911e-01,-1.838371473400693054e-02,-9.911907878960360962e-01,1.203323970000000021e+00
0.000000000000000000e+00,0.000000000000000000e+00,0.000000000000000000e+00,1.000000000000000000e+00
9.923885149528661742e-01,1.703628558696339626e-02,1.219622907420357533e-01,4.861020299999999628e-01
1.297030026127882034e-02,-9.993358026930159177e-01,3.405473193314453861e-02,1.444663700000000106e-01
1.224614498557717729e-01,-3.221363731877366354e-02,-9.919503389131518745e-01,1.202859040000000102e+00
0.000000000000000000e+00,0.000000000000000000e+00,0.000000000000000000e+00,1.000000000000000000e+00
9.906519897519563411e-01,6.135429049880909702e-02,1.218371299640539085e-01,4.844020499999999729e-01
5.215312425938416208e-02,-9.956408298433442328e-01,7.732651278082086632e-02,1.313067099999999932e-01
1.260503345115563389e-01,-7.024947676847823064e-02,-9.895333870988284319e-01,1.204290010000000022e+00
0.000000000000000000e+00,0.000000000000000000e+00,0.000000000000000000e+00,1.000000000000000000e+00
9.909667902391847694e-01,5.370309852527594546e-02,1.228853036446268809e-01,4.852248399999999906e-01
4.535266855264793312e-02,-9.965315490184044611e-01,6.977110624128721184e-02,1.297947500000000143e-01
1.262060065852703417e-01,-6.356767275717928323e-02,-9.899652493305181045e-01,1.202612919999999974e+00
0.000000000000000000e+00,0.000000000000000000e+00,0.000000000000000000e+00,1.000000000000000000e+00
9.901637894725866529e-01,-1.571063147661855980e-02,1.390282204298572410e-01,4.844133800000000045e-01
-1.967839785883605114e-02,-9.994360080371161859e-01,2.721077905063929228e-02,1.143584500000000004e-01
1.385223111090644887e-01,-2.967898073450696630e-02,-9.899145051101960746e-01,1.202336810000000034e+00
0.000000000000000000e+00,0.000000000000000000e+00,0.000000000000000000e+00,1.000000000000000000e+00
9.916087992564686093e-01,3.982083289782401003e-02,1.229889852973379966e-01,4.853285999999999989e-01
3.307074548526833802e-02,-9.978577703557525158e-01,5.644639876639998000e-02,1.223836799999999947e-01
1.249732572600788377e-01,-5.190540827284199910e-02,-9.908014501209794211e-01,1.201447979999999971e+00
0.000000000000000000e+00,0.000000000000000000e+00,0.000000000000000000e+00,1.000000000000000000e+00
9.918787416808584334e-01,4.253148537312064631e-02,1.198650681122454681e-01,4.855881899999999751e-01
3.511384805672101289e-02,-9.973746696088586772e-01,6.333076738260662308e-02,1.174770200000000014e-01
1.222439343126959926e-01,-5.860751807214109599e-02,-9.907681763910147765e-01,1.200900569999999945e+00
0.000000000000000000e+00,0.000000000000000000e+00,0.000000000000000000e+00,1.000000000000000000e+00
9.933266025963755075e-01,2.675126068128759471e-02,1.121901538741442717e-01,4.860765099999999617e-01
2.094513777669250454e-02,-9.983951554702378273e-01,5.261572708872481324e-02,1.066462699999999875e-01
1.134176431506921379e-01,-4.991476320209881773e-02,-9.922927766726010734e-01,1.199272160000000031e+00
0.000000000000000000e+00,0.000000000000000000e+00,0.000000000000000000e+00,1.000000000000000000e+00
9.922367894723252979e-01,2.092988991211876953e-02,1.225891240115497549e-01,4.856351899999999944e-01
1.289824615492833094e-02,-9.977397150803971604e-01,6.594767772571671904e-02,1.021334899999999934e-01
1.236923152979982621e-01,-6.385452732230273432e-02,-9.902640104924878006e-01,1.198275299999999932e+00
0.000000000000000000e+00,0.000000000000000000e+00,0.000000000000000000e+00,1.000000000000000000e+00
9.939373306155842025e-01,2.555850961774091407e-02,1.069361743980350860e-01,4.867427799999999860e-01
1.828181933742181048e-02,-9.974848071576304376e-01,6.848236686490156988e-02,9.838404000000000593e-02
1.084175165297609905e-01,-6.611219309495748597e-02,-9.919046426112210213e-01,1.196739650000000044e+00
0.000000000000000000e+00,0.000000000000000000e+00,0.000000000000000000e+00,1.000000000000000000e+00
9.960165874474554704e-01,-1.673590621502832679e-03,8.915243476180026438e-02,4.883830300000000513e-01
-9.667633391790950506e-03,-9.959568615209369868e-01,8.931106792535423167e-02,9.001549000000000356e-02
8.864250895663638996e-02,-8.981719815156186115e-02,-9.920057341175381183e-01,1.193185809999999902e+00
0.000000000000000000e+00,0.000000000000000000e+00,0.000000000000000000e+00,1.000000000000000000e+00
9.950912387313436414e-01,4.305966630209261993e-03,9.886801935661317098e-02,4.884698900000000177e-01
-1.306861516074861321e-03,-9.983940332649505756e-01,5.663608791153176836e-02,8.821533000000000846e-02
9.895311371097888220e-02,-5.648728168645111847e-02,-9.934875280015232901e-01,1.193639300000000070e+00
0.000000000000000000e+00,0.000000000000000000e+00,0.000000000000000000e+00,1.000000000000000000e+00
9.940640312225565989e-01,7.922161307108054745e-03,1.085077932214292967e-01,4.883482000000000101e-01
2.471103620429964016e-03,-9.987321455578581642e-01,5.027917139626025822e-02,8.319660000000000943e-02
1.087685408399754056e-01,-4.971258180402197968e-02,-9.928232792062849921e-01,1.193461690000000130e+00
0.000000000000000000e+00,0.000000000000000000e+00,0.000000000000000000e+00,1.000000000000000000e+00
9.954722563414030168e-01,-2.059366558341760994e-02,9.279486942926727655e-02,4.901186400000000498e-01
-2.347105218478565125e-02,-9.992735699425452367e-01,3.002402577304581766e-02,7.288174000000000041e-02
9.210915570069823366e-02,-3.206607790360105348e-02,-9.952324703726184163e-01,1.190744169999999880e+00
0.000000000000000000e+00,0.000000000000000000e+00,0.000000000000000000e+00,1.000000000000000000e+00
9.948846294821803715e-01,3.550158830767829315e-02,9.457384018710680851e-02,4.894751699999999595e-01
2.890154499324120579e-02,-9.971095587205346389e-01,7.026541542710670885e-02,6.747814000000000589e-02
9.679501390623358736e-02,-6.717265169525726831e-02,-9.930350246326258290e-01,1.190655979999999836e+00
0.000000000000000000e+00,0.000000000000000000e+00,0.000000000000000000e+00,1.000000000000000000e+00
9.908236873377392895e-01,9.577913017441126720e-02,9.536654986670642375e-02,4.891930399999999679e-01
8.828879112867267509e-02,-9.928857990202257788e-01,7.989292499968610184e-02,5.569078000000000223e-02
1.023401679277664289e-01,-7.074000513854265815e-02,-9.922309921089521589e-01,1.190495219999999854e+00
0.000000000000000000e+00,0.000000000000000000e+00,0.000000000000000000e+00,1.000000000000000000e+00
9.930235539687108925e-01,4.091899862297551649e-02,1.105886830333204091e-01,4.884246799999999444e-01
3.429637824160190751e-02,-9.975398972460940428e-01,6.113846450281178874e-02,6.244591000000000031e-02
1.128183482544406618e-01,-5.691914400222063825e-02,-9.919839874429396964e-01,1.191194379999999997e+00
0.000000000000000000e+00,0.000000000000000000e+00,0.000000000000000000e+00,1.000000000000000000e+00
9.938335186297970747e-01,2.033076976895154334e-02,1.090027387202671671e-01,4.886869399999999586e-01
1.622630856450184636e-02,-9.991302958891724595e-01,3.841039894071068828e-02,5.824667000000000039e-02
1.096888515679078357e-01,-3.640482985836990260e-02,-9.932990708767911459e-01,1.190429839999999961e+00
0.000000000000000000e+00,0.000000000000000000e+00,0.000000000000000000e+00,1.000000000000000000e+00
9.921905187553236027e-01,3.440290505733374637e-02,1.198933468365022126e-01,4.876209599999999922e-01
2.501196214066303547e-02,-9.965631266092065399e-01,7.897047823558318858e-02,5.198462000000000222e-02
1.221981024480976730e-01,-7.535499191492729676e-02,-9.896409697216387302e-01,1.190417859999999939e+00
0.000000000000000000e+00,0.000000000000000000e+00,0.000000000000000000e+00,1.000000000000000000e+00
9.923349320656491557e-01,-9.529130238279056447e-03,1.232094894038827937e-01,4.870140099999999972e-01
-2.065769208134624751e-02,-9.957848615254384361e-01,8.936313174142793136e-02,4.705327999999999594e-02
1.218385914238008516e-01,-9.122338095940885072e-02,-9.883489527521130968e-01,1.188595499999999916e+00
0.000000000000000000e+00,0.000000000000000000e+00,0.000000000000000000e+00,1.000000000000000000e+00
9.916763383766650231e-01,4.192376404955016830e-03,1.286874659161855172e-01,4.858241300000000207e-01
-1.256108790295927015e-02,-9.915520796934561565e-01,1.290995442527821946e-01,4.293819000000000108e-02
1.281415583428903160e-01,-1.296414179020775603e-01,-9.832460748916287407e-01,1.187409060000000016e+00
0.000000000000000000e+00,0.000000000000000000e+00,0.000000000000000000e+00,1.000000000000000000e+00
9.933465675355724889e-01,3.329311616783727640e-02,1.102459304515656935e-01,4.859006900000000240e-01
1.395291898828954387e-02,-9.850413213678521629e-01,1.717524708689288915e-01,3.917545000000000055e-02
1.143149719721909263e-01,-1.690714748670245904e-01,-9.789519516142181077e-01,1.185704730000000096e+00
0.000000000000000000e+00,0.000000000000000000e+00,0.000000000000000000e+00,1.000000000000000000e+00
9.903184256809579589e-01,1.197106857450164381e-02,1.382971773897575252e-01,4.848895300000000130e-01
-1.069843388754308615e-02,-9.867292981674804508e-01,1.620210963123804304e-01,3.622791000000000206e-02
1.384014424388103903e-01,-1.619320402363175204e-01,-9.770481334487878256e-01,1.184827960000000013e+00
0.000000000000000000e+00,0.000000000000000000e+00,0.000000000000000000e+00,1.000000000000000000e+00
9.916459603645106924e-01,1.625310223283988123e-02,1.279614237204179661e-01,4.858266099999999921e-01
-2.538548874463399108e-03,-9.893786264508308559e-01,1.453392214506443181e-01,3.563867999999999897e-02
1.289645108638785564e-01,-1.444498881622146569e-01,-9.810720588965746725e-01,1.183773650000000011e+00
0.000000000000000000e+00,0.000000000000000000e+00,0.000000000000000000e+00,1.000000000000000000e+00
9.921424629780348781e-01,1.679432537236732331e-02,1.239809815704263768e-01,4.861684000000000561e-01
-3.056903184391196460e-04,-9.906214506597437186e-01,1.366347248916423007e-01,3.625959000000000126e-02
1.251129078445088194e-01,-1.355990122680568177e-01,-9.828324720737602327e-01,1.183491819999999972e+00
0.000000000000000000e+00,0.000000000000000000e+00,0.000000000000000000e+00,1.000000000000000000e+00
9.912334451034005012e-01,2.898520366751460020e-02,1.289035114990929320e-01,4.842441600000000346e-01
2.057405176850620951e-03,-9.789070322226992582e-01,2.042958378158636623e-01,3.069902000000000047e-02
1.321061103521799784e-01,-2.022396603866316311e-01,-9.703850242941292059e-01,1.178720470000000020e+00
0.000000000000000000e+00,0.000000000000000000e+00,0.000000000000000000e+00,1.000000000000000000e+00
9.924979119147441242e-01,4.775431949685388783e-02,1.125496326705056060e-01,4.850799199999999978e-01
2.690333026500110053e-02,-9.833041846904665428e-01,1.799696952013574158e-01,2.564391999999999713e-02
1.192648551146800184e-01,-1.755915867563409560e-01,-9.772121003113217741e-01,1.176854019999999945e+00
0.000000000000000000e+00,0.000000000000000000e+00,0.000000000000000000e+00,1.000000000000000000e+00
9.910533037806285028e-01,7.336115156544829874e-04,1.334646428071696311e-01,4.844090299999999627e-01
-1.931094233976302782e-02,-9.886742979561499167e-01,1.488294999886259073e-01,2.469215000000000299e-02
1.320622450644075019e-01,-1.500752956853930453e-01,-9.798147626227573515e-01,1.176241150000000069e+00
0.000000000000000000e+00,0.000000000000000000e+00,0.000000000000000000e+00,1.000000000000000000e+00
9.916537561534920497e-01,1.893913591561378548e-02,1.275309258079825037e-01,4.847019599999999873e-01
-1.747070904833360888e-03,-9.870873355327083321e-01,1.601734677597778655e-01,2.761165000000000147e-02
1.289177088297985552e-01,-1.590594265100594984e-01,-9.788157759192309681e-01,1.177835689999999991e+00
0.000000000000000000e+00,0.000000000000000000e+00,0.000000000000000000e+00,1.000000000000000000e+00
9.911645936100444976e-01,3.104197906523743777e-02,1.289540379730295672e-01,4.840849300000000244e-01
8.809412350548681200e-03,-9.854878703714675670e-01,1.695171130144337290e-01,2.225375999999999743e-02
1.323447869312357472e-01,-1.668833511361264010e-01,-9.770541461381258008e-01,1.175170440000000038e+00
0.000000000000000000e+00,0.000000000000000000e+00,0.000000000000000000e+00,1.000000000000000000e+00
9.929994450336944167e-01,9.922520138917922949e-03,1.177015112769085325e-01,4.851410700000000076e-01
-7.138706629501406602e-03,-9.896024864398033083e-01,1.436522109116927515e-01,1.802337999999999857e-02
1.179031001731225548e-01,-1.434868022720288960e-01,-9.826038858783912033e-01,1.171221469999999876e+00
0.000000000000000000e+00,0.000000000000000000e+00,0.000000000000000000e+00,1.000000000000000000e+00
9.915912336840342345e-01,9.197120714900017258e-03,1.290822925560718704e-01,4.846139500000000155e-01
-1.132986897296263049e-02,-9.874712469518664992e-01,1.573917739666916837e-01,1.935376999999999931e-02
1.289126035344538013e-01,-1.575307887807403384e-01,-9.790636298198838183e-01,1.172036129999999954e+00
0.000000000000000000e+00,0.000000000000000000e+00,0.000000000000000000e+00,1.000000000000000000e+00
9.932578778154087518e-01,3.586306134810767626e-02,1.102389631136480863e-01,4.844022399999999839e-01
1.380315817864883297e-02,-9.807663228168593816e-01,1.946969256372352852e-01,1.541344000000000047e-02
1.151010902725321527e-01,-1.918626093303168467e-01,-9.746488999424545163e-01,1.166646729999999854e+00
0.000000000000000000e+00,0.000000000000000000e+00,0.000000000000000000e+00,1.000000000000000000e+00
9.924956924729141372e-01,3.390853862317732420e-02,1.174840901192632792e-01,4.850108000000000197e-01
1.344482387034283931e-02,-9.852182653849974603e-01,1.707753092893467550e-01,1.462544999999999991e-02
1.215382126485581582e-01,-1.679142059511853358e-01,-9.782807788697357454e-01,1.167585370000000067e+00
0.000000000000000000e+00,0.000000000000000000e+00,0.000000000000000000e+00,1.000000000000000000e+00
9.868995200028386483e-01,-8.569505807611577097e-02,1.366956269947890157e-01,4.856055799999999811e-01
-9.957382816358645305e-02,-9.901780679038657551e-01,9.814502833570645790e-02,1.369526000000000077e-02
1.269424679254972654e-01,-1.104705882282664975e-01,-9.857392449190023331e-01,1.162211070000000124e+00
0.000000000000000000e+00,0.000000000000000000e+00,0.000000000000000000e+00,1.000000000000000000e+00
9.905087263641675355e-01,-5.920370946570721604e-02,1.240458938535864558e-01,4.865003999999999440e-01
-7.204142293613977066e-02,-9.922031051480333375e-01,1.017006957495245889e-01,1.223806000000000026e-02
1.170576626187766617e-01,-1.096718693198090178e-01,-9.870509534477577285e-01,1.159906389999999954e+00
0.000000000000000000e+00,0.000000000000000000e+00,0.000000000000000000e+00,1.000000000000000000e+00
9.916330808788265117e-01,2.874636025380590543e-02,1.258470487493670853e-01,4.859342199999999723e-01
7.346495214973929044e-03,-9.858771260500912570e-01,1.673090593460776487e-01,1.055787999999999865e-02
1.288792532365994892e-01,-1.649846632368335286e-01,-9.778395568710672725e-01,1.160513530000000015e+00
0.000000000000000000e+00,0.000000000000000000e+00,0.000000000000000000e+00,1.000000000000000000e+00
9.883965571852116883e-01,-3.917336915339159759e-02,1.467572584017323711e-01,4.861964799999999864e-01
-6.020437338660607901e-02,-9.880731514839091734e-01,1.417281931789939053e-01,1.193882000000000103e-02
1.394549359812941591e-01,-1.489190869762106739e-01,-9.789665093171598942e-01,1.157242279999999957e+00
0.000000000000000000e+00,0.000000000000000000e+00,0.000000000000000000e+00,1.000000000000000000e+00
9.877341196932521994e-01,-4.058566607991778014e-02,1.507783555509409623e-01,4.891542400000000179e-01
-5.075970634923664820e-02,-9.966419687251759640e-01,6.425136875542036830e-02,6.494559999999999916e-03
1.476643525199491658e-01,-7.111673420830821879e-02,-9.864773941203158758e-01,1.152524340000000036e+00
0.000000000000000000e+00,0.000000000000000000e+00,0.000000000000000000e+00,1.000000000000000000e+00
9.758212534607104693e-01,-1.145589145160783306e-01,1.861427849777313737e-01,4.901030299999999951e-01
-1.160563990618623809e-01,-9.932384818147770300e-01,-2.868881153139402410e-03,5.054910000000000132e-03
1.852128330628356745e-01,-1.880354613297573890e-02,-9.825185154090803064e-01,1.147150730000000118e+00
0.000000000000000000e+00,0.000000000000000000e+00,0.000000000000000000e+00,1.000000000000000000e+00
9.855679797205800785e-01,-7.854944562604868064e-02,1.499524656060542416e-01,4.936482600000000054e-01
-8.212404817644447519e-02,-9.964633800065012537e-01,1.778687766676464305e-02,4.299599999999999776e-03
1.480249913379746984e-01,-2.984488059717856079e-02,-9.885331987553744870e-01,1.141869279999999875e+00
0.000000000000000000e+00,0.000000000000000000e+00,0.000000000000000000e+00,1.000000000000000000e+00
9.826569855549212029e-01,-1.092877016852311645e-01,1.498046961896565277e-01,4.959413099999999686e-01
-1.109357507287009048e-01,-9.938240102887907490e-01,2.663791239032325606e-03,6.918090000000000003e-03
1.485883843050152531e-01,-1.923628950357961914e-02,-9.887120193543514901e-01,1.138942260000000095e+00
0.000000000000000000e+00,0.000000000000000000e+00,0.000000000000000000e+00,1.000000000000000000e+00
9.865546942352273474e-01,-1.090889810715287428e-01,1.216939994051181584e-01,5.014988300000000621e-01
-1.064583998688942851e-01,-9.939247412116002378e-01,-2.793238093697528179e-02,6.421699999999999804e-03
1.240017918410531161e-01,1.460147308422448699e-02,-9.921745575270406459e-01,1.129239579999999910e+00
0.000000000000000000e+00,0.000000000000000000e+00,0.000000000000000000e+00,1.000000000000000000e+00
9.909411354448677267e-01,-5.567157949167581693e-02,1.222143253474765323e-01,5.039609500000000741e-01
-5.394459597517505672e-02,-9.983923704677936106e-01,-1.739698700279833019e-02,4.961990000000000324e-03
1.229863677336311689e-01,1.064658765062436244e-02,-9.923512500738262965e-01,1.125777589999999995e+00
0.000000000000000000e+00,0.000000000000000000e+00,0.000000000000000000e+00,1.000000000000000000e+00
9.872872807243857629e-01,-8.990793512477099347e-02,1.310739811001728761e-01,5.041487099999999444e-01
-9.081778522330771763e-02,-9.958670557142094149e-01,9.681065259164959441e-04,8.677009999999998890e-03
1.304452191802430994e-01,-1.285964792334302366e-02,-9.913721169411141565e-01,1.124025959999999991e+00
0.000000000000000000e+00,0.000000000000000000e+00,0.000000000000000000e+00,1.000000000000000000e+00
9.876768761169915090e-01,-9.261887882084073043e-02,1.261591521442320396e-01,5.087328700000000037e-01
-8.317563375537705139e-02,-9.934636636511725571e-01,-7.817776508817121661e-02,6.876700000000000347e-03
1.325752704435199381e-01,6.672100337045540341e-02,-9.889247217943675228e-01,1.118191379999999846e+00
0.000000000000000000e+00,0.000000000000000000e+00,0.000000000000000000e+00,1.000000000000000000e+00
9.828561351288107595e-01,-1.225553389319042341e-01,1.377461670571758501e-01,5.119521300000000608e-01
-1.108688419201599717e-01,-9.897917146119817877e-01,-8.955702974505298786e-02,9.315240000000000672e-03
1.473157070068901175e-01,7.274991810826873795e-02,-9.864104277045636637e-01,1.110829850000000008e+00
0.000000000000000000e+00,0.000000000000000000e+00,0.000000000000000000e+00,1.000000000000000000e+00
9.891379026167395061e-01,-9.394042337410883625e-02,1.130548825272516961e-01,5.143801500000000360e-01
-8.487655043160403923e-02,-9.929712541100491618e-01,-8.248672437397119861e-02,9.812999999999998807e-03
1.200090862967836819e-01,7.199503710263160938e-02,-9.901588427312063567e-01,1.107654719999999982e+00
0.000000000000000000e+00,0.000000000000000000e+00,0.000000000000000000e+00,1.000000000000000000e+00
9.882342464813734795e-01,-9.777209657364108186e-02,1.176167131533049637e-01,5.142222199999999521e-01
-8.899707753839009028e-02,-9.929974780787812483e-01,-7.768866531744747506e-02,1.116610999999999992e-02
1.243888832292419921e-01,6.630705588981603005e-02,-9.900155453669436945e-01,1.107699430000000040e+00
0.000000000000000000e+00,0.000000000000000000e+00,0.000000000000000000e+00,1.000000000000000000e+00
9.854781583422469460e-01,-1.144645969145798997e-01,1.254219099023630712e-01,5.170670699999999620e-01
-1.030806371156588047e-01,-9.902409223490746815e-01,-9.379391215363783174e-02,1.356221999999999983e-02
1.349339900922061908e-01,7.950328143188314933e-02,-9.876598840488355346e-01,1.101915360000000010e+00
0.000000000000000000e+00,0.000000000000000000e+00,0.000000000000000000e+00,1.000000000000000000e+00
9.883837069518028873e-01,-5.709612568208072281e-02,1.408463001441947748e-01,5.168082400000000298e-01
-5.293908739184845225e-02,-9.980493463192889880e-01,-3.309010936455267227e-02,1.450410999999999888e-02
1.424608748335162989e-01,2.524945036502509663e-02,-9.894783294231022097e-01,1.100257029999999858e+00
0.000000000000000000e+00,0.000000000000000000e+00,0.000000000000000000e+00,1.000000000000000000e+00
9.914772951241169752e-01,-1.218666032006737949e-03,1.302738964891565487e-01,5.185984399999999939e-01
1.074978688703216939e-03,-9.998456799764603442e-01,-1.753455597467035512e-02,1.257878999999999942e-02
1.302751613861363733e-01,1.752515579138875720e-02,-9.913229802845809902e-01,1.098190919999999959e+00
0.000000000000000000e+00,0.000000000000000000e+00,0.000000000000000000e+00,1.000000000000000000e+00
9.918184894626205228e-01,-6.928156941886282061e-02,1.072200918622306792e-01,5.209422299999999506e-01
-6.149537482859795262e-02,-9.953381276102767350e-01,-7.429892731364906577e-02,1.215775000000000015e-02
1.118677917667821736e-01,6.709751011869186099e-02,-9.914552543111040395e-01,1.096222079999999988e+00
0.000000000000000000e+00,0.000000000000000000e+00,0.000000000000000000e+00,1.000000000000000000e+00
9.950555663249992522e-01,-8.674100266715323998e-03,9.894028456699696661e-02,5.231732199999999944e-01
-4.670651253449815445e-03,-9.991636136211543562e-01,-4.062337051975815905e-02,1.090975000000000104e-02
9.920990344972629993e-02,3.996039539443869970e-02,-9.942638291004134432e-01,1.093048320000000073e+00
0.000000000000000000e+00,0.000000000000000000e+00,0.000000000000000000e+00,1.000000000000000000e+00
9.939356466155143677e-01,7.156543248569101345e-02,8.348843788295352841e-02,5.236073300000000375e-01
6.906541683441851098e-02,-9.970838584870815868e-01,3.246147473547459500e-02,9.364890000000000714e-03
8.556809326196189447e-02,-2.649845311805647252e-02,-9.959798860408087817e-01,1.092086939999999951e+00
0.000000000000000000e+00,0.000000000000000000e+00,0.000000000000000000e+00,1.000000000000000000e+00
9.958715312127226493e-01,4.116704216904586849e-02,8.090221232499754389e-02,5.240673799999999716e-01
4.027957856692915978e-02,-9.991093553052947662e-01,1.257186111554738431e-02,7.150019999999999987e-03
8.134770353548749500e-02,-9.261251561750737799e-03,-9.966427546262563997e-01,1.092203290000000049e+00
0.000000000000000000e+00,0.000000000000000000e+00,0.000000000000000000e+00,1.000000000000000000e+00
9.960499298556905190e-01,1.739112438953424947e-02,8.707517457313829201e-02,5.227468900000000751e-01
1.958933746696070802e-02,-9.995089990624032028e-01,-2.445441986388421224e-02,3.008540000000000086e-03
8.660713072305473159e-02,2.606356816979119029e-02,-9.959015490108338309e-01,1.094116819999999990e+00
0.000000000000000000e+00,0.000000000000000000e+00,0.000000000000000000e+00,1.000000000000000000e+00
9.948472546506224035e-01,8.344222678267000648e-02,5.758762630695413859e-02,5.239885699999999868e-01
8.269191211162633948e-02,-9.964577734004061993e-01,1.529553860536037035e-02,-2.921369999999999956e-03
5.865993168631373350e-02,-1.045469365665353811e-02,-9.982232775261766777e-01,1.092521510000000085e+00
0.000000000000000000e+00,0.000000000000000000e+00,0.000000000000000000e+00,1.000000000000000000e+00
9.967873632701729214e-01,5.401288170483692364e-02,5.914018122085839407e-02,5.238621500000000264e-01
5.327480848766760757e-02,-9.984819184699592620e-01,1.398761127399371883e-02,-2.212749999999999873e-03
5.980591279713919767e-02,-1.079199233178515342e-02,-9.981516847133063974e-01,1.092790370000000122e+00
0.000000000000000000e+00,0.000000000000000000e+00,0.000000000000000000e+00,1.000000000000000000e+00
9.983606915042887442e-01,2.335474781588926102e-02,5.225404686275148675e-02,5.240412500000000140e-01
2.433957229371871284e-02,-9.995364144177552035e-01,-1.829047493797241949e-02,-1.968769999999999895e-03
5.180265321040277565e-02,1.953233235827131140e-02,-9.984663104546936951e-01,1.092796550000000089e+00
0.000000000000000000e+00,0.000000000000000000e+00,0.000000000000000000e+00,1.000000000000000000e+00
9.983521311718834834e-01,2.989527150419625870e-02,4.898259819822524397e-02,5.232503099999999963e-01
3.051459793248417415e-02,-9.994629437634632296e-01,-1.194501388409312942e-02,-3.476790000000000002e-03
4.859919235519474801e-02,1.342001435776938104e-02,-9.987282021236107976e-01,1.092886959999999963e+00
0.000000000000000000e+00,0.000000000000000000e+00,0.000000000000000000e+00,1.000000000000000000e+00
9.991895852641420328e-01,1.704035809879576521e-02,3.646640776848717597e-02,5.234093100000000165e-01
1.819203322889778249e-02,-9.993386038814811023e-01,-3.148657998595215390e-02,-5.284710000000000622e-03
3.590574642966575664e-02,3.212446089941260741e-02,-9.988387239115484872e-01,1.092310560000000041e+00
0.000000000000000000e+00,0.000000000000000000e+00,0.000000000000000000e+00,1.000000000000000000e+00
9.993728155042103101e-01,1.840327395377803349e-02,3.025384502785992760e-02,5.233573499999999434e-01
1.967411481984455979e-02,-9.989129487697915311e-01,-4.225931833448299396e-02,-6.909999999999999476e-03
2.944324773599445513e-02,4.282803156604086253e-02,-9.986485141805073740e-01,1.091889649999999934e+00
0.000000000000000000e+00,0.000000000000000000e+00,0.000000000000000000e+00,1.000000000000000000e+00
9.990388769473239616e-01,2.612894340128995435e-02,3.519375888651677525e-02,5.231472400000000134e-01
2.710109126669581897e-02,-9.992561526259504667e-01,-2.743487363443890964e-02,-6.218379999999999914e-03
3.445073584097031044e-02,2.836229461654316691e-02,-9.990038673819536807e-01,1.092340010000000028e+00
0.000000000000000000e+00,0.000000000000000000e+00,0.000000000000000000e+00,1.000000000000000000e+00
9.994008113625511003e-01,2.193671144618637714e-02,2.677310103073500883e-02,5.228632399999999514e-01
2.238308472648762454e-02,-9.996134936814475846e-01,-1.648820087510690507e-02,-6.617150000000000462e-03
2.640105615315540069e-02,1.707758592125231678e-02,-9.995055479051130343e-01,1.091955569999999875e+00
0.000000000000000000e+00,0.000000000000000000e+00,0.000000000000000000e+00,1.000000000000000000e+00
9.994647845876051262e-01,2.605675326155985905e-02,1.977852316828274462e-02,5.228477900000000345e-01
2.642590719111648917e-02,-9.994770059767669190e-01,-1.863829264832288571e-02,-7.694320000000000152e-03
1.928252572612325702e-02,1.915098256445916733e-02,-9.996306438222255508e-01,1.091570280000000004e+00
0.000000000000000000e+00,0.000000000000000000e+00,0.000000000000000000e+00,1.000000000000000000e+00
9.996320575746916459e-01,2.304186212656510885e-02,1.431160573552643471e-02,5.228567900000000712e-01
2.335893168319128077e-02,-9.994762197663232817e-01,-2.239746486191602007e-02,-8.303390000000000770e-03
1.378803030199713363e-02,2.272352770502689481e-02,-9.996467033452518525e-01,1.091121220000000003e+00
0.000000000000000000e+00,0.000000000000000000e+00,0.000000000000000000e+00,1.000000000000000000e+00
9.993970429426879409e-01,3.263649344480374498e-02,1.184946636091719838e-02,5.224941599999999298e-01
3.280785704915552964e-02,-9.993555101916332672e-01,-1.456738704993879377e-02,-9.096990000000000978e-03
1.136640106864975422e-02,1.494735913958818510e-02,-9.998236751455221727e-01,1.090480649999999940e+00
0.000000000000000000e+00,0.000000000000000000e+00,0.000000000000000000e+00,1.000000000000000000e+00
9.996797251430529219e-01,2.386117781020054632e-02,8.431567554161818051e-03,5.225676000000000210e-01
2.402847493893970135e-02,-9.995045135944419235e-01,-2.033124925938303504e-02,-9.049510000000000193e-03
7.942262273379536303e-03,2.052733538110608144e-02,-9.997577451423581563e-01,1.089792939999999932e+00
0.000000000000000000e+00,0.000000000000000000e+00,0.000000000000000000e+00,1.000000000000000000e+00
9.995163493146811406e-01,3.091101587653762722e-02,3.402432972504294915e-03,5.224765399999999893e-01
3.097422945287345297e-02,-9.993113140392814175e-01,-2.043268809738538194e-02,-9.632820000000000271e-03
2.768494618505224717e-03,2.052819355337254931e-02,-9.997854413357811776e-01,1.088893890000000031e+00
0.000000000000000000e+00,0.000000000000000000e+00,0.000000000000000000e+00,1.000000000000000000e+00
9.992937021813556031e-01,3.755495393784670510e-02,1.312332048995987210e-03,5.223633600000000543e-01
3.757264091225348546e-02,-9.991279333057773160e-01,-1.821179680881065271e-02,-9.948639999999999914e-03
6.272444176439889458e-04,1.824824163728555604e-02,-9.998332902247193399e-01,1.088053130000000035e+00
0.000000000000000000e+00,0.000000000000000000e+00,0.000000000000000000e+00,1.000000000000000000e+00
9.983302253133180537e-01,5.602182970674944584e-02,-1.408246506006857919e-02,5.225356700000000076e-01
5.595912635836779170e-02,-9.984214829196950136e-01,-4.808182779991005198e-03,-1.034557000000000011e-02
-1.432959884533803983e-02,4.012111756362358658e-03,-9.998892766482627703e-01,1.085472790000000076e+00
0.000000000000000000e+00,0.000000000000000000e+00,0.000000000000000000e+00,1.000000000000000000e+00
9.994869003093874715e-01,3.160046946704892640e-02,-5.229382314871081766e-03,5.228379799999999245e-01
3.144554578723537247e-02,-9.991285898265571674e-01,-2.744519341047791869e-02,-1.022226000000000037e-02
-6.092106374306139813e-03,2.726667050920895605e-02,-9.996096312657588578e-01,1.084634780000000021e+00
0.000000000000000000e+00,0.000000000000000000e+00,0.000000000000000000e+00,1.000000000000000000e+00
9.991109576749589438e-01,4.177425486080705436e-02,-5.675022876736900146e-03,5.227462400000000287e-01
4.167639867645755308e-02,-9.989967625085729441e-01,-1.638738205912608492e-02,-9.979079999999999548e-03
-6.353900155661599061e-03,1.613629846696999076e-02,-9.998496126041139798e-01,1.084019320000000119e+00
0.000000000000000000e+00,0.000000000000000000e+00,0.000000000000000000e+00,1.000000000000000000e+00
9.991590451575075305e-01,4.024936887024772175e-02,-7.822453929876795400e-03,5.229825999999999642e-01
4.012743021538644345e-02,-9.990794711435080355e-01,-1.516574046718604553e-02,-9.744449999999999987e-03
-8.425664617559976491e-03,1.483909179011596961e-02,-9.998543941647687339e-01,1.083061370000000023e+00
0.000000000000000000e+00,0.000000000000000000e+00,0.000000000000000000e+00,1.000000000000000000e+00
9.992043428400374516e-01,3.877914924182737644e-02,-9.319808672351040033e-03,5.232923499999999617e-01
3.861873111519330271e-02,-9.991125013270016897e-01,-1.681675649923845828e-02,-9.593239999999999407e-03
-9.963676864569169164e-03,1.644345694135991576e-02,-9.998151518491587009e-01,1.081919330000000068e+00
0.000000000000000000e+00,0.000000000000000000e+00,0.000000000000000000e+00,1.000000000000000000e+00
9.990317505743274706e-01,4.285357424690022093e-02,-9.956531457315417541e-03,5.241155599999999248e-01
4.270343863540838197e-02,-9.989776938169072640e-01,-1.483184361317736212e-02,-9.617999999999999813e-03
-1.058195034514015399e-02,1.439230455900825274e-02,-9.998404292167694107e-01,1.079322129999999991e+00
0.000000000000000000e+00,0.000000000000000000e+00,0.000000000000000000e+00,1.000000000000000000e+00
9.990433203812139062e-01,4.186592297779385269e-02,-1.263679132125966782e-02,5.247281599999999990e-01
4.164716352749362610e-02,-9.989859572507532315e-01,-1.710470654266792179e-02,-9.615570000000000367e-03
-1.334008140131969812e-02,1.656205630391392042e-02,-9.997738446864831152e-01,1.078266139999999984e+00
0.000000000000000000e+00,0.000000000000000000e+00,0.000000000000000000e+00,1.000000000000000000e+00
9.990171470928789210e-01,4.248603212399913037e-02,-1.263633209297765347e-02,5.258528900000000172e-01
4.231530709893561309e-02,-9.990133053916147032e-01,-1.348445162561718799e-02,-9.484839999999999591e-03
-1.319676473717222923e-02,1.293648812001753010e-02,-9.998292317568997500e-01,1.076331629999999873e+00
0.000000000000000000e+00,0.000000000000000000e+00,0.000000000000000000e+00,1.000000000000000000e+00
9.989355021213965902e-01,4.369327876571469510e-02,-1.479053725108453801e-02,5.262541199999999364e-01
4.350171378309398290e-02,-9.989683126398667401e-01,-1.303500055205363863e-02,-9.443000000000000005e-03
-1.534481995358513359e-02,1.237771110342350718e-02,-9.998056454973798246e-01,1.075469060000000088e+00
0.000000000000000000e+00,0.000000000000000000e+00,0.000000000000000000e+00,1.000000000000000000e+00
9.989233433600807066e-01,4.391214917297675546e-02,-1.496252803937863848e-02,5.265566299999999700e-01
4.369812977765073769e-02,-9.989418228353477147e-01,-1.434252573046112221e-02,-9.444829999999999545e-03
-1.557650616327516113e-02,1.367324926283369595e-02,-9.997851842822745860e-01,1.074833829999999990e+00
0.000000000000000000e+00,0.000000000000000000e+00,0.000000000000000000e+00,1.000000000000000000e+00
9.988767583510680392e-01,4.509064908501198010e-02,-1.456210806013826485e-02,5.269457200000000618e-01
4.490632119513617015e-02,-9.989098816727796093e-01,-1.274639608648205601e-02,-9.335800000000000001e-03
-1.512097691229307046e-02,1.207814810169707993e-02,-9.998127196608629363e-01,1.073894880000000107e+00
0.000000000000000000e+00,0.000000000000000000e+00,0.000000000000000000e+00,1.000000000000000000e+00
9.989572622910154465e-01,4.166384546750002971e-02,-1.866847869805454696e-02,5.276446500000000484e-01
4.140453800094881509e-02,-9.990434213119271378e-01,-1.406792686529300361e-02,-8.933729999999999102e-03
-1.923674476015690277e-02,1.328029797178982389e-02,-9.997267533365369330e-01,1.072263259999999940e+00
0.000000000000000000e+00,0.000000000000000000e+00,0.000000000000000000e+00,1.000000000000000000e+00
9.988094663630013859e-01,4.460207936164757581e-02,-1.975612361457243504e-02,5.278470200000000556e-01
4.433746073303060364e-02,-9.989235470115245263e-01,-1.363586453665305287e-02,-8.883270000000000402e-03
-2.034304498849531101e-02,1.274369422625460171e-02,-9.997118378703253594e-01,1.071536330000000037e+00
0.000000000000000000e+00,0.000000000000000000e+00,0.000000000000000000e+00,1.000000000000000000e+00
9.989108994231373773e-01,4.203278255897995724e-02,-2.025488099220484547e-02,5.279020700000000010e-01
4.179095207712619359e-02,-9.990516629080352651e-01,-1.221847638525635354e-02,-8.385939999999999714e-03
-2.074924909837011847e-02,1.135869847470366220e-02,-9.997201851672369299e-01,1.069622729999999855e+00
0.000000000000000000e+00,0.000000000000000000e+00,0.000000000000000000e+00,1.000000000000000000e+00
9.988953464057459541e-01,4.222134673280978495e-02,-2.062631351000889998e-02,5.279000899999999330e-01
4.196983768832537182e-02,-9.990409539247653292e-01,-1.247818518500458732e-02,-8.304370000000000154e-03
-2.113337770828284737e-02,1.159871808276661392e-02,-9.997093828135632521e-01,1.068761370000000044e+00
0.000000000000000000e+00,0.000000000000000000e+00,0.000000000000000000e+00,1.000000000000000000e+00
9.988997467199024483e-01,4.121967588197141680e-02,-2.236591878506762401e-02,5.279097699999999449e-01
4.102488914978622697e-02,-9.991166902609989187e-01,-9.099324818649589738e-03,-7.739540000000000482e-03
-2.272123397095257916e-02,8.171753917780676460e-03,-9.997084414791866935e-01,1.066329730000000087e+00
0.000000000000000000e+00,0.000000000000000000e+00,0.000000000000000000e+00,1.000000000000000000e+00
9.988037204321035256e-01,4.202010955561546329e-02,-2.500876734112329400e-02,5.279146599999999800e-01
4.187440979946079750e-02,-9.991028829575192560e-01,-6.321635067005616261e-03,-7.397799999999999515e-03
-2.525196734781633492e-02,5.266845251917691602e-03,-9.996672438797608029e-01,1.063993610000000034e+00
0.000000000000000000e+00,0.000000000000000000e+00,0.000000000000000000e+00,1.000000000000000000e+00
9.988037477072609915e-01,3.913241446230800169e-02,-2.932111362619230915e-02,5.282126600000000005e-01
3.886347827811499622e-02,-9.991975766398591974e-01,-9.686738004044402259e-03,-7.368529999999999872e-03
-2.967665112603536798e-02,8.535629758996235092e-03,-9.995231059873308510e-01,1.059904100000000016e+00
0.000000000000000000e+00,0.000000000000000000e+00,0.000000000000000000e+00,1.000000000000000000e+00
9.986322054639682477e-01,4.197564007031297922e-02,-3.117312706256154115e-02,5.283990100000000023e-01
4.176324968627078554e-02,-9.990998806310650293e-01,-7.433673293481501271e-03,-7.481440000000000659e-03
-3.145710072166973265e-02,6.121614466752427555e-03,-9.994863564103849685e-01,1.058433299999999910e+00
0.000000000000000000e+00,0.000000000000000000e+00,0.000000000000000000e+00,1.000000000000000000e+00
9.984717470016103436e-01,4.423607847283340944e-02,-3.312611961728092330e-02,5.286418900000000587e-01
4.391725219528556934e-02,-9.989821618959418004e-01,-1.029150976906800276e-02,-7.959479999999999680e-03
-3.354765862424326922e-02,8.820973588922141270e-03,-9.993981914261075294e-01,1.056516490000000141e+00
0.000000000000000000e+00,0.000000000000000000e+00,0.000000000000000000e+00,1.000000000000000000e+00
9.982223802264669210e-01,4.587607364205341376e-02,-3.804557112458273327e-02,5.289922299999999522e-01
4.558662693096908469e-02,-9.989247240881340417e-01,-8.441270668682098258e-03,-8.397790000000000463e-03
-3.839191399322824938e-02,6.691896041795701577e-03,-9.992403512005019195e-01,1.053187939999999934e+00
0.000000000000000000e+00,0.000000000000000000e+00,0.000000000000000000e+00,1.000000000000000000e+00
9.980156797301159566e-01,4.877571907285763175e-02,-3.981999801307209430e-02,5.291023999999999727e-01
4.864774208998366711e-02,-9.988072631001666535e-01,-4.177124357929442103e-03,-8.436829999999999330e-03
-3.997624547630534986e-02,2.231682612032582190e-03,-9.991981382039987203e-01,1.051658860000000084e+00
0.000000000000000000e+00,0.000000000000000000e+00,0.000000000000000000e+00,1.000000000000000000e+00
9.980336361927186761e-01,4.780883702171164623e-02,-4.053610897177738898e-02,5.291466100000000727e-01
4.753971757651812707e-02,-9.988406047564365453e-01,-7.577700346497410339e-03,-8.570559999999999637e-03
-4.085139264070799386e-02,5.635724658624373731e-03,-9.991493393516740484e-01,1.051175919999999930e+00
0.000000000000000000e+00,0.000000000000000000e+00,0.000000000000000000e+00,1.000000000000000000e+00
9.979845270001151958e-01,4.599801835389854404e-02,-4.371574288366734257e-02,5.293300599999999356e-01
4.552252932258867707e-02,-9.988934837579205306e-01,-1.181132634547655581e-02,-8.981190000000000007e-03
-4.421066831015509763e-02,9.797469748853924673e-03,-9.989741870509416533e-01,1.049300080000000079e+00
0.000000000000000000e+00,0.000000000000000000e+00,0.000000000000000000e+00,1.000000000000000000e+00
9.978464459025980782e-01,4.786033609158230062e-02,-4.485374709825910161e-02,5.294276799999999561e-01
4.725832503853413802e-02,-9.987790744265524490e-01,-1.438788386775144250e-02,-9.558830000000000798e-03
-4.548759296891911191e-02,1.223718582192936423e-02,-9.988899489778908514e-01,1.047583010000000092e+00
0.000000000000000000e+00,0.000000000000000000e+00,0.000000000000000000e+00,1.000000000000000000e+00
9.976083545786259554e-01,4.990497898726751341e-02,-4.782325738808426013e-02,5.296920400000000306e-01
4.929363102283219195e-02,-9.986878887437733443e-01,-1.387943864460424240e-02,-1.004906000000000028e-02
-4.845316104766998061e-02,1.148886194472047151e-02,-9.987593790476781974e-01,1.046185990000000121e+00
0.000000000000000000e+00,0.000000000000000000e+00,0.000000000000000000e+00,1.000000000000000000e+00
9.974972228333015556e-01,4.967205037332785011e-02,-5.031876242079482559e-02,5.300625199999999815e-01
4.879061038715452880e-02,-9.986358779152174625e-01,-1.859730299134227521e-02,-1.093333999999999973e-02
-5.117388765669168144e-02,1.609567495361657885e-02,-9.985600444990214708e-01,1.044920960000000010e+00
0.000000000000000000e+00,0.000000000000000000e+00,0.000000000000000000e+00,1.000000000000000000e+00
9.974359971663522284e-01,5.158739947809982962e-02,-4.960011866772082861e-02,5.300634399999999413e-01
5.070702267076061809e-02,-9.985357079713057527e-01,-1.884775207048892953e-02,-1.147435999999999942e-02
-5.049979612465787387e-02,1.628435203901576478e-02,-9.985913030214299546e-01,1.044401630000000081e+00
0.000000000000000000e+00,0.000000000000000000e+00,0.000000000000000000e+00,1.000000000000000000e+00
9.973946419475713254e-01,5.268882118502275780e-02,-4.927287627497117795e-02,5.301335900000000434e-01
5.174636879088680141e-02,-9.984557019254185484e-01,-2.021199172712226030e-02,-1.203824999999999860e-02
-5.026173028491415229e-02,1.760963982460798591e-02,-9.985808224946112199e-01,1.043730999999999964e+00
0.000000000000000000e+00,0.000000000000000000e+00,0.000000000000000000e+00,1.000000000000000000e+00
9.971331989359456527e-01,5.442187221448225448e-02,-5.257036621937169474e-02,5.303709800000000474e-01
5.337561135716722277e-02,-9.983514276981393376e-01,-2.110618215916569909e-02,-1.289279999999999940e-02
-5.363233811812545548e-02,1.823969949746453642e-02,-9.983941534635633053e-01,1.041787489999999927e+00
0.000000000000000000e+00,0.000000000000000000e+00,0.000000000000000000e+00,1.000000000000000000e+00
9.971455799951338683e-01,5.321421211894217240e-02,-5.356248617015613861e-02,5.305530199999999308e-01
5.212525143926834137e-02,-9.984084995622288794e-01,-2.152733528079337974e-02,-1.297171000000000088e-02
-5.462280163595596011e-02,1.867392916498470182e-02,-9.983324265548927379e-01,1.041146240000000001e+00
0.000000000000000000e+00,0.000000000000000000e+00,0.000000000000000000e+00,1.000000000000000000e+00
9.966774738137379464e-01,5.870428013539670531e-02,-5.646078892515402764e-02,5.310383600000000426e-01
5.789171917045053684e-02,-9.981958835953154141e-01,-1.592252570597261010e-02,-1.316267000000000131e-02
-5.729364749913918448e-02,1.260101056076598502e-02,-9.982778433327526013e-01,1.039499439999999941e+00
0.000000000000000000e+00,0.000000000000000000e+00,0.000000000000000000e+00,1.000000000000000000e+00
9.967431164995234072e-01,5.743712601958732983e-02,-5.660509045508300280e-02,5.311354400000000142e-01
5.640143349234889164e-02,-9.982132273673557377e-01,-1.972893836110941115e-02,-1.324719999999999891e-02
-5.763712354746920036e-02,1.647207526264843000e-02,-9.982016994203704030e-01,1.039096830000000082e+00
0.000000000000000000e+00,0.000000000000000000e+00,0.000000000000000000e+00,1.000000000000000000e+00
9.967196016790027535e-01,5.512951259463910736e-02,-5.925177187163475218e-02,5.316598900000000238e-01
5.383871903922975155e-02,-9.982808845758841532e-01,-2.316609208748339824e-02,-1.337366000000000076e-02
-6.042704660220949570e-02,1.990005857952206400e-02,-9.979742279775896119e-01,1.037856829999999952e+00
0.000000000000000000e+00,0.000000000000000000e+00,0.000000000000000000e+00,1.000000000000000000e+00
9.964553446718222851e-01,5.865674261833232067e-02,-6.030035340167724106e-02,5.321458799999999600e-01
5.760779355381941830e-02,-9.981586538419779941e-01,-1.899062616743804957e-02,-1.310926000000000105e-02
-6.130324784887806328e-02,1.544954063322202982e-02,-9.979996109705662199e-01,1.036650389999999922e+00
0.000000000000000000e+00,0.000000000000000000e+00,0.000000000000000000e+00,1.000000000000000000e+00
9.964173356308617668e-01,5.818621442412887090e-02,-6.137473181435159492e-02,5.325601600000000602e-01
5.694076425672685293e-02,-9.981383977770157401e-01,-2.185150450178405951e-02,-1.313395000000000014e-02
-6.253193280360157258e-02,1.827849375963262746e-02,-9.978755704223473133e-01,1.035941620000000007e+00
0.000000000000000000e+00,0.000000000000000000e+00,0.000000000000000000e+00,1.000000000000000000e+00
9.963543734021567122e-01,5.798559021129080088e-02,-6.257502641025312895e-02,5.327549000000000312e-01
5.670786825532073833e-02,-9.981482424883638682e-01,-2.200690108414561641e-02,-1.306036000000000002e-02
-6.373523578314278792e-02,1.837817578647130135e-02,-9.977976059173667700e-01,1.035571140000000057e+00
0.000000000000000000e+00,0.000000000000000000e+00,0.000000000000000000e+00,1.000000000000000000e+00
9.960267959523064762e-01,6.208923152684796970e-02,-6.384002720385040242e-02,5.331647099999999861e-01
6.103612854112871328e-02,-9.979674578045881761e-01,-1.831786493450729414e-02,-1.294883999999999966e-02
-6.484761181179846123e-02,1.434853621292103698e-02,-9.977920157782647070e-01,1.034861070000000050e+00
0.000000000000000000e+00,0.000000000000000000e+00,0.000000000000000000e+00,1.000000000000000000e+00
9.960635437394246283e-01,6.204383378936643989e-02,-6.330860543383419470e-02,5.331594100000000003e-01
6.091814612258376893e-02,-9.979510784440353000e-01,-1.956078999873240784e-02,-1.291101000000000054e-02
-6.439251747095280087e-02,1.562714692784478512e-02,-9.978022830063321136e-01,1.034734880000000024e+00
0.000000000000000000e+00,0.000000000000000000e+00,0.000000000000000000e+00,1.000000000000000000e+00
9.959537938569467119e-01,6.243247461141864657e-02,-6.463920339739134824e-02,5.336929700000000443e-01
6.105559973083250075e-02,-9.978678720367422095e-01,-2.306347108248270328e-02,-1.288985999999999951e-02
-6.594129391711334165e-02,1.902356619455763259e-02,-9.976421451030315080e-01,1.033850330000000151e+00
0.000000000000000000e+00,0.000000000000000000e+00,0.000000000000000000e+00,1.000000000000000000e+00
9.958819579158418867e-01,6.328784806397566576e-02,-6.491359014213352041e-02,5.337739200000000128e-01
6.193228587816559244e-02,-9.978224421347995365e-01,-2.268845384882222857e-02,-1.283055999999999953e-02
-6.620814046335188330e-02,1.857477481898761260e-02,-9.976329284244827011e-01,1.033514180000000060e+00
0.000000000000000000e+00,0.000000000000000000e+00,0.000000000000000000e+00,1.000000000000000000e+00
9.958688817203854571e-01,6.313617642761112925e-02,-6.526096572294337594e-02,5.338305700000000042e-01
6.180822952152575933e-02,-9.978417256146328018e-01,-2.217280735105487885e-02,-1.268899999999999889e-02
-6.652002092907083330e-02,1.804754411309645104e-02,-9.976218587055326603e-01,1.033122630000000042e+00
0.000000000000000000e+00,0.000000000000000000e+00,0.000000000000000000e+00,1.000000000000000000e+00
9.957461420861243306e-01,6.476028166494397775e-02,-6.554179154766037740e-02,5.339056399999999591e-01
6.353354275556481745e-02,-9.977663807925071238e-01,-2.063342688814994233e-02,-1.254416999999999859e-02
-6.673162268015564447e-02,1.638155300632181469e-02,-9.976364745013959201e-01,1.032545700000000011e+00
0.000000000000000000e+00,0.000000000000000000e+00,0.000000000000000000e+00,1.000000000000000000e+00
9.957300401128064138e-01,6.407874858596653012e-02,-6.644999019266660534e-02,5.339988700000000144e-01
6.273528030930618227e-02,-9.977851923489925445e-01,-2.211322078750154949e-02,-1.254548999999999942e-02
-6.771980376124679679e-02,1.785003946047467385e-02,-9.975446878560366715e-01,1.031762850000000009e+00
0.000000000000000000e+00,0.000000000000000000e+00,0.000000000000000000e+00,1.000000000000000000e+00
9.954491003174004149e-01,6.558489509313053523e-02,-6.913544830910600680e-02,5.344079600000000152e-01
6.408789577296322704e-02,-9.976638482562004695e-01,-2.365560183175714065e-02,-1.265363999999999899e-02
-7.052538757548099113e-02,1.911720215543822460e-02,-9.973267780868396715e-01,1.030472180000000071e+00
0.000000000000000000e+00,0.000000000000000000e+00,0.000000000000000000e+00,1.000000000000000000e+00
9.954227546981031516e-01,6.523869694353336135e-02,-6.983875607676823249e-02,5.344747199999999587e-01
6.369773690534506760e-02,-9.976788968891637799e-01,-2.407108255063020175e-02,-1.250469000000000060e-02
-7.124701918240483600e-02,1.951233259073920090e-02,-9.972678331995324941e-01,1.030148389999999914e+00
0.000000000000000000e+00,0.000000000000000000e+00,0.000000000000000000e+00,1.000000000000000000e+00
9.954440277258738146e-01,6.525582674818539153e-02,-6.951880853625859447e-02,5.343719900000000189e-01
6.377779625764928850e-02,-9.976926770843309589e-01,-2.327476738485670035e-02,-1.217740999999999962e-02
-7.087722038432338334e-02,1.873497178306452252e-02,-9.973090897324058401e-01,1.029742579999999963e+00
0.000000000000000000e+00,0.000000000000000000e+00,0.000000000000000000e+00,1.000000000000000000e+00
9.954921786740409395e-01,6.492400786588992112e-02,-6.913895719087422009e-02,5.342879899999999349e-01
6.344390202350044805e-02,-9.977111556789109992e-01,-2.339489538092700757e-02,-1.200337999999999926e-02
-7.049959925307484887e-02,1.890299014658546398e-02,-9.973326844482105491e-01,1.029574430000000040e+00
0.000000000000000000e+00,0.000000000000000000e+00,0.000000000000000000e+00,1.000000000000000000e+00
9.954352003103770219e-01,6.613347501273231233e-02,-6.881224793436498122e-02,5.341929199999999600e-01
6.466168831954982599e-02,-9.976327846687678136e-01,-2.340284208608176333e-02,-1.185858000000000051e-02
-7.019706579840499783e-02,1.884649667129141906e-02,-9.973550929917154306e-01,1.029379040000000023e+00
0.000000000000000000e+00,0.000000000000000000e+00,0.000000000000000000e+00,1.000000000000000000e+00
9.953793788951929011e-01,6.667857898110625403e-02,-6.909311959435832096e-02,5.341726700000000161e-01
6.514083197161217587e-02,-9.975807058084033008e-01,-2.427771424277763018e-02,-1.182859000000000167e-02
-7.054476649806218358e-02,1.966475283008038005e-02,-9.973147614549109363e-01,1.029261020000000082e+00
0.000000000000000000e+00,0.000000000000000000e+00,0.000000000000000000e+00,1.000000000000000000e+00
9.954116185199985978e-01,6.639748740382953041e-02,-6.889908113941314860e-02,5.341057200000000060e-01
6.485564155259007646e-02,-9.975967577089607241e-01,-2.438144309452019987e-02,-1.180268999999999936e-02
-7.035236651456075463e-02,1.980107762288899065e-02,-9.973256548644345854e-01,1.029226909999999995e+00
0.000000000000000000e+00,0.000000000000000000e+00,0.000000000000000000e+00,1.000000000000000000e+00
9.953245869416783576e-01,6.812971275162474361e-02,-6.846392385599073260e-02,5.338383500000000170e-01
6.680211724547677199e-02,-9.975345805998164783e-01,-2.149971253459511539e-02,-1.169847000000000074e-02
-6.975990080912794489e-02,1.682565742934741954e-02,-9.974219034546869533e-01,1.029261860000000084e+00
0.000000000000000000e+00,0.000000000000000000e+00,0.000000000000000000e+00,1.000000000000000000e+00
9.954401024599147663e-01,6.609487221188919959e-02,-6.877841436009800302e-02,5.334946400000000200e-01
6.394928586778497737e-02,-9.974091807499282369e-01,-3.294563693053001452e-02,-1.252173999999999822e-02
-7.077775958304709236e-02,2.839707772028706237e-02,-9.970878169576400385e-01,1.029250030000000038e+00
0.000000000000000000e+00,0.000000000000000000e+00,0.000000000000000000e+00,1.000000000000000000e+00
9.954275170405765261e-01,6.865638594167387809e-02,-6.641053371161284580e-02,5.331519700000000306e-01
6.670638851725323171e-02,-9.972862812579982306e-01,-3.115013556276698126e-02,-1.294260000000000028e-02
-6.836896993094607189e-02,2.657769523531750000e-02,-9.973060262860944380e-01,1.029333950000000053e+00
0.000000000000000000e+00,0.000000000000000000e+00,0.000000000000000000e+00,1.000000000000000000e+00
9.955395706564977854e-01,6.738278563756733286e-02,-6.603425972022411439e-02,5.329542200000000340e-01
6.554420719216996760e-02,-9.974097450108618812e-01,-2.962697184859915817e-02,-1.292283999999999967e-02
-6.785956204269413816e-02,2.516665963312261778e-02,-9.973774205797343306e-01,1.029248809999999903e+00
0.000000000000000000e+00,0.000000000000000000e+00,0.000000000000000000e+00,1.000000000000000000e+00
9.955787635048678474e-01,6.656329972748785406e-02,-6.627407326781144248e-02,5.328118099999999968e-01
6.473114002005252166e-02,-9.974689277166999268e-01,-2.942138255421365353e-02,-1.286052999999999849e-02
-6.806471310321508816e-02,2.500130734752979353e-02,-9.973675999655751134e-01,1.029131770000000001e+00
0.000000000000000000e+00,0.000000000000000000e+00,0.000000000000000000e+00,1.000000000000000000e+00
9.955326966305506620e-01,6.699476274831359102e-02,-6.653083273040942547e-02,5.326081500000000579e-01
6.527040211834184147e-02,-9.974812787249145440e-01,-2.776460337588036384e-02,-1.283744999999999852e-02
-6.822334312253029720e-02,2.329807626408590335e-02,-9.973980023519088967e-01,1.028880840000000019e+00
0.000000000000000000e+00,0.000000000000000000e+00,0.000000000000000000e+00,1.000000000000000000e+00
9.956249754756022474e-01,6.390468679163398280e-02,-6.816963558117591915e-02,5.324778700000000198e-01
6.196500663190672442e-02,-9.976212997152078543e-01,-3.020066733779067092e-02,-1.276434000000000075e-02
-6.993744463672460498e-02,2.584440675665241466e-02,-9.972165364037449686e-01,1.028500210000000026e+00
0.000000000000000000e+00,0.000000000000000000e+00,0.000000000000000000e+00,1.000000000000000000e+00
9.942191622466483025e-01,7.396507043673826443e-02,-7.782946599367950025e-02,5.324837099999999435e-01
7.262922447863999487e-02,-9.971612480916113297e-01,-1.986054017420833817e-02,-1.241789000000000087e-02
-7.907751370145806036e-02,1.409303585705969086e-02,-9.967688464067921972e-01,1.027681500000000137e+00
0.000000000000000000e+00,0.000000000000000000e+00,0.000000000000000000e+00,1.000000000000000000e+00
9.927073237139670825e-01,8.567370866160341214e-02,-8.480675143418796302e-02,5.323990599999999240e-01
8.601608269067410883e-02,-9.962936743550783181e-01,3.846538815761037754e-04,-1.174365999999999952e-02
-8.445947527189921755e-02,-7.676593269426159119e-03,-9.963973439108372299e-01,1.026835479999999912e+00
0.000000000000000000e+00,0.000000000000000000e+00,0.000000000000000000e+00,1.000000000000000000e+00
