0.275074,0.0696144,-0.141097,-1.75669,0.0847413,1.71059,0.965926
0.274389,0.0699423,-0.141723,-1.75976,0.0836797,1.71482,0.963349
0.273367,0.0704718,-0.142656,-1.76426,0.0821144,1.72109,0.959525
0.272015,0.0712462,-0.143887,-1.77007,0.0800801,1.72932,0.954508
0.270343,0.0723184,-0.145404,-1.77702,0.0776225,1.73938,0.948371
0.268366,0.0737466,-0.147191,-1.78494,0.0747968,1.75112,0.941206
0.2661,0.0755892,-0.149227,-1.7936,0.0716653,1.76439,0.933116
0.263567,0.0779,-0.151488,-1.80281,0.0682951,1.77898,0.924215
0.261102,0.0803994,-0.153672,-1.81129,0.0651482,1.79295,0.915696
0.258704,0.0830559,-0.155779,-1.81911,0.06221,1.80635,0.907539
0.256079,0.0861995,-0.158065,-1.8272,0.0591253,1.82077,0.898747
0.253539,0.0894726,-0.160254,-1.83459,0.0562711,1.83452,0.89037
0.251082,0.092844,-0.16235,-1.84133,0.0536306,1.84761,0.882385
0.248442,0.0966764,-0.164577,-1.84816,0.0509178,1.86147,0.873925
0.245902,0.100564,-0.166692,-1.85432,0.048431,1.8746,0.865901
0.243213,0.104878,-0.168902,-1.86044,0.0459248,1.88829,0.857526
0.240405,0.109592,-0.171175,-1.8664,0.0434426,1.90235,0.848901
0.23773,0.114273,-0.173305,-1.87168,0.0412087,1.91553,0.840803
0.234971,0.119283,-0.175465,-1.87673,0.0390316,1.92891,0.832563
0.232156,0.124574,-0.177628,-1.88149,0.0369416,1.94233,0.82427
0.229313,0.130092,-0.179767,-1.8859,0.0349634,1.95566,0.816011
0.226471,0.135774,-0.18186,-1.88993,0.0331161,1.96876,0.807864
0.223655,0.141554,-0.183886,-1.89357,0.0314129,1.98151,0.799902
0.220892,0.147368,-0.185826,-1.8968,0.0298615,1.99382,0.792189
0.218202,0.153147,-0.187667,-1.89963,0.0284644,2.00559,0.784781
0.215608,0.15883,-0.189396,-1.90208,0.02722,2.01676,0.777722
0.213127,0.164358,-0.191007,-1.90417,0.0261229,2.02727,0.77105
0.210773,0.169679,-0.192495,-1.90594,0.0251648,2.03709,0.764793
0.208558,0.174749,-0.193858,-1.90741,0.0243354,2.04618,0.75897
0.206492,0.179533,-0.195097,-1.90862,0.0236234,2.05455,0.75359
0.204579,0.184003,-0.196216,-1.9096,0.0230166,2.06219,0.748658
0.202823,0.188141,-0.197218,-1.91039,0.0225029,2.06912,0.744168
0.201223,0.191937,-0.19811,-1.91102,0.0220706,2.07536,0.74011
0.199777,0.195388,-0.1989,-1.91152,0.0217087,2.08095,0.736469
0.19848,0.198498,-0.199593,-1.91191,0.0214071,2.0859,0.733225
0.197326,0.201278,-0.2002,-1.91221,0.0211567,2.09028,0.730356
0.196307,0.203741,-0.200726,-1.91244,0.0209496,2.09411,0.727835
0.195414,0.205907,-0.20118,-1.91261,0.0207787,2.09745,0.725636
0.194637,0.207795,-0.20157,-1.91274,0.0206381,2.10034,0.72373
0.193966,0.209429,-0.201903,-1.91284,0.0205227,2.10281,0.722091
0.193391,0.210832,-0.202185,-1.91291,0.0204282,2.10493,0.72069
0.192902,0.212028,-0.202423,-1.91297,0.020351,2.10672,0.719501
0.192489,0.213039,-0.202623,-1.91301,0.020288,2.10823,0.718499
0.192142,0.213888,-0.202789,-1.91304,0.0202368,2.10949,0.71766
0.191854,0.214595,-0.202927,-1.91306,0.0201953,2.11054,0.716963
0.191615,0.215181,-0.20304,-1.91308,0.0201617,2.11141,0.716387
0.191419,0.215661,-0.203132,-1.91309,0.0201347,2.11212,0.715915
0.191259,0.216053,-0.203208,-1.9131,0.020113,2.1127,0.715531
0.19113,0.216371,-0.203268,-1.91311,0.0200957,2.11316,0.71522
0.191026,0.216626,-0.203317,-1.91311,0.0200819,2.11354,0.71497
0.190943,0.21683,-0.203356,-1.91312,0.020071,2.11384,0.71477
0.190878,0.216991,-0.203387,-1.91312,0.0200624,2.11407,0.714613
0.190826,0.217118,-0.203411,-1.91312,0.0200557,2.11426,0.714488
0.190786,0.217217,-0.20343,-1.91312,0.0200505,2.1144,0.714391
0.190754,0.217295,-0.203444,-1.91312,0.0200464,2.11452,0.714316
0.19073,0.217354,-0.203456,-1.91312,0.0200433,2.1146,0.714258
0.190712,0.217399,-0.203464,-1.91312,0.020041,2.11467,0.714214
0.190222,0.219144,-0.203714,-1.91359,0.0199711,2.1175,0.713257
0.19027,0.220244,-0.203702,-1.91423,0.0200867,2.11936,0.713836
0.190339,0.221884,-0.203684,-1.91516,0.02026,2.12212,0.714693
0.190429,0.22405,-0.20366,-1.91638,0.0204908,2.12574,0.715817
0.190538,0.226725,-0.203631,-1.91784,0.0207786,2.13016,0.717191
0.190664,0.229882,-0.203597,-1.91951,0.0211227,2.13532,0.718793
0.190803,0.233494,-0.203557,-1.92134,0.0215217,2.14115,0.720601
0.190953,0.237524,-0.203512,-1.9233,0.0219737,2.14756,0.722587
0.191111,0.241933,-0.203463,-1.92534,0.0224762,2.15445,0.724723
0.191274,0.246674,-0.203409,-1.92742,0.0230258,2.16174,0.726981
0.191439,0.251698,-0.20335,-1.92949,0.0236183,2.16933,0.729329
0.191603,0.256952,-0.203287,-1.93152,0.0242486,2.17712,0.731739
0.191764,0.26238,-0.20322,-1.93348,0.0249109,2.18501,0.734181
0.191921,0.267925,-0.203148,-1.93533,0.0255988,2.19292,0.736629
0.19207,0.273529,-0.203074,-1.93707,0.0263051,2.20076,0.739056
0.19221,0.279135,-0.202996,-1.93867,0.0270225,2.20846,0.741439
0.192341,0.284688,-0.202916,-1.94013,0.0277435,2.21595,0.743759
0.192462,0.290137,-0.202835,-1.94144,0.0284606,2.22317,0.745995
0.192573,0.295434,-0.202752,-1.9426,0.0291666,2.23007,0.748135
0.192672,0.300539,-0.20267,-1.94362,0.0298547,2.23661,0.750165
0.192762,0.305414,-0.202588,-1.94451,0.0305189,2.24277,0.752076
0.192841,0.310031,-0.202508,-1.94527,0.031154,2.24851,0.753862
0.192911,0.314365,-0.20243,-1.94591,0.0317555,2.25383,0.755518
0.192972,0.318402,-0.202356,-1.94646,0.0323201,2.25872,0.757043
0.193025,0.322131,-0.202285,-1.94691,0.0328452,2.26319,0.758437
0.193071,0.325547,-0.202219,-1.94729,0.0333293,2.26724,0.759702
0.19311,0.328653,-0.202157,-1.9476,0.0337719,2.27088,0.760843
0.193144,0.331455,-0.2021,-1.94785,0.034173,2.27414,0.761865
0.193173,0.333962,-0.202049,-1.94806,0.0345336,2.27704,0.762773
0.193197,0.33619,-0.202002,-1.94822,0.0348551,2.27959,0.763575
0.193217,0.338154,-0.20196,-1.94836,0.0351394,2.28183,0.764278
0.193235,0.339873,-0.201923,-1.94846,0.035389,2.28378,0.764891
0.193249,0.341366,-0.201891,-1.94855,0.0356063,2.28547,0.765422
0.193261,0.342654,-0.201862,-1.94862,0.0357941,2.28692,0.765878
0.193271,0.343757,-0.201838,-1.94867,0.0359552,2.28815,0.766267
0.19328,0.344695,-0.201817,-1.94871,0.0360924,2.2892,0.766598
0.193286,0.345486,-0.201799,-1.94875,0.0362083,2.29008,0.766876
0.193292,0.346149,-0.201784,-1.94878,0.0363055,2.29082,0.767108
0.193297,0.346701,-0.201772,-1.9488,0.0363865,2.29143,0.767302
0.193301,0.347157,-0.201761,-1.94882,0.0364535,2.29194,0.767461
0.193304,0.347532,-0.201753,-1.94883,0.0365085,2.29235,0.767592
0.193306,0.347837,-0.201746,-1.94884,0.0365533,2.29269,0.767699
0.193308,0.348084,-0.20174,-1.94885,0.0365896,2.29296,0.767785
0.19331,0.348282,-0.201736,-1.94886,0.0366188,2.29318,0.767854
0.193311,0.34844,-0.201732,-1.94886,0.0366421,2.29336,0.76791
0.193312,0.348566,-0.201729,-1.94887,0.0366606,2.29349,0.767953
0.193313,0.348664,-0.201727,-1.94887,0.0366751,2.2936,0.767988
0.193313,0.348742,-0.201725,-1.94887,0.0366864,2.29369,0.768015
0.193314,0.348801,-0.201724,-1.94887,0.0366953,2.29375,0.768035
0.192737,0.350436,-0.201859,-1.94767,0.0367896,2.29541,0.767161
0.192971,0.348557,-0.201858,-1.94696,0.0367459,2.29399,0.767455
0.193317,0.345771,-0.201855,-1.94589,0.0366806,2.29188,0.767891
0.193769,0.342121,-0.20185,-1.94448,0.0365946,2.28911,0.768465
0.194319,0.337667,-0.201841,-1.94272,0.0364894,2.28572,0.769169
0.194956,0.332483,-0.201826,-1.94064,0.0363667,2.28173,0.769993
0.195669,0.326654,-0.201804,-1.93823,0.0362291,2.27722,0.770927
0.196445,0.320273,-0.201772,-1.93551,0.0360794,2.27222,0.771958
0.197271,0.313443,-0.201728,-1.93249,0.0359207,2.26682,0.773074
0.198135,0.306265,-0.201671,-1.9292,0.0357566,2.26106,0.774259
0.198941,0.299527,-0.201605,-1.92597,0.035607,2.25557,0.775388
0.199771,0.292559,-0.201526,-1.92249,0.035456,2.24981,0.776568
0.200541,0.286054,-0.20144,-1.91911,0.0353206,2.24435,0.777684
0.201323,0.279422,-0.201341,-1.91553,0.0351872,2.2387,0.778836
0.202106,0.272746,-0.201231,-1.91179,0.0350588,2.23293,0.780008
0.202881,0.266107,-0.201108,-1.90791,0.0349377,2.22709,0.781189
0.20364,0.259577,-0.200976,-1.90395,0.0348258,2.22126,0.782365
0.204375,0.253219,-0.200835,-1.89993,0.0347248,2.21549,0.783526
0.205082,0.247088,-0.200687,-1.8959,0.0346356,2.20983,0.784659
0.205754,0.241229,-0.200535,-1.89189,0.0345588,2.20433,0.785756
0.20639,0.235678,-0.20038,-1.88795,0.0344945,2.19903,0.786808
0.206985,0.230461,-0.200225,-1.8841,0.0344423,2.19396,0.787809
0.207539,0.225597,-0.200072,-1.88039,0.0344014,2.18915,0.788755
0.208051,0.221096,-0.199923,-1.87683,0.0343709,2.18464,0.789639
0.208521,0.21696,-0.199779,-1.87346,0.0343495,2.18042,0.790462
0.208949,0.213186,-0.199642,-1.87029,0.0343361,2.17652,0.79122
0.209336,0.209767,-0.199513,-1.86734,0.0343293,2.17294,0.791914
0.209685,0.206688,-0.199393,-1.86461,0.0343278,2.16967,0.792544
0.209997,0.203935,-0.199283,-1.86211,0.0343304,2.16671,0.793113
0.210274,0.201488,-0.199181,-1.85984,0.034336,2.16405,0.793623
0.210519,0.199327,-0.19909,-1.8578,0.0343437,2.16168,0.794077
0.210734,0.197431,-0.199008,-1.85597,0.0343527,2.15958,0.794478
0.210921,0.195777,-0.198935,-1.85436,0.0343623,2.15773,0.794829
0.211084,0.194344,-0.19887,-1.85294,0.034372,2.15612,0.795136
0.211224,0.193109,-0.198814,-1.85169,0.0343815,2.15472,0.795401
0.211344,0.192051,-0.198765,-1.85062,0.0343904,2.15351,0.795629
0.211446,0.191152,-0.198724,-1.8497,0.0343985,2.15248,0.795824
0.211532,0.190392,-0.198688,-1.84891,0.0344059,2.1516,0.795989
0.211605,0.189753,-0.198658,-1.84825,0.0344125,2.15087,0.796129
0.211665,0.18922,-0.198632,-1.84769,0.0344181,2.15025,0.796245
0.211716,0.188778,-0.198611,-1.84723,0.034423,2.14973,0.796342
0.211757,0.188413,-0.198593,-1.84684,0.0344272,2.14931,0.796422
0.211791,0.188115,-0.198579,-1.84652,0.0344306,2.14896,0.796487
0.211819,0.187873,-0.198567,-1.84627,0.0344335,2.14868,0.79654
0.211841,0.187677,-0.198558,-1.84606,0.0344359,2.14845,0.796584
0.211859,0.187519,-0.19855,-1.84589,0.0344378,2.14826,0.796618
0.211873,0.187394,-0.198544,-1.84576,0.0344394,2.14812,0.796646
0.211884,0.187295,-0.198539,-1.84565,0.0344406,2.148,0.796668
0.211893,0.187217,-0.198535,-1.84557,0.0344416,2.14791,0.796685
0.2119,0.187156,-0.198532,-1.8455,0.0344423,2.14784,0.796698
0.211906,0.187108,-0.19853,-1.84545,0.0344429,2.14778,0.796709
0.21191,0.187072,-0.198528,-1.84541,0.0344434,2.14774,0.796717
0.211913,0.187044,-0.198527,-1.84538,0.0344437,2.14771,0.796723
0.21264,0.188192,-0.197869,-1.847,0.0346493,2.15146,0.797301
0.214769,0.189014,-0.196185,-1.84999,0.0350223,2.15479,0.799943
0.217932,0.190278,-0.193682,-1.85437,0.0355885,2.15972,0.803864
0.222087,0.192026,-0.190388,-1.86001,0.0363568,2.16617,0.809005
0.226158,0.193865,-0.187154,-1.86535,0.0371441,2.17246,0.814028
0.230147,0.195789,-0.183978,-1.87043,0.0379471,2.17859,0.818938
0.234057,0.197789,-0.18086,-1.87524,0.0387632,2.18456,0.823736
0.23789,0.199859,-0.177798,-1.87981,0.0395896,2.19039,0.828427
0.242588,0.202515,-0.174042,-1.88524,0.0406301,2.1975,0.834162
0.247171,0.20526,-0.170373,-1.89031,0.0416797,2.20438,0.839738
0.251642,0.208084,-0.166789,-1.89505,0.0427343,2.21105,0.845159
0.256005,0.210976,-0.16329,-1.89947,0.0437905,2.21751,0.85043
0.260262,0.213926,-0.159873,-1.9036,0.0448451,2.22377,0.855556
0.264416,0.216926,-0.156538,-1.90746,0.0458955,2.22985,0.860542
0.26847,0.219966,-0.153284,-1.91105,0.046939,2.23573,0.865393
0.272427,0.223041,-0.150108,-1.91439,0.0479736,2.24143,0.870112
0.27629,0.226141,-0.147009,-1.9175,0.0489972,2.24696,0.874704
0.280815,0.229879,-0.143382,-1.92098,0.0502089,2.2534,0.880069
0.285211,0.233637,-0.139861,-1.92415,0.0514005,2.25959,0.885262
0.289482,0.237405,-0.136446,-1.92705,0.0525699,2.26556,0.890288
0.29363,0.241176,-0.133133,-1.92969,0.0537153,2.27131,0.895155
0.29766,0.244942,-0.129919,-1.93209,0.0548354,2.27685,0.899867
0.301575,0.248695,-0.126803,-1.93427,0.0559289,2.28219,0.904431
0.306013,0.253045,-0.123278,-1.93657,0.0571716,2.28818,0.90959
0.310304,0.257362,-0.119879,-1.93861,0.0583763,2.29393,0.91456
0.314453,0.261638,-0.116602,-1.94041,0.0595423,2.29943,0.919349
0.318463,0.265866,-0.113443,-1.94199,0.0606693,2.3047,0.923963
0.322341,0.27004,-0.110399,-1.94336,0.0617574,2.30974,0.928411
0.326626,0.274737,-0.107046,-1.94472,0.0629556,2.31526,0.933312
0.330748,0.27935,-0.103833,-1.94587,0.0641037,2.32052,0.938012
0.334713,0.283875,-0.100755,-1.94681,0.0652026,2.32552,0.942518
0.339006,0.288855,-0.097437,-1.94767,0.0663838,2.33088,0.947382
0.343114,0.293711,-0.094277,-1.94833,0.0675057,2.33596,0.952022
0.347047,0.298441,-0.0912673,-1.94881,0.0685702,2.34076,0.956449
0.351229,0.303547,-0.0880827,-1.94917,0.069691,2.3458,0.961144
0.355213,0.308489,-0.0850674,-1.94936,0.0707464,2.35055,0.9656
0.359385,0.313742,-0.0819269,-1.94941,0.0718383,2.35547,0.970255
0.363699,0.31925,-0.0787017,-1.94929,0.072951,2.36048,0.975052
0.367764,0.324522,-0.0756829,-1.94902,0.0739838,2.36515,0.979557
0.371915,0.329977,-0.072622,-1.94859,0.0750213,2.36985,0.984143
0.376106,0.335558,-0.0695543,-1.94801,0.0760504,2.37453,0.988758
0.380295,0.341207,-0.066513,-1.94726,0.0770593,2.37913,0.993355
0.384439,0.346869,-0.0635283,-1.94637,0.0780374,2.38363,0.997889
0.388502,0.352486,-0.0606271,-1.94535,0.0789759,2.38797,1.00232
0.39245,0.358008,-0.0578327,-1.94421,0.0798675,2.39212,1.00661
0.396253,0.363385,-0.0551646,-1.94298,0.080707,2.39606,1.01073
0.399886,0.368575,-0.0526383,-1.94168,0.0814904,2.39977,1.01465
0.403328,0.373539,-0.0502653,-1.94034,0.0822156,2.40323,1.01835
0.406564,0.378248,-0.0480536,-1.93899,0.0828817,2.40644,1.02183
0.409582,0.382675,-0.0460077,-1.93764,0.083489,2.40939,1.02506
0.412376,0.386804,-0.044129,-1.93631,0.0840389,2.41209,1.02804
0.414942,0.390623,-0.0424162,-1.93503,0.0845335,2.41454,1.03077
0.417282,0.394126,-0.0408655,-1.93382,0.0849755,2.41674,1.03325
0.4194,0.397314,-0.0394712,-1.93267,0.085368,2.41872,1.0355
0.421303,0.400193,-0.038226,-1.9316,0.0857146,2.42048,1.03751
0.423,0.402773,-0.0371214,-1.93062,0.0860189,2.42203,1.0393
0.424504,0.405066,-0.036148,-1.92973,0.0862843,2.42339,1.04088
0.425826,0.40709,-0.0352959,-1.92893,0.0865147,2.42458,1.04228
0.42698,0.408863,-0.0345548,-1.92822,0.0867135,2.42562,1.04349
0.42798,0.410404,-0.0339146,-1.9276,0.086884,2.42651,1.04454
0.428842,0.411734,-0.0333651,-1.92705,0.0870294,2.42727,1.04544
0.429579,0.412873,-0.0328965,-1.92657,0.0871528,2.42792,1.04621
0.430204,0.413842,-0.0324996,-1.92617,0.0872568,2.42847,1.04687
0.430731,0.41466,-0.0321656,-1.92582,0.0873439,2.42893,1.04742
0.431173,0.415346,-0.0318863,-1.92553,0.0874165,2.42932,1.04788
0.43154,0.415917,-0.0316544,-1.92529,0.0874767,2.42964,1.04827
0.431844,0.416389,-0.0314632,-1.92508,0.0875261,2.4299,1.04858
0.432092,0.416776,-0.0313064,-1.92492,0.0875666,2.43012,1.04884
0.432295,0.417092,-0.0311789,-1.92478,0.0875994,2.43029,1.04905
0.432459,0.417347,-0.0310757,-1.92467,0.087626,2.43043,1.04923
0.43259,0.417553,-0.0309929,-1.92458,0.0876473,2.43055,1.04936
0.432695,0.417717,-0.0309269,-1.92451,0.0876642,2.43064,1.04947
0.432779,0.417846,-0.0308746,-1.92445,0.0876776,2.43071,1.04956
0.432844,0.417949,-0.0308335,-1.92441,0.0876882,2.43077,1.04963
0.432895,0.418029,-0.0308013,-1.92437,0.0876964,2.43081,1.04968
0.432935,0.418091,-0.0307764,-1.92435,0.0877028,2.43085,1.04972
0.432966,0.418138,-0.0307572,-1.92433,0.0877077,2.43087,1.04976
0.432989,0.418175,-0.0307425,-1.92431,0.0877115,2.43089,1.04978
0.43425,0.422195,-0.0306127,-1.92256,0.0870743,2.43447,1.05136
0.435168,0.423954,-0.0309347,-1.92174,0.086564,2.43608,1.05347
0.436532,0.426573,-0.0314193,-1.9205,0.0858062,2.43846,1.05661
0.438328,0.430028,-0.032068,-1.91884,0.0848106,2.44157,1.06073
0.440535,0.434283,-0.0328825,-1.91676,0.0835909,2.44535,1.06578
0.443127,0.439293,-0.0338638,-1.91427,0.0821641,2.44973,1.07168
0.446073,0.445003,-0.0350114,-1.91136,0.0805505,2.45462,1.07836
0.449338,0.451351,-0.036323,-1.90804,0.0787735,2.45993,1.08572
0.452884,0.458264,-0.0377938,-1.90434,0.076859,2.46559,1.09367
0.456667,0.465666,-0.0394159,-1.90027,0.0748347,2.47148,1.1021
0.460642,0.473472,-0.0411783,-1.89586,0.0727298,2.47753,1.11091
0.464764,0.481595,-0.0430665,-1.89114,0.0705739,2.48363,1.11998
0.468983,0.489945,-0.0450628,-1.88616,0.0683962,2.48972,1.12921
0.473254,0.498431,-0.0471466,-1.88097,0.0662245,2.4957,1.13849
0.477529,0.506965,-0.0492953,-1.87562,0.0640849,2.50153,1.14772
0.481765,0.515461,-0.0514845,-1.87016,0.0620006,2.50714,1.15682
0.485921,0.523838,-0.0536895,-1.86465,0.0599918,2.51249,1.16571
0.48996,0.53202,-0.0558853,-1.85915,0.0580752,2.51755,1.17429
0.493849,0.539942,-0.0580485,-1.85372,0.0562638,2.52228,1.18253
0.497562,0.547545,-0.0601568,-1.84841,0.0545671,2.52668,1.19036
0.501076,0.55478,-0.0621908,-1.84327,0.0529913,2.53074,1.19775
0.504373,0.561608,-0.0641335,-1.83834,0.0515393,2.53445,1.20466
0.507444,0.567999,-0.0659712,-1.83366,0.0502116,2.53783,1.21109
0.51028,0.573933,-0.0676934,-1.82925,0.0490062,2.54088,1.21701
0.51288,0.579401,-0.0692926,-1.82514,0.0479193,2.54361,1.22243
0.515245,0.5844,-0.0707645,-1.82135,0.0469457,2.54606,1.22735
0.517382,0.588935,-0.0721076,-1.81787,0.046079,2.54822,1.23179
0.519297,0.593018,-0.073323,-1.81471,0.0453123,2.55013,1.23577
0.521002,0.596666,-0.0744137,-1.81186,0.0446381,2.55181,1.23931
0.522509,0.599903,-0.0753848,-1.80932,0.0440487,2.55327,1.24244
0.523832,0.602754,-0.0762425,-1.80707,0.0435364,2.55454,1.24519
0.524985,0.605246,-0.0769943,-1.80509,0.0430939,2.55563,1.24758
0.525984,0.607408,-0.0776482,-1.80337,0.0427137,2.55657,1.24965
0.526842,0.609272,-0.0782128,-1.80187,0.0423891,2.55737,1.25143
0.527575,0.610867,-0.0786966,-1.80059,0.0421135,2.55804,1.25295
0.528197,0.612222,-0.0791081,-1.7995,0.0418809,2.55862,1.25424
0.528721,0.613365,-0.0794557,-1.79858,0.0416858,2.55909,1.25533
0.52916,0.614323,-0.0797472,-1.7978,0.0415232,2.55949,1.25624
0.529524,0.61512,-0.0799899,-1.79716,0.0413885,2.55982,1.25699
0.529825,0.615778,-0.0801904,-1.79662,0.0412775,2.5601,1.25762
0.530071,0.616318,-0.0803551,-1.79618,0.0411868,2.56032,1.25813
0.530272,0.616758,-0.0804893,-1.79583,0.041113,2.5605,1.25855
0.530434,0.617114,-0.0805979,-1.79554,0.0410535,2.56064,1.25888
0.530565,0.6174,-0.0806852,-1.7953,0.0410057,2.56076,1.25915
0.530669,0.617628,-0.0807548,-1.79512,0.0409676,2.56085,1.25937
0.530751,0.617809,-0.08081,-1.79497,0.0409375,2.56093,1.25954
0.530816,0.617951,-0.0808535,-1.79486,0.0409138,2.56099,1.25967
0.530867,0.618062,-0.0808874,-1.79476,0.0408953,2.56103,1.25978
0.530906,0.618149,-0.0809138,-1.79469,0.0408809,2.56107,1.25986
0.532199,0.622985,-0.0811851,-1.79141,0.0402581,2.56337,1.26149
0.532155,0.6236,-0.0812444,-1.79093,0.0401836,2.56274,1.26147
0.532091,0.624513,-0.0813325,-1.79023,0.0400731,2.56179,1.26144
0.532006,0.625711,-0.0814483,-1.78931,0.0399278,2.56055,1.26141
0.531903,0.627177,-0.08159,-1.78818,0.0397499,2.55903,1.26136
0.531781,0.628891,-0.0817559,-1.78687,0.0395416,2.55725,1.2613
0.531644,0.630829,-0.0819435,-1.78538,0.039306,2.55524,1.26124
0.531492,0.632965,-0.0821504,-1.78375,0.0390461,2.55302,1.26117
0.531327,0.635269,-0.0823738,-1.78199,0.0387654,2.55063,1.26109
0.531152,0.637712,-0.0826108,-1.78012,0.0384675,2.54809,1.26101
0.53097,0.640263,-0.0828584,-1.77818,0.0381561,2.54545,1.26092
0.530781,0.64289,-0.0831135,-1.77618,0.0378351,2.54272,1.26083
0.530588,0.645563,-0.0833733,-1.77414,0.0375081,2.53994,1.26074
0.530394,0.648253,-0.0836348,-1.7721,0.0371788,2.53715,1.26065
0.5302,0.650931,-0.0838953,-1.77007,0.0368506,2.53437,1.26055
0.530008,0.653571,-0.0841523,-1.76806,0.0365268,2.53162,1.26046
0.52982,0.656151,-0.0844034,-1.76611,0.0362101,2.52894,1.26037
0.529638,0.658649,-0.0846466,-1.76421,0.0359033,2.52635,1.26028
0.529463,0.661047,-0.0848801,-1.7624,0.0356085,2.52385,1.26019
0.529296,0.66333,-0.0851026,-1.76067,0.0353276,2.52148,1.26011
0.529138,0.665487,-0.0853127,-1.75904,0.0350621,2.51924,1.26003
0.528989,0.667509,-0.0855097,-1.75751,0.0348131,2.51713,1.25996
0.528851,0.66939,-0.085693,-1.75609,0.0345814,2.51518,1.25989
0.528723,0.671127,-0.0858622,-1.75477,0.0343674,2.51337,1.25982
0.528605,0.672719,-0.0860172,-1.75357,0.0341712,2.51172,1.25976
0.528498,0.674167,-0.0861583,-1.75247,0.0339926,2.51021,1.25971
0.528402,0.675475,-0.0862858,-1.75149,0.0338312,2.50885,1.25966
0.528315,0.676649,-0.0864001,-1.7506,0.0336865,2.50763,1.25962
0.528237,0.677694,-0.0865019,-1.74981,0.0335575,2.50654,1.25958
0.528169,0.678619,-0.0865919,-1.74911,0.0334435,2.50558,1.25954
0.528109,0.679431,-0.086671,-1.74849,0.0333433,2.50474,1.25951
0.528056,0.68014,-0.0867399,-1.74796,0.0332558,2.504,1.25949
0.528011,0.680753,-0.0867996,-1.74749,0.0331801,2.50336,1.25946
0.527971,0.681281,-0.086851,-1.7471,0.033115,2.50281,1.25944
0.527938,0.681732,-0.0868949,-1.74675,0.0330593,2.50235,1.25943
0.52791,0.682115,-0.0869322,-1.74646,0.0330121,2.50195,1.25941
0.527886,0.682438,-0.0869635,-1.74622,0.0329723,2.50161,1.2594
0.527866,0.682708,-0.0869898,-1.74602,0.032939,2.50133,1.25939
0.527849,0.682933,-0.0870117,-1.74585,0.0329113,2.5011,1.25938
0.527835,0.683118,-0.0870297,-1.74571,0.0328884,2.50091,1.25937
0.527824,0.68327,-0.0870445,-1.74559,0.0328696,2.50075,1.25937
0.527815,0.683394,-0.0870565,-1.7455,0.0328544,2.50062,1.25936
0.527807,0.683494,-0.0870662,-1.74542,0.032842,2.50051,1.25936
0.527801,0.683574,-0.0870741,-1.74536,0.0328321,2.50043,1.25936
0.527796,0.683639,-0.0870803,-1.74531,0.0328242,2.50036,1.25935
0.527793,0.683689,-0.0870852,-1.74527,0.0328179,2.50031,1.25935
0.528947,0.686892,-0.0873015,-1.74169,0.0323447,2.50087,1.26086
0.529041,0.682887,-0.0873441,-1.74307,0.0323692,2.49861,1.26082
0.52918,0.676955,-0.0874083,-1.74508,0.0324049,2.49523,1.26077
0.529359,0.669198,-0.0874941,-1.74765,0.0324503,2.49076,1.2607
0.529574,0.65975,-0.0876015,-1.75068,0.0325035,2.48521,1.26062
0.529819,0.648776,-0.0877302,-1.75405,0.0325626,2.47863,1.26054
0.530051,0.638225,-0.0878581,-1.75712,0.0326163,2.47214,1.26046
0.53027,0.62808,-0.0879847,-1.7599,0.0326653,2.46574,1.2604
0.53051,0.616695,-0.0881304,-1.76285,0.0327176,2.4584,1.26034
0.530735,0.605819,-0.0882733,-1.76547,0.0327649,2.45119,1.26029
0.530944,0.595427,-0.0884128,-1.76778,0.0328079,2.44413,1.26025
0.53114,0.585496,-0.0885486,-1.76982,0.0328473,2.43722,1.26022
0.531347,0.574647,-0.0886995,-1.77187,0.0328889,2.42949,1.26019
0.531538,0.564344,-0.088845,-1.77361,0.0329272,2.42197,1.26018
0.531714,0.554558,-0.088985,-1.77508,0.0329629,2.41465,1.26017
0.531895,0.544098,-0.0891362,-1.77646,0.0330008,2.40664,1.26017
0.53206,0.534224,-0.0892802,-1.77756,0.0330367,2.3989,1.26017
0.532209,0.524901,-0.0894171,-1.77841,0.0330712,2.39141,1.26019
0.532359,0.515116,-0.0895617,-1.77911,0.0331084,2.38337,1.26021
0.532493,0.505932,-0.0896978,-1.77958,0.0331449,2.37564,1.26023
0.532625,0.496447,-0.0898388,-1.77987,0.0331846,2.36748,1.26026
0.532741,0.487595,-0.0899705,-1.77994,0.033224,2.35968,1.2603
0.532852,0.478581,-0.0901047,-1.77982,0.0332671,2.35155,1.26034
0.532955,0.469519,-0.0902395,-1.7795,0.033314,2.34319,1.26038
0.533044,0.46116,-0.0903635,-1.779,0.0333612,2.3353,1.26043
0.533125,0.452853,-0.0904864,-1.77832,0.0334122,2.32727,1.26049
0.533198,0.444685,-0.0906067,-1.77745,0.0334671,2.3192,1.26054
0.533261,0.436737,-0.0907234,-1.77642,0.0335257,2.31116,1.2606
0.533315,0.429076,-0.0908353,-1.77523,0.0335876,2.30324,1.26067
0.533359,0.421757,-0.0909416,-1.7739,0.0336523,2.2955,1.26073
0.533395,0.414826,-0.0910417,-1.77248,0.0337192,2.288,1.26079
0.533423,0.408314,-0.0911352,-1.77097,0.0337877,2.28081,1.26085
0.533443,0.402244,-0.0912219,-1.76942,0.0338569,2.27396,1.26092
0.533457,0.396627,-0.0913016,-1.76784,0.033926,2.2675,1.26098
0.533465,0.391467,-0.0913745,-1.76628,0.0339941,2.26145,1.26103
0.533469,0.38676,-0.0914406,-1.76474,0.0340605,2.25583,1.26109
0.533469,0.382494,-0.0915003,-1.76326,0.0341243,2.25066,1.26114
0.533466,0.378653,-0.0915538,-1.76184,0.0341851,2.24592,1.26118
0.533462,0.375218,-0.0916015,-1.76051,0.0342422,2.24163,1.26123
0.533456,0.372165,-0.0916437,-1.75928,0.0342953,2.23776,1.26126
0.533449,0.369468,-0.0916809,-1.75814,0.0343441,2.23431,1.2613
0.533442,0.367101,-0.0917134,-1.75711,0.0343885,2.23124,1.26133
0.533435,0.365037,-0.0917418,-1.75619,0.0344285,2.22854,1.26136
0.533428,0.363246,-0.0917663,-1.75536,0.0344641,2.22618,1.26138
0.533421,0.361704,-0.0917874,-1.75464,0.0344955,2.22414,1.26141
0.533415,0.360384,-0.0918054,-1.754,0.034523,2.22237,1.26142
0.53341,0.35926,-0.0918207,-1.75345,0.0345468,2.22086,1.26144
0.533405,0.35831,-0.0918336,-1.75298,0.0345673,2.21958,1.26145
0.533401,0.357512,-0.0918445,-1.75258,0.0345847,2.21849,1.26146
0.533397,0.356845,-0.0918536,-1.75224,0.0345993,2.21759,1.26147
0.533394,0.356292,-0.0918611,-1.75196,0.0346116,2.21683,1.26148
0.533391,0.355837,-0.0918673,-1.75173,0.0346219,2.21621,1.26149
0.533389,0.355464,-0.0918723,-1.75153,0.0346303,2.2157,1.26149
0.533387,0.35516,-0.0918764,-1.75138,0.0346371,2.21528,1.2615
0.533386,0.354915,-0.0918798,-1.75125,0.0346427,2.21494,1.2615
0.533385,0.354718,-0.0918824,-1.75114,0.0346472,2.21467,1.26151
0.533384,0.354561,-0.0918845,-1.75106,0.0346508,2.21446,1.26151
0.533383,0.354437,-0.0918862,-1.751,0.0346537,2.21429,1.26151
0.533383,0.35434,-0.0918875,-1.75094,0.0346559,2.21415,1.26151
0.533382,0.354263,-0.0918886,-1.7509,0.0346577,2.21405,1.26151
0.533382,0.354204,-0.0918894,-1.75087,0.034659,2.21396,1.26151
0.533381,0.354159,-0.09189,-1.75085,0.0346601,2.2139,1.26151
0.533381,0.354124,-0.0918905,-1.75083,0.0346609,2.21385,1.26151
0.532373,0.351793,-0.092125,-1.75235,0.0353284,2.21205,1.25994
0.530367,0.347175,-0.0926021,-1.75534,0.036651,2.20844,1.25682
0.527396,0.340367,-0.0933412,-1.75967,0.0385975,2.20302,1.25218
0.523506,0.331523,-0.094371,-1.76517,0.0411173,2.19579,1.2461
0.518763,0.320842,-0.0957268,-1.77161,0.0441424,2.18675,1.23865
0.514167,0.310605,-0.0971596,-1.77754,0.0470127,2.17773,1.2314
0.509713,0.300791,-0.0986603,-1.78299,0.0497324,2.16874,1.22436
0.505394,0.291385,-0.10022,-1.78801,0.0523061,2.15979,1.2175
0.501206,0.28237,-0.101832,-1.7926,0.0547387,2.1509,1.21084
0.497143,0.273728,-0.103487,-1.79681,0.0570354,2.14208,1.20437
0.492411,0.263796,-0.105519,-1.80141,0.059636,2.13158,1.19681
0.487845,0.254358,-0.107594,-1.80552,0.0620566,2.12119,1.18951
0.483439,0.245391,-0.109702,-1.80917,0.064307,2.11094,1.18246
0.479184,0.236872,-0.111834,-1.81241,0.0663968,2.10084,1.17564
0.475074,0.228778,-0.113981,-1.81525,0.0683354,2.09089,1.16905
0.471102,0.221089,-0.116137,-1.81774,0.0701323,2.08109,1.16269
0.466621,0.212572,-0.118655,-1.82025,0.0720743,2.06986,1.15551
0.462313,0.204552,-0.121167,-1.82234,0.0738475,2.05886,1.1486
0.458168,0.197,-0.123665,-1.82406,0.0754648,2.0481,1.14197
0.454179,0.189888,-0.126142,-1.82544,0.0769387,2.03759,1.13559
0.449789,0.182241,-0.128942,-1.82665,0.0784733,2.02586,1.12858
0.445584,0.175103,-0.131699,-1.82749,0.0798502,2.01446,1.12187
0.441555,0.16844,-0.134408,-1.82802,0.0810844,2.00338,1.11545
0.437693,0.162222,-0.137063,-1.82825,0.0821897,1.99264,1.10931
0.433526,0.155697,-0.139986,-1.82822,0.083303,1.98093,1.1027
0.429552,0.149659,-0.142831,-1.8279,0.084284,1.96962,1.0964
0.425337,0.143456,-0.145903,-1.82727,0.0852439,1.95751,1.08973
0.421335,0.137766,-0.148873,-1.82638,0.0860752,1.9459,1.08341
0.417153,0.132027,-0.152026,-1.82515,0.0868665,1.93365,1.07682
0.413202,0.126809,-0.155051,-1.8237,0.0875392,1.92197,1.0706
0.409128,0.121633,-0.158213,-1.82193,0.0881623,1.90984,1.0642
0.405297,0.116965,-0.161226,-1.81999,0.088681,1.89833,1.05819
0.401394,0.112405,-0.164331,-1.81775,0.0891478,1.88654,1.05208
0.39746,0.108014,-0.167494,-1.81523,0.0895566,1.87457,1.04593
0.393536,0.103841,-0.170681,-1.81244,0.0899047,1.86256,1.0398
0.38966,0.0999262,-0.173859,-1.80943,0.0901917,1.85063,1.03376
0.385867,0.0962956,-0.176996,-1.80622,0.0904199,1.83889,1.02785
0.382186,0.0929661,-0.180063,-1.80287,0.0905932,1.82744,1.02212
0.378645,0.0899445,-0.183034,-1.79942,0.090717,1.81639,1.01661
0.375266,0.0872292,-0.185887,-1.79593,0.0907973,1.8058,1.01136
0.372067,0.0848115,-0.188602,-1.79244,0.0908408,1.79574,1.00639
0.369063,0.0826771,-0.191164,-1.78901,0.0908539,1.78626,1.00173
0.366262,0.0808077,-0.193561,-1.78566,0.0908429,1.7774,0.997384
0.363672,0.0791822,-0.195787,-1.78244,0.0908135,1.7692,0.993365
0.361293,0.0777783,-0.197837,-1.77939,0.0907709,1.76164,0.989674
0.359125,0.0765729,-0.19971,-1.77652,0.0907196,1.75475,0.986311
0.357163,0.0755438,-0.201408,-1.77385,0.0906631,1.7485,0.983268
0.3554,0.0746693,-0.202937,-1.7714,0.0906046,1.74288,0.980534
0.353828,0.0739296,-0.204302,-1.76916,0.0905463,1.73787,0.978095
0.352436,0.0733064,-0.205512,-1.76715,0.0904901,1.73342,0.975935
0.351211,0.0727832,-0.206578,-1.76535,0.0904371,1.72951,0.974036
0.350143,0.0723454,-0.207509,-1.76376,0.0903882,1.72609,0.972378
0.349216,0.0719804,-0.208316,-1.76236,0.0903438,1.72313,0.97094
0.348418,0.0716769,-0.209012,-1.76115,0.0903042,1.72058,0.969702
0.347735,0.0714254,-0.209608,-1.7601,0.0902693,1.71839,0.968643
0.347156,0.0712176,-0.210113,-1.75921,0.0902388,1.71654,0.967744
0.346668,0.0710466,-0.21054,-1.75845,0.0902127,1.71498,0.966986
0.346258,0.0709063,-0.210897,-1.75781,0.0901904,1.71367,0.966352
0.345918,0.0707917,-0.211194,-1.75728,0.0901716,1.71258,0.965824
0.345637,0.0706984,-0.211439,-1.75683,0.0901559,1.71168,0.965388
0.345407,0.0706229,-0.211641,-1.75647,0.0901429,1.71094,0.96503
0.345219,0.070562,-0.211805,-1.75617,0.0901322,1.71034,0.964739
0.345067,0.0705132,-0.211937,-1.75593,0.0901235,1.70985,0.964503
0.344945,0.0704743,-0.212044,-1.75574,0.0901165,1.70946,0.964314
0.344848,0.0704434,-0.212129,-1.75558,0.0901109,1.70915,0.964163
0.344771,0.070419,-0.212197,-1.75546,0.0901064,1.7089,0.964043
0.34471,0.0703999,-0.21225,-1.75536,0.0901029,1.70871,0.963949
0.344663,0.070385,-0.212291,-1.75529,0.0901002,1.70856,0.963875
0.344626,0.0703735,-0.212323,-1.75523,0.090098,1.70844,0.963818
0.344598,0.0703646,-0.212348,-1.75518,0.0900964,1.70835,0.963774
0.344576,0.0703579,-0.212367,-1.75515,0.0900951,1.70828,0.963741
0.532989,0.354694,-0.0921147,-1.75282,0.0343157,2.21676,1.26043
0.530077,0.35188,-0.0931015,-1.75848,0.0349282,2.21826,1.2551
0.525747,0.347773,-0.0945886,-1.76677,0.0358272,2.22044,1.24716
0.520048,0.342519,-0.0965835,-1.77741,0.0369863,2.2232,1.2367
0.514452,0.337544,-0.0985916,-1.78756,0.0380926,2.22579,1.22639
0.508957,0.332835,-0.10061,-1.79723,0.0391471,2.22821,1.21625
0.503561,0.328378,-0.102636,-1.80645,0.0401511,2.23048,1.20627
0.498262,0.324162,-0.104667,-1.81523,0.0411059,2.23261,1.19646
0.49306,0.320174,-0.1067,-1.82361,0.0420129,2.2346,1.1868
0.487952,0.316404,-0.108734,-1.8316,0.0428737,2.23646,1.17731
0.481683,0.311953,-0.111274,-1.84111,0.043894,2.23864,1.16564
0.475556,0.30781,-0.113807,-1.85007,0.0448468,2.24065,1.15422
0.46957,0.303956,-0.116331,-1.85851,0.0457351,2.24249,1.14305
0.463721,0.300375,-0.11884,-1.86646,0.0465618,2.24418,1.13212
0.458007,0.29705,-0.121332,-1.87395,0.0473302,2.24574,1.12143
0.452424,0.293966,-0.123805,-1.881,0.0480433,2.24717,1.11098
0.446969,0.29111,-0.126255,-1.88764,0.048704,2.24848,1.10077
0.44164,0.288468,-0.128681,-1.8939,0.0493154,2.24968,1.09079
0.436434,0.286027,-0.13108,-1.89979,0.0498801,2.25078,1.08104
0.430331,0.283327,-0.133924,-1.90643,0.0505058,2.25198,1.0696
0.424396,0.280884,-0.136724,-1.91261,0.0510723,2.25306,1.05849
0.418627,0.278679,-0.139478,-1.91835,0.0515841,2.25402,1.04768
0.413019,0.276695,-0.142182,-1.92368,0.0520456,2.25487,1.03718
0.407567,0.274917,-0.144836,-1.92863,0.0524606,2.25563,1.02698
0.402267,0.273329,-0.147438,-1.93323,0.0528329,2.25631,1.01707
0.396255,0.271684,-0.150412,-1.93819,0.0532219,2.25699,1.00584
0.39044,0.270262,-0.153312,-1.94274,0.0535622,2.25758,0.994987
0.384816,0.269044,-0.156137,-1.94689,0.0538587,2.25808,0.9845
0.379375,0.268011,-0.158887,-1.95069,0.0541159,2.25849,0.974368
0.374113,0.267147,-0.161561,-1.95415,0.0543378,2.25884,0.964582
0.368296,0.266338,-0.16453,-1.95776,0.0545557,2.25916,0.953778
0.362698,0.265712,-0.167401,-1.961,0.054737,2.2594,0.943398
0.357311,0.26525,-0.170174,-1.9639,0.0548863,2.25957,0.933425
0.351479,0.264896,-0.173186,-1.96681,0.0550231,2.2597,0.922647
0.345895,0.264707,-0.176078,-1.96938,0.0551294,2.25976,0.912348
0.340549,0.264662,-0.178852,-1.97163,0.0552096,2.25976,0.902508
0.334862,0.264754,-0.181807,-1.97381,0.0552746,2.25971,0.892061
0.329446,0.26498,-0.184624,-1.97568,0.0553167,2.25961,0.882134
0.323771,0.265355,-0.187576,-1.97743,0.0553426,2.25945,0.871757
0.317905,0.265891,-0.190628,-1.97901,0.055351,2.25923,0.861057
0.312376,0.26654,-0.193501,-1.98028,0.0553422,2.25897,0.850998
0.306731,0.26734,-0.196432,-1.98137,0.0553187,2.25865,0.840755
0.301031,0.268289,-0.199385,-1.98226,0.0552813,2.25827,0.830441
0.295335,0.269378,-0.202329,-1.98294,0.0552314,2.25784,0.820166
0.2897,0.270594,-0.205232,-1.98339,0.0551712,2.25737,0.81003
0.284176,0.271918,-0.208068,-1.98364,0.0551028,2.25686,0.800125
0.278809,0.273331,-0.210812,-1.98369,0.0550287,2.25632,0.790532
0.27364,0.274809,-0.213443,-1.98356,0.0549513,2.25576,0.781323
0.268703,0.276326,-0.215944,-1.98327,0.0548728,2.25518,0.772554
0.264026,0.27786,-0.218302,-1.98286,0.0547951,2.25461,0.764271
0.259629,0.279386,-0.220506,-1.98234,0.0547197,2.25404,0.75651
0.255529,0.280883,-0.222552,-1.98175,0.0546481,2.25348,0.749293
0.251734,0.282331,-0.224435,-1.9811,0.0545809,2.25294,0.742633
0.248249,0.283715,-0.226155,-1.98042,0.0545189,2.25243,0.736531
0.245071,0.28502,-0.227717,-1.97974,0.0544624,2.25195,0.730982
0.242196,0.286239,-0.229123,-1.97906,0.0544115,2.2515,0.725972
0.239612,0.287363,-0.230381,-1.97841,0.054366,2.25109,0.721479
0.237307,0.288389,-0.231498,-1.9778,0.0543257,2.25071,0.71748
0.235267,0.289316,-0.232484,-1.97722,0.0542904,2.25037,0.713945
0.233472,0.290146,-0.233348,-1.97669,0.0542597,2.25007,0.710841
0.231905,0.290881,-0.234101,-1.97622,0.0542331,2.2498,0.708134
0.230547,0.291527,-0.234751,-1.97579,0.0542103,2.24957,0.705791
0.229377,0.292089,-0.235309,-1.97541,0.0541909,2.24936,0.703775
0.228377,0.292575,-0.235786,-1.97509,0.0541744,2.24919,0.702053
0.227528,0.29299,-0.23619,-1.9748,0.0541605,2.24903,0.700593
0.226812,0.293343,-0.23653,-1.97456,0.0541489,2.24891,0.699362
0.226213,0.29364,-0.236814,-1.97435,0.0541392,2.2488,0.698332
0.225714,0.293888,-0.23705,-1.97418,0.0541312,2.24871,0.697476
0.225302,0.294094,-0.237245,-1.97403,0.0541246,2.24863,0.696769
0.224965,0.294263,-0.237405,-1.97391,0.0541192,2.24857,0.69619
0.22469,0.294401,-0.237535,-1.97382,0.0541149,2.24852,0.695718
0.224467,0.294513,-0.23764,-1.97374,0.0541114,2.24848,0.695336
0.224289,0.294603,-0.237725,-1.97367,0.0541085,2.24845,0.69503
0.224146,0.294676,-0.237792,-1.97362,0.0541063,2.24842,0.694785
0.224033,0.294733,-0.237845,-1.97358,0.0541045,2.2484,0.694592
0.223944,0.294778,-0.237887,-1.97355,0.0541031,2.24839,0.694439
0.223875,0.294813,-0.23792,-1.97352,0.054102,2.24837,0.69432
0.223821,0.29484,-0.237945,-1.9735,0.0541012,2.24836,0.694228
0.223779,0.294861,-0.237965,-1.97349,0.0541005,2.24836,0.694157
0.223747,0.294877,-0.23798,-1.97348,0.0541,2.24835,0.694102
0.223091,0.29748,-0.238058,-1.97359,0.0544021,2.25166,0.692944
0.223104,0.298866,-0.237993,-1.97385,0.0546848,2.2534,0.693428
0.223123,0.300932,-0.237896,-1.97422,0.0551064,2.25599,0.694146
0.223146,0.303655,-0.237766,-1.97469,0.0556637,2.25938,0.695086
0.223172,0.307008,-0.237605,-1.97523,0.0563522,2.26353,0.696234
0.223198,0.310957,-0.237413,-1.97584,0.057166,2.26836,0.697572
0.223221,0.315458,-0.237191,-1.97646,0.0580975,2.27382,0.69908
0.22324,0.320463,-0.23694,-1.9771,0.0591381,2.27981,0.700735
0.223253,0.325916,-0.236661,-1.9777,0.0602774,2.28625,0.702514
0.223257,0.331757,-0.236356,-1.97826,0.0615036,2.29304,0.704391
0.223251,0.33792,-0.236027,-1.97874,0.0628039,2.30011,0.706342
0.223233,0.344338,-0.235676,-1.97914,0.0641642,2.30735,0.708342
0.223203,0.350939,-0.235308,-1.97943,0.0655698,2.31468,0.710368
0.22316,0.357653,-0.234923,-1.97961,0.0670054,2.32201,0.712397
0.223104,0.36441,-0.234528,-1.97968,0.0684555,2.32926,0.714408
0.223037,0.37114,-0.234125,-1.97964,0.0699049,2.33637,0.716382
0.222958,0.377781,-0.233719,-1.9795,0.071339,2.34327,0.718304
0.222871,0.384272,-0.233313,-1.97925,0.0727442,2.34992,0.720157
0.222775,0.390559,-0.232913,-1.97892,0.0741081,2.35625,0.72193
0.222675,0.396597,-0.232521,-1.97852,0.0754197,2.36225,0.723613
0.22257,0.402345,-0.232141,-1.97807,0.0766697,2.36788,0.725199
0.222464,0.407772,-0.231777,-1.97757,0.0778508,2.37312,0.726682
0.222358,0.412853,-0.231432,-1.97705,0.0789572,2.37798,0.728058
0.222254,0.417573,-0.231106,-1.97652,0.079985,2.38243,0.729326
0.222154,0.421923,-0.230803,-1.97599,0.0809321,2.38649,0.730487
0.222058,0.4259,-0.230523,-1.97546,0.081798,2.39017,0.731542
0.221969,0.429509,-0.230266,-1.97496,0.0825833,2.39348,0.732493
0.221885,0.432759,-0.230033,-1.97449,0.0832902,2.39643,0.733346
0.221809,0.435663,-0.229823,-1.97404,0.0839216,2.39905,0.734105
0.221739,0.43824,-0.229636,-1.97364,0.0844816,2.40137,0.734776
0.221677,0.440509,-0.22947,-1.97327,0.0849744,2.40339,0.735365
0.221621,0.442493,-0.229325,-1.97294,0.0854051,2.40515,0.735879
0.221572,0.444215,-0.229198,-1.97264,0.0857788,2.40667,0.736324
0.22153,0.445699,-0.229088,-1.97238,0.0861006,2.40798,0.736706
0.221493,0.446969,-0.228994,-1.97216,0.0863759,2.40909,0.737033
0.221461,0.448048,-0.228913,-1.97196,0.0866098,2.41003,0.73731
0.221435,0.448959,-0.228846,-1.9718,0.086807,2.41083,0.737544
0.221412,0.449721,-0.228789,-1.97166,0.0869721,2.41149,0.737739
0.221393,0.450356,-0.228741,-1.97154,0.0871095,2.41204,0.737902
0.221377,0.45088,-0.228702,-1.97144,0.087223,2.4125,0.738036
0.221365,0.45131,-0.22867,-1.97136,0.0873161,2.41287,0.738146
0.221354,0.45166,-0.228643,-1.9713,0.0873919,2.41318,0.738236
0.221345,0.451944,-0.228622,-1.97125,0.0874533,2.41342,0.738308
0.221339,0.452172,-0.228605,-1.9712,0.0875025,2.41362,0.738367
0.221333,0.452354,-0.228591,-1.97117,0.0875419,2.41378,0.738413
0.221329,0.452498,-0.22858,-1.97114,0.087573,2.4139,0.73845
0.221325,0.452611,-0.228572,-1.97112,0.0875975,2.414,0.738479
0.221323,0.452699,-0.228565,-1.9711,0.0876167,2.41407,0.738501
0.221321,0.452768,-0.22856,-1.97109,0.0876316,2.41413,0.738519
0.220526,0.455103,-0.228466,-1.96958,0.087981,2.41616,0.737523
0.220872,0.452831,-0.228618,-1.96944,0.0877767,2.41494,0.737887
0.221384,0.449461,-0.228844,-1.96923,0.0874714,2.41312,0.738428
0.222054,0.445041,-0.229139,-1.96895,0.0870674,2.41074,0.73914
0.22287,0.43964,-0.229495,-1.96858,0.0865678,2.40781,0.740017
0.223819,0.433341,-0.229907,-1.96811,0.085977,2.40436,0.741049
0.224883,0.426241,-0.230365,-1.96753,0.0853008,2.40045,0.742224
0.226045,0.418448,-0.230859,-1.96683,0.084546,2.39612,0.74353
0.227286,0.410079,-0.23138,-1.966,0.0837211,2.39141,0.74495
0.228587,0.401255,-0.231915,-1.96502,0.0828356,2.38638,0.74647
0.229805,0.392936,-0.232406,-1.96399,0.0819865,2.38158,0.747926
0.231061,0.384302,-0.232901,-1.96282,0.0810912,2.37652,0.749458
0.232231,0.376209,-0.233351,-1.96161,0.0802395,2.37171,0.750917
0.23342,0.367925,-0.233795,-1.96028,0.079356,2.36673,0.75243
0.234612,0.359553,-0.234229,-1.95882,0.0784518,2.36162,0.753979
0.235795,0.351191,-0.234645,-1.95725,0.0775378,2.35644,0.755548
0.236954,0.34293,-0.235038,-1.95558,0.0766251,2.35126,0.757119
0.238079,0.334849,-0.235404,-1.95382,0.0757238,2.34611,0.758676
0.23916,0.32702,-0.235742,-1.95201,0.0748432,2.34105,0.760204
0.240191,0.319504,-0.236048,-1.95015,0.0739917,2.33612,0.76169
0.241164,0.312349,-0.236324,-1.94827,0.0731764,2.33135,0.763121
0.242077,0.305595,-0.236569,-1.94639,0.0724031,2.32679,0.764487
0.242926,0.299268,-0.236784,-1.94454,0.071676,2.32246,0.765781
0.24371,0.293386,-0.236972,-1.94273,0.0709984,2.31838,0.766996
0.24443,0.287959,-0.237135,-1.94098,0.070372,2.31457,0.768128
0.245085,0.282987,-0.237274,-1.93932,0.0697976,2.31103,0.769174
0.245679,0.278463,-0.237393,-1.93774,0.0692747,2.30778,0.770133
0.246212,0.274376,-0.237493,-1.93627,0.0688024,2.30481,0.771006
0.246689,0.270708,-0.237577,-1.93491,0.0683787,2.30212,0.771795
0.247113,0.267437,-0.237648,-1.93366,0.0680012,2.2997,0.772503
0.247487,0.264541,-0.237707,-1.93252,0.0676672,2.29754,0.773134
0.247816,0.261992,-0.237756,-1.9315,0.0673736,2.29562,0.773691
0.248102,0.259763,-0.237796,-1.93059,0.0671173,2.29394,0.77418
0.24835,0.257827,-0.23783,-1.92978,0.0668948,2.29246,0.774607
0.248564,0.256157,-0.237857,-1.92907,0.0667031,2.29119,0.774977
0.248748,0.254724,-0.23788,-1.92846,0.0665389,2.29008,0.775295
0.248903,0.253503,-0.237898,-1.92793,0.0663991,2.28914,0.775567
0.249035,0.25247,-0.237913,-1.92748,0.0662809,2.28834,0.775797
0.249146,0.251601,-0.237926,-1.9271,0.0661816,2.28767,0.775991
0.249238,0.250875,-0.237936,-1.92677,0.0660987,2.2871,0.776154
0.249315,0.250272,-0.237944,-1.9265,0.0660299,2.28663,0.776289
0.249378,0.249775,-0.23795,-1.92628,0.0659732,2.28624,0.7764
0.24943,0.249368,-0.237956,-1.9261,0.0659268,2.28593,0.776492
0.249472,0.249037,-0.23796,-1.92595,0.0658891,2.28567,0.776566
0.249506,0.248769,-0.237963,-1.92582,0.0658586,2.28546,0.776627
0.249533,0.248554,-0.237966,-1.92573,0.0658341,2.28529,0.776675
0.249555,0.248383,-0.237968,-1.92565,0.0658146,2.28515,0.776714
0.249572,0.248247,-0.23797,-1.92559,0.0657991,2.28505,0.776744
0.249586,0.248141,-0.237971,-1.92554,0.065787,2.28496,0.776768
0.249597,0.248057,-0.237972,-1.9255,0.0657775,2.2849,0.776787
0.249605,0.247993,-0.237973,-1.92547,0.0657702,2.28484,0.776801
0.249611,0.247943,-0.237974,-1.92545,0.0657645,2.28481,0.776813
0.249616,0.247905,-0.237974,-1.92543,0.0657602,2.28478,0.776821
0.250299,0.249387,-0.237271,-1.92569,0.0661292,2.28749,0.777306
0.252645,0.24921,-0.235728,-1.92662,0.0661339,2.28782,0.780209
0.256126,0.248968,-0.233434,-1.92797,0.066152,2.28829,0.784517
0.260691,0.248694,-0.230411,-1.92967,0.0661986,2.28888,0.790167
0.266271,0.248433,-0.226695,-1.93163,0.066293,2.28957,0.797077
0.271697,0.24828,-0.223056,-1.93338,0.0664322,2.29021,0.803797
0.276973,0.248228,-0.219494,-1.93494,0.0666115,2.29079,0.810332
0.282105,0.248269,-0.216007,-1.93631,0.0668266,2.29132,0.816688
0.287096,0.248395,-0.212597,-1.93751,0.0670733,2.2918,0.82287
0.292924,0.248632,-0.208595,-1.93877,0.0674004,2.29233,0.830087
0.298563,0.248974,-0.2047,-1.93982,0.0677629,2.2928,0.837067
0.304019,0.249412,-0.200911,-1.94067,0.0681555,2.29321,0.843819
0.309299,0.249936,-0.197226,-1.94133,0.0685733,2.29357,0.850351
0.31441,0.250537,-0.193644,-1.94183,0.0690118,2.29389,0.85667
0.319357,0.251207,-0.190162,-1.94218,0.0694673,2.29416,0.862784
0.324945,0.252053,-0.186216,-1.94242,0.0700124,2.29443,0.869686
0.330326,0.252974,-0.182402,-1.94249,0.0705716,2.29465,0.876328
0.335507,0.25396,-0.178717,-1.9424,0.0711405,2.29482,0.882719
0.340498,0.255002,-0.175156,-1.94217,0.0717152,2.29496,0.888871
0.345305,0.256091,-0.171718,-1.94181,0.0722924,2.29505,0.894791
0.350598,0.257375,-0.167924,-1.94128,0.0729504,2.29512,0.901306
0.355669,0.258703,-0.164281,-1.94061,0.0736049,2.29515,0.907543
0.360529,0.260064,-0.160783,-1.93984,0.0742528,2.29515,0.913514
0.365769,0.261619,-0.157006,-1.93885,0.0749702,2.29511,0.919948
0.370764,0.263196,-0.153399,-1.93776,0.0756736,2.29503,0.926075
0.375527,0.264788,-0.149957,-1.93658,0.0763604,2.29492,0.931911
0.380573,0.266558,-0.146307,-1.93519,0.0771024,2.29477,0.93809
0.385358,0.268326,-0.142843,-1.93373,0.0778202,2.2946,0.943944
0.390352,0.270255,-0.139228,-1.93206,0.0785809,2.29438,0.950046
0.395063,0.272164,-0.135815,-1.93035,0.07931,2.29413,0.955798
0.399913,0.274211,-0.132303,-1.92845,0.0800696,2.29385,0.961714
0.404845,0.276379,-0.128733,-1.92637,0.0808503,2.29352,0.967724
0.409804,0.27865,-0.125145,-1.92413,0.0816425,2.29316,0.97376
0.414738,0.281,-0.121578,-1.92174,0.082437,2.29275,0.979759
0.419599,0.283406,-0.118068,-1.91925,0.0832244,2.29232,0.985663
0.424343,0.285843,-0.114645,-1.91666,0.0839965,2.29185,0.99142
0.428934,0.288284,-0.111339,-1.91402,0.0847456,2.29137,0.996983
0.433337,0.290705,-0.108172,-1.91136,0.0854652,2.29087,1.00231
0.437527,0.293081,-0.105164,-1.9087,0.0861498,2.29036,1.00738
0.441481,0.295389,-0.10233,-1.90609,0.0867952,2.28985,1.01216
0.445184,0.29761,-0.0996816,-1.90354,0.0873983,2.28935,1.01663
0.448627,0.299727,-0.0972242,-1.90108,0.0879572,2.28887,1.02078
0.451803,0.301724,-0.0949615,-1.89874,0.0884709,2.2884,1.0246
0.454711,0.303591,-0.0928932,-1.89653,0.0889395,2.28795,1.0281
0.457356,0.305322,-0.091016,-1.89447,0.0893637,2.28753,1.03129
0.459743,0.30691,-0.0893242,-1.89257,0.0897449,2.28714,1.03415
0.461884,0.308356,-0.0878102,-1.89082,0.0900851,2.28678,1.03672
0.463789,0.309661,-0.0864646,-1.88924,0.0903866,2.28645,1.03901
0.465473,0.310828,-0.0852767,-1.88782,0.090652,2.28615,1.04103
0.466952,0.311864,-0.0842351,-1.88655,0.0908841,2.28589,1.0428
0.468241,0.312776,-0.0833281,-1.88543,0.0910858,2.28565,1.04435
0.469358,0.313571,-0.0825435,-1.88445,0.0912598,2.28545,1.04569
0.470318,0.314261,-0.0818693,-1.8836,0.091409,2.28527,1.04684
0.471138,0.314853,-0.0812939,-1.88287,0.0915361,2.28511,1.04782
0.471834,0.315358,-0.080806,-1.88225,0.0916437,2.28498,1.04865
0.47242,0.315785,-0.0803952,-1.88172,0.0917342,2.28487,1.04935
0.472911,0.316144,-0.0800516,-1.88127,0.0918098,2.28477,1.04994
0.473318,0.316444,-0.0797661,-1.8809,0.0918725,2.28469,1.05043
0.473655,0.316692,-0.0795305,-1.88059,0.0919243,2.28463,1.05083
0.473931,0.316895,-0.0793374,-1.88034,0.0919667,2.28457,1.05116
0.474156,0.317061,-0.0791801,-1.88013,0.0920011,2.28453,1.05143
0.474338,0.317196,-0.079053,-1.87996,0.092029,2.28449,1.05165
0.474484,0.317304,-0.0789509,-1.87983,0.0920514,2.28446,1.05182
0.4746,0.317391,-0.0788695,-1.87972,0.0920692,2.28444,1.05196
0.474692,0.317459,-0.078805,-1.87963,0.0920833,2.28442,1.05207
0.474765,0.317513,-0.0787542,-1.87957,0.0920944,2.28441,1.05216
0.474822,0.317555,-0.0787146,-1.87951,0.0921031,2.2844,1.05223
0.474866,0.317588,-0.0786839,-1.87947,0.0921098,2.28439,1.05228
0.4749,0.317613,-0.0786602,-1.87944,0.092115,2.28438,1.05232
0.474926,0.317632,-0.078642,-1.87942,0.092119,2.28438,1.05235
0.475994,0.320608,-0.0782795,-1.87839,0.0915782,2.28763,1.05386
0.476706,0.322171,-0.0783742,-1.87793,0.091094,2.28941,1.05589
0.477765,0.3245,-0.0785204,-1.87723,0.0903734,2.29204,1.05891
0.479157,0.327577,-0.0787231,-1.87628,0.0894238,2.29548,1.06287
0.480868,0.331372,-0.0789886,-1.87508,0.0882552,2.29967,1.06772
0.482876,0.33585,-0.079324,-1.8736,0.0868807,2.30453,1.07341
0.485157,0.340965,-0.0797364,-1.87184,0.0853159,2.30998,1.07984
0.487685,0.346664,-0.0802323,-1.8698,0.0835792,2.31592,1.08694
0.49043,0.352888,-0.080817,-1.86746,0.0816916,2.32226,1.09462
0.493359,0.359568,-0.0814939,-1.86484,0.0796761,2.32889,1.10277
0.496438,0.366633,-0.082264,-1.86195,0.0775578,2.33572,1.11129
0.499632,0.374004,-0.0831256,-1.85879,0.0753628,2.34264,1.12008
0.502905,0.381602,-0.084074,-1.85541,0.0731182,2.34957,1.12904
0.506222,0.389345,-0.0851019,-1.85181,0.0708508,2.35643,1.13806
0.509548,0.39715,-0.0861989,-1.84805,0.0685869,2.36313,1.14706
0.51285,0.40494,-0.0873526,-1.84417,0.0663511,2.36963,1.15593
0.516095,0.412637,-0.0885487,-1.84019,0.0641662,2.37585,1.16461
0.519256,0.420173,-0.0897717,-1.83619,0.0620523,2.38176,1.17301
0.522308,0.427483,-0.0910057,-1.83218,0.0600267,2.38733,1.18108
0.525228,0.434511,-0.0922349,-1.82824,0.0581034,2.39254,1.18877
0.527998,0.44121,-0.0934443,-1.82438,0.0562933,2.39736,1.19603
0.530605,0.447542,-0.0946201,-1.82066,0.0546041,2.40181,1.20283
0.533038,0.453477,-0.0957501,-1.8171,0.0530405,2.40587,1.20916
0.535291,0.458994,-0.0968242,-1.81373,0.0516044,2.40956,1.21499
0.537361,0.464084,-0.0978343,-1.81057,0.0502953,2.41288,1.22034
0.539249,0.46874,-0.0987746,-1.80763,0.0491107,2.41587,1.22521
0.540957,0.472969,-0.0996412,-1.80494,0.0480463,2.41853,1.2296
0.542491,0.476779,-0.100432,-1.80248,0.0470966,2.42088,1.23354
0.543859,0.480186,-0.101148,-1.80026,0.0462549,2.42295,1.23705
0.545071,0.48321,-0.101789,-1.79827,0.045514,2.42477,1.24014
0.546136,0.485874,-0.102359,-1.7965,0.044866,2.42634,1.24287
0.547065,0.488205,-0.10286,-1.79495,0.0443029,2.42771,1.24524
0.547871,0.490228,-0.103299,-1.79359,0.0438169,2.42888,1.24729
0.548564,0.491972,-0.103679,-1.79242,0.0434001,2.42989,1.24906
0.549156,0.493465,-0.104006,-1.79141,0.0430449,2.43074,1.25057
0.549659,0.494733,-0.104284,-1.79054,0.0427442,2.43146,1.25185
0.550083,0.495804,-0.10452,-1.78981,0.0424914,2.43206,1.25293
0.550438,0.4967,-0.104718,-1.7892,0.0422801,2.43257,1.25383
0.550734,0.497447,-0.104883,-1.78869,0.0421046,2.43298,1.25458
0.550977,0.498063,-0.10502,-1.78827,0.04196,2.43333,1.2552
0.551177,0.498569,-0.105133,-1.78792,0.0418415,2.43361,1.25571
0.55134,0.498981,-0.105224,-1.78764,0.0417451,2.43384,1.25612
0.551472,0.499315,-0.105298,-1.78741,0.0416672,2.43402,1.25646
0.551578,0.499583,-0.105358,-1.78722,0.0416046,2.43417,1.25673
0.551662,0.499797,-0.105406,-1.78707,0.0415547,2.43429,1.25694
0.551729,0.499966,-0.105444,-1.78696,0.0415152,2.43438,1.25711
0.551781,0.500099,-0.105473,-1.78686,0.0414842,2.43446,1.25725
0.551822,0.500204,-0.105497,-1.78679,0.0414599,2.43452,1.25735
0.551854,0.500284,-0.105515,-1.78674,0.0414411,2.43456,1.25743
0.552984,0.504089,-0.105558,-1.78439,0.040754,2.43678,1.25903
0.552926,0.504666,-0.105601,-1.78402,0.0406902,2.43621,1.25899
0.55284,0.505522,-0.105665,-1.78348,0.0405952,2.43538,1.25893
0.552726,0.506646,-0.105748,-1.78278,0.0404704,2.43427,1.25885
0.552587,0.508021,-0.105851,-1.78192,0.0403171,2.43293,1.25876
0.552425,0.509628,-0.105971,-1.78091,0.0401374,2.43135,1.25865
0.552241,0.511444,-0.106107,-1.77978,0.0399334,2.42957,1.25852
0.552039,0.513445,-0.106258,-1.77853,0.0397077,2.42761,1.25838
0.55182,0.515604,-0.106421,-1.77719,0.0394633,2.42549,1.25823
0.551589,0.517891,-0.106594,-1.77577,0.0392029,2.42324,1.25807
0.551347,0.520278,-0.106776,-1.7743,0.0389298,2.4209,1.2579
0.551099,0.522737,-0.106964,-1.77278,0.0386473,2.41848,1.25773
0.550846,0.525237,-0.107156,-1.77124,0.0383584,2.41603,1.25755
0.550591,0.527752,-0.107349,-1.76969,0.0380665,2.41356,1.25738
0.550338,0.530255,-0.107543,-1.76815,0.0377744,2.4111,1.2572
0.550088,0.532722,-0.107734,-1.76664,0.0374852,2.40867,1.25703
0.549844,0.535132,-0.107922,-1.76517,0.0372015,2.4063,1.25686
0.549608,0.537464,-0.108104,-1.76374,0.0369256,2.40401,1.25669
0.549382,0.539703,-0.108279,-1.76238,0.0366597,2.40181,1.25653
0.549166,0.541834,-0.108446,-1.76108,0.0364056,2.39972,1.25638
0.548963,0.543847,-0.108605,-1.75986,0.0361648,2.39774,1.25624
0.548772,0.545733,-0.108754,-1.75871,0.0359383,2.39588,1.25611
0.548595,0.547487,-0.108892,-1.75764,0.0357271,2.39416,1.25598
0.548432,0.549106,-0.109021,-1.75666,0.0355315,2.39256,1.25587
0.548282,0.55059,-0.109138,-1.75576,0.0353519,2.3911,1.25576
0.548146,0.55194,-0.109246,-1.75494,0.0351881,2.38978,1.25567
0.548023,0.55316,-0.109343,-1.7542,0.0350399,2.38858,1.25558
0.547912,0.554253,-0.10943,-1.75354,0.0349067,2.3875,1.2555
0.547814,0.555227,-0.109508,-1.75295,0.0347879,2.38654,1.25544
0.547727,0.556089,-0.109577,-1.75243,0.0346826,2.3857,1.25537
0.547651,0.556846,-0.109637,-1.75197,0.0345901,2.38495,1.25532
0.547584,0.557506,-0.10969,-1.75157,0.0345093,2.3843,1.25527
0.547527,0.558077,-0.109736,-1.75122,0.0344393,2.38374,1.25523
0.547477,0.558569,-0.109775,-1.75093,0.034379,2.38326,1.2552
0.547435,0.558989,-0.109809,-1.75067,0.0343275,2.38284,1.25517
0.547399,0.559346,-0.109837,-1.75046,0.0342837,2.38249,1.25514
0.547369,0.559647,-0.109861,-1.75027,0.0342468,2.3822,1.25512
0.547343,0.559898,-0.109881,-1.75012,0.0342159,2.38195,1.2551
0.547322,0.560107,-0.109898,-1.74999,0.0341902,2.38175,1.25509
0.547305,0.56028,-0.109912,-1.74989,0.034169,2.38158,1.25508
0.547291,0.560422,-0.109923,-1.7498,0.0341516,2.38144,1.25507
0.547279,0.560537,-0.109933,-1.74973,0.0341375,2.38132,1.25506
0.54727,0.56063,-0.10994,-1.74968,0.034126,2.38123,1.25505
0.547262,0.560705,-0.109946,-1.74963,0.0341168,2.38116,1.25505
0.547256,0.560765,-0.109951,-1.7496,0.0341094,2.3811,1.25504
0.547252,0.560812,-0.109955,-1.74957,0.0341036,2.38105,1.25504
0.54829,0.563274,-0.110009,-1.74648,0.0335575,2.38137,1.25653
0.548409,0.559843,-0.110092,-1.74679,0.0335228,2.37861,1.25657
0.548582,0.554767,-0.110214,-1.7472,0.0334712,2.3745,1.25662
0.548805,0.54814,-0.110373,-1.74767,0.0334036,2.36907,1.25669
0.549072,0.540085,-0.110566,-1.74814,0.0333212,2.36236,1.25678
0.549374,0.530756,-0.11079,-1.74851,0.0332255,2.35443,1.25689
0.549656,0.521818,-0.111002,-1.74867,0.0331342,2.34666,1.257
0.54992,0.513253,-0.111204,-1.74864,0.0330475,2.33903,1.25712
0.550206,0.503675,-0.111429,-1.74841,0.0329521,2.33032,1.25725
0.55047,0.494562,-0.111641,-1.74796,0.0328636,2.32182,1.25738
0.550713,0.485891,-0.11184,-1.74732,0.0327823,2.31353,1.25752
0.550936,0.477638,-0.112027,-1.7465,0.0327082,2.30545,1.25765
0.55117,0.468659,-0.112229,-1.7454,0.0326317,2.29646,1.2578
0.551382,0.460172,-0.112417,-1.74412,0.0325646,2.28774,1.25794
0.551574,0.45215,-0.112591,-1.74269,0.0325067,2.27929,1.25809
0.551768,0.443614,-0.112775,-1.74094,0.0324514,2.27009,1.25825
0.551941,0.435599,-0.112944,-1.73904,0.0324067,2.26121,1.2584
0.552095,0.42807,-0.1131,-1.73703,0.0323722,2.25267,1.25855
0.552245,0.420209,-0.113261,-1.7347,0.0323444,2.24352,1.25871
0.552376,0.412873,-0.113408,-1.73228,0.0323275,2.23476,1.25886
0.5525,0.405339,-0.113557,-1.72954,0.0323197,2.22553,1.25902
0.552606,0.398352,-0.113692,-1.72676,0.0323227,2.21674,1.25917
0.552703,0.391278,-0.113826,-1.72369,0.0323365,2.20762,1.25933
0.552789,0.384213,-0.113958,-1.72035,0.0323624,2.19825,1.25949
0.552863,0.377243,-0.114086,-1.71678,0.032401,2.18874,1.25965
0.55292,0.370899,-0.1142,-1.71325,0.0324493,2.17984,1.2598
0.552965,0.364706,-0.114309,-1.70954,0.0325093,2.1709,1.25994
0.552999,0.358724,-0.114413,-1.7057,0.0325807,2.16202,1.26009
0.553022,0.353001,-0.114511,-1.70176,0.0326626,2.15329,1.26023
0.553033,0.347577,-0.114603,-1.69777,0.0327539,2.14477,1.26036
0.553035,0.34248,-0.114688,-1.69377,0.032853,2.13654,1.26049
0.553028,0.337731,-0.114767,-1.68981,0.0329581,2.12865,1.26062
0.553014,0.333338,-0.114838,-1.68593,0.0330675,2.12115,1.26073
0.552994,0.329306,-0.114904,-1.68216,0.033179,2.11409,1.26084
0.552969,0.325631,-0.114963,-1.67856,0.0332909,2.10748,1.26094
0.55294,0.322303,-0.115017,-1.67513,0.0334013,2.10135,1.26103
0.55291,0.319309,-0.115065,-1.67191,0.0335086,2.09571,1.26111
0.552878,0.316633,-0.115107,-1.66891,0.0336115,2.09055,1.26118
0.552846,0.314254,-0.115145,-1.66615,0.0337088,2.08588,1.26125
0.552815,0.312153,-0.115179,-1.66362,0.0337996,2.08167,1.26131
0.552786,0.310308,-0.115209,-1.66134,0.0338834,2.07792,1.26136
0.552758,0.308697,-0.115234,-1.65929,0.0339598,2.07459,1.26141
0.552733,0.307299,-0.115257,-1.65746,0.0340288,2.07165,1.26145
0.552709,0.306091,-0.115276,-1.65585,0.0340904,2.06909,1.26149
0.552688,0.305055,-0.115293,-1.65444,0.0341448,2.06687,1.26152
0.55267,0.304171,-0.115307,-1.65322,0.0341924,2.06495,1.26154
0.552653,0.303421,-0.115319,-1.65217,0.0342336,2.06331,1.26157
0.552639,0.302788,-0.115329,-1.65128,0.0342691,2.06192,1.26159
0.552627,0.302258,-0.115338,-1.65052,0.0342993,2.06074,1.2616
0.552617,0.301816,-0.115345,-1.64988,0.0343248,2.05976,1.26161
0.552608,0.30145,-0.115351,-1.64934,0.0343461,2.05894,1.26163
0.552601,0.301149,-0.115356,-1.6489,0.0343639,2.05826,1.26163
0.552595,0.300902,-0.11536,-1.64854,0.0343785,2.05771,1.26164
0.55259,0.300702,-0.115363,-1.64824,0.0343905,2.05726,1.26165
0.552586,0.30054,-0.115366,-1.648,0.0344002,2.05689,1.26165
0.552583,0.300411,-0.115368,-1.64781,0.034408,2.0566,1.26166
0.552581,0.300308,-0.115369,-1.64766,0.0344142,2.05636,1.26166
0.552578,0.300226,-0.115371,-1.64753,0.0344192,2.05618,1.26166
0.552577,0.300162,-0.115372,-1.64744,0.0344231,2.05603,1.26167
0.552576,0.300111,-0.115373,-1.64736,0.0344262,2.05592,1.26167
0.552575,0.300072,-0.115373,-1.6473,0.0344285,2.05583,1.26167
0.552574,0.300042,-0.115374,-1.64726,0.0344304,2.05576,1.26167
0.552573,0.30002,-0.115374,-1.64722,0.0344318,2.05571,1.26167
0.551632,0.298211,-0.115711,-1.64883,0.0350761,2.05452,1.26016
0.549759,0.294627,-0.11639,-1.65201,0.0363529,2.05213,1.25716
0.546982,0.289344,-0.11742,-1.65666,0.0382321,2.04854,1.25271
0.543341,0.282481,-0.118814,-1.66262,0.0406663,2.04374,1.24685
0.538891,0.274195,-0.12059,-1.6697,0.043592,2.03773,1.23967
0.533702,0.264673,-0.122763,-1.67767,0.0469311,2.03051,1.23127
0.528686,0.255627,-0.124978,-1.68506,0.0500702,2.0233,1.22312
0.523838,0.247032,-0.127224,-1.6919,0.053018,2.01612,1.21521
0.519151,0.238865,-0.129495,-1.69824,0.055783,2.00898,1.20755
0.514617,0.231103,-0.131781,-1.70411,0.0583742,2.00189,1.20011
0.510232,0.223724,-0.134076,-1.70954,0.0608003,1.99487,1.19291
0.505282,0.215543,-0.136756,-1.7154,0.0634487,1.98677,1.18476
0.500517,0.207831,-0.139431,-1.72075,0.0658958,1.97878,1.17691
0.49593,0.200559,-0.142093,-1.72563,0.0681549,1.97092,1.16933
0.491513,0.193701,-0.144736,-1.73007,0.0702385,1.96319,1.16203
0.486649,0.186311,-0.147725,-1.73469,0.0724334,1.95453,1.15399
0.481989,0.179399,-0.150674,-1.73883,0.0744302,1.94605,1.14628
0.477521,0.172933,-0.153574,-1.74254,0.0762451,1.93779,1.13889
0.473238,0.166881,-0.156421,-1.74585,0.0778933,1.92973,1.1318
0.468616,0.160511,-0.159559,-1.74917,0.0795761,1.92091,1.12416
0.464205,0.154598,-0.162618,-1.75208,0.0810826,1.91236,1.11687
0.459527,0.1485,-0.165927,-1.7549,0.0825799,1.90316,1.10913
0.455085,0.142882,-0.169131,-1.75732,0.0839004,1.89431,1.1018
0.450444,0.137191,-0.172538,-1.75957,0.0851801,1.88494,1.09414
0.446058,0.131988,-0.175812,-1.76145,0.0862908,1.87597,1.0869
0.441535,0.126799,-0.179241,-1.76313,0.0873412,1.86662,1.07945
0.436927,0.1217,-0.182785,-1.76457,0.0883123,1.85699,1.07187
0.432617,0.117109,-0.186148,-1.76567,0.0891272,1.84789,1.06478
0.428273,0.112654,-0.189579,-1.76655,0.0898618,1.83864,1.05764
0.423941,0.108385,-0.193041,-1.76718,0.0905085,1.82932,1.05054
0.419662,0.104343,-0.196497,-1.76757,0.091064,1.82005,1.04352
0.415474,0.100556,-0.199914,-1.76772,0.0915285,1.8109,1.03666
0.411412,0.097045,-0.203259,-1.76766,0.0919054,1.80197,1.03001
0.407504,0.09382,-0.206504,-1.7674,0.0922005,1.79332,1.02362
0.403776,0.0908841,-0.209622,-1.76698,0.0924214,1.78502,1.01753
0.400248,0.0882335,-0.212594,-1.76641,0.0925768,1.77712,1.01177
0.396935,0.0858588,-0.2154,-1.76573,0.0926761,1.76968,1.00636
0.393848,0.0837465,-0.218029,-1.76498,0.0927287,1.76271,1.00132
0.390994,0.08188,-0.220471,-1.76417,0.0927435,1.75624,0.996662
0.388373,0.0802408,-0.222722,-1.76334,0.092729,1.75029,0.992388
0.385985,0.0788093,-0.22478,-1.76251,0.0926927,1.74485,0.988494
0.383825,0.0775659,-0.226648,-1.76169,0.0926412,1.73992,0.984972
0.381885,0.0764912,-0.228329,-1.76091,0.0925799,1.73548,0.98181
0.380155,0.0755665,-0.229831,-1.76017,0.0925134,1.73151,0.97899
0.378624,0.0747745,-0.231164,-1.75949,0.0924453,1.728,0.976494
0.377277,0.0740991,-0.232337,-1.75886,0.0923784,1.7249,0.974299
0.376102,0.0735254,-0.233363,-1.75829,0.0923145,1.7222,0.972383
0.375083,0.0730403,-0.234253,-1.75779,0.0922552,1.71985,0.970723
0.374206,0.0726318,-0.23502,-1.75734,0.092201,1.71783,0.969293
0.373457,0.0722892,-0.235676,-1.75695,0.0921526,1.7161,0.968071
0.37282,0.0720032,-0.236234,-1.75661,0.0921098,1.71463,0.967033
0.372283,0.0717656,-0.236704,-1.75633,0.0920727,1.71339,0.966159
0.371834,0.0715692,-0.237098,-1.75608,0.0920408,1.71236,0.965426
0.37146,0.0714075,-0.237426,-1.75588,0.0920137,1.71149,0.964817
0.371152,0.0712752,-0.237696,-1.75571,0.0919909,1.71078,0.964314
0.370899,0.0711675,-0.237919,-1.75557,0.091972,1.7102,0.963902
0.370693,0.0710803,-0.238099,-1.75545,0.0919564,1.70972,0.963565
0.370526,0.0710101,-0.238246,-1.75536,0.0919436,1.70933,0.963294
0.370392,0.0709539,-0.238363,-1.75528,0.0919333,1.70902,0.963075
0.370285,0.0709093,-0.238457,-1.75522,0.0919251,1.70878,0.962901
0.3702,0.070874,-0.238532,-1.75517,0.0919185,1.70858,0.962763
0.370134,0.0708463,-0.23859,-1.75514,0.0919133,1.70843,0.962654
0.370082,0.0708247,-0.238636,-1.75511,0.0919092,1.70831,0.96257
0.370041,0.070808,-0.238671,-1.75508,0.0919061,1.70821,0.962504
0.37001,0.0707951,-0.238699,-1.75507,0.0919036,1.70814,0.962453
0.369986,0.0707852,-0.23872,-1.75505,0.0919018,1.70809,0.962414
0.552299,0.300104,-0.115571,-1.65061,0.03404,2.05952,1.26065
0.549634,0.297776,-0.116735,-1.6587,0.0346082,2.06394,1.25539
0.545664,0.294433,-0.118479,-1.67055,0.0354503,2.07043,1.24756
0.541739,0.291309,-0.12022,-1.68197,0.0362767,2.07675,1.2398
0.536561,0.287419,-0.122536,-1.69666,0.0373585,2.08494,1.22956
0.53146,0.283879,-0.124841,-1.71066,0.0384136,2.09284,1.21947
0.526435,0.280667,-0.127134,-1.72401,0.0394428,2.10046,1.20951
0.521484,0.277762,-0.129411,-1.73675,0.040447,2.10782,1.19969
0.516606,0.275146,-0.13167,-1.7489,0.0414268,2.11494,1.19002
0.5118,0.272801,-0.13391,-1.7605,0.0423834,2.12182,1.18049
0.507065,0.270711,-0.136129,-1.77158,0.0433174,2.12848,1.17109
0.502401,0.26886,-0.138325,-1.78217,0.0442299,2.13492,1.16184
0.497805,0.267233,-0.140497,-1.79228,0.0451215,2.14116,1.15273
0.493278,0.265818,-0.142643,-1.80194,0.0459933,2.1472,1.14377
0.488818,0.264602,-0.144762,-1.81118,0.046846,2.15306,1.13494
0.484423,0.263572,-0.146853,-1.82,0.0476805,2.15874,1.12625
0.480095,0.262718,-0.148915,-1.82844,0.0484974,2.16425,1.1177
0.47583,0.262029,-0.150948,-1.83651,0.0492975,2.16959,1.10928
0.470578,0.26136,-0.153451,-1.84616,0.0502776,2.17607,1.09893
0.465424,0.260919,-0.155905,-1.85527,0.0512337,2.18232,1.08879
0.460367,0.260686,-0.15831,-1.8639,0.052167,2.18833,1.07887
0.455404,0.260647,-0.160664,-1.87205,0.0530787,2.19414,1.06914
0.450535,0.260787,-0.162967,-1.87976,0.0539697,2.19974,1.05963
0.445758,0.26109,-0.165218,-1.88706,0.054841,2.20514,1.05031
0.441072,0.261545,-0.167417,-1.89396,0.0556936,2.21035,1.0412
0.436475,0.262138,-0.169564,-1.90048,0.0565283,2.21538,1.03228
0.431965,0.262858,-0.171659,-1.90665,0.0573457,2.22024,1.02355
0.426656,0.263861,-0.174112,-1.91366,0.0583068,2.22587,1.01331
0.421471,0.265017,-0.176489,-1.92021,0.059245,2.23128,1.00334
0.416405,0.26631,-0.178793,-1.92633,0.0601613,2.23646,0.993635
0.411458,0.267724,-0.181024,-1.93205,0.0610564,2.24144,0.98419
0.406627,0.269245,-0.183183,-1.9374,0.0619311,2.24622,0.975001
0.401909,0.270861,-0.185272,-1.94241,0.0627861,2.25081,0.966063
0.396536,0.272843,-0.187627,-1.94786,0.0637612,2.25596,0.955919
0.391312,0.274924,-0.18989,-1.95289,0.0647109,2.26087,0.946101
0.386234,0.277086,-0.192062,-1.95754,0.065636,2.26555,0.936601
0.381299,0.279316,-0.194147,-1.96183,0.066537,2.27003,0.92741
0.376504,0.281602,-0.196146,-1.96579,0.0674145,2.27431,0.918521
0.37118,0.284263,-0.198337,-1.96996,0.068391,2.27897,0.908695
0.366031,0.286966,-0.200423,-1.97376,0.0693381,2.2834,0.899242
0.361052,0.289697,-0.202409,-1.97722,0.0702562,2.28761,0.890148
0.355637,0.292788,-0.204535,-1.98076,0.0712573,2.2921,0.880307
0.350426,0.295883,-0.206544,-1.98394,0.0722232,2.29634,0.870892
0.345414,0.298971,-0.208443,-1.9868,0.0731547,2.30035,0.861886
0.340057,0.302378,-0.210436,-1.98964,0.0741522,2.30455,0.852315
0.334931,0.305748,-0.212305,-1.99215,0.0751091,2.30849,0.843211
0.329535,0.3094,-0.214235,-1.99459,0.0761181,2.31256,0.833684
0.32393,0.313304,-0.216196,-1.9969,0.0771677,2.3167,0.823852
0.318621,0.317109,-0.218011,-1.99888,0.0781635,2.32055,0.814601
0.313174,0.321112,-0.219832,-2.0007,0.0791858,2.32441,0.805173
0.307649,0.325273,-0.221635,-2.00235,0.0802235,2.32825,0.795674
0.302103,0.329549,-0.2234,-2.0038,0.0812653,2.33202,0.786204
0.296589,0.333897,-0.225109,-2.00503,0.0823005,2.33569,0.776858
0.291159,0.338268,-0.226748,-2.00606,0.0833189,2.33922,0.767721
0.285861,0.342618,-0.228305,-2.00687,0.0843113,2.34259,0.75887
0.280736,0.346903,-0.22977,-2.00749,0.0852692,2.34579,0.75037
0.275822,0.351082,-0.231138,-2.00794,0.0861857,2.34879,0.742276
0.271149,0.355118,-0.232405,-2.00822,0.0870547,2.35158,0.734631
0.266741,0.358978,-0.233569,-2.00836,0.0878717,2.35416,0.727468
0.262617,0.362636,-0.234631,-2.00839,0.0886334,2.35654,0.720809
0.258789,0.36607,-0.235594,-2.00833,0.0893379,2.3587,0.714663
0.255264,0.369266,-0.236462,-2.00819,0.0899843,2.36066,0.709035
0.252042,0.372214,-0.237238,-2.00801,0.0905728,2.36242,0.703918
0.24912,0.37491,-0.237928,-2.00779,0.0911046,2.364,0.699299
0.24649,0.377354,-0.238538,-2.00754,0.0915816,2.3654,0.695159
0.24414,0.379552,-0.239075,-2.00729,0.0920064,2.36664,0.691474
0.242056,0.381513,-0.239544,-2.00704,0.0923819,2.36772,0.688218
0.240221,0.383248,-0.239951,-2.0068,0.0927116,2.36867,0.68536
0.238617,0.384771,-0.240303,-2.00658,0.092999,2.36949,0.682868
0.237225,0.386098,-0.240605,-2.00637,0.0932478,2.3702,0.680711
0.236026,0.387245,-0.240863,-2.00618,0.0934617,2.3708,0.678857
0.235,0.388228,-0.241082,-2.00602,0.0936445,2.37132,0.677273
0.234128,0.389066,-0.241267,-2.00587,0.0937994,2.37175,0.675929
0.233393,0.389775,-0.241422,-2.00574,0.09393,2.37212,0.674798
0.232777,0.390369,-0.241551,-2.00563,0.0940392,2.37243,0.67385
0.232264,0.390864,-0.241659,-2.00554,0.09413,2.37268,0.673063
0.231841,0.391273,-0.241747,-2.00546,0.0942049,2.37289,0.672414
0.231493,0.39161,-0.241819,-2.0054,0.0942663,2.37306,0.671881
0.23121,0.391884,-0.241877,-2.00535,0.0943164,2.3732,0.671447
0.230981,0.392106,-0.241925,-2.0053,0.0943568,2.37331,0.671096
0.230798,0.392284,-0.241963,-2.00527,0.0943893,2.3734,0.670815
0.230651,0.392427,-0.241993,-2.00524,0.0944152,2.37347,0.67059
0.230534,0.39254,-0.242017,-2.00522,0.0944357,2.37353,0.670412
0.230443,0.392628,-0.242036,-2.0052,0.0944519,2.37357,0.670272
0.230372,0.392698,-0.242051,-2.00519,0.0944645,2.37361,0.670162
0.230316,0.392752,-0.242062,-2.00517,0.0944743,2.37364,0.670078
0.230273,0.392793,-0.242071,-2.00517,0.0944818,2.37366,0.670012
0.230241,0.392825,-0.242077,-2.00516,0.0944876,2.37367,0.669962
0.229325,0.396405,-0.241845,-2.00465,0.0951583,2.37731,0.668604
0.229293,0.398032,-0.241702,-2.00453,0.0955659,2.37891,0.669021
0.229244,0.400452,-0.241488,-2.00434,0.0961723,2.38128,0.66964
0.229177,0.40364,-0.241204,-2.00407,0.0969708,2.38439,0.670451
0.229091,0.40756,-0.240853,-2.00372,0.0979525,2.38819,0.671443
0.228985,0.412166,-0.240438,-2.00327,0.0991057,2.39261,0.672601
0.228858,0.417406,-0.23996,-2.00271,0.100417,2.39759,0.673908
0.228708,0.423217,-0.239425,-2.00203,0.101869,2.40306,0.675345
0.228536,0.429532,-0.238837,-2.00122,0.103446,2.40892,0.676893
0.22834,0.436277,-0.238201,-2.00027,0.105127,2.4151,0.678532
0.228123,0.443374,-0.237524,-1.99919,0.106892,2.42151,0.68024
0.227884,0.45074,-0.236812,-1.99796,0.10872,2.42806,0.681998
0.227626,0.458295,-0.236074,-1.99661,0.110588,2.43468,0.683785
0.227351,0.465955,-0.235317,-1.99514,0.112475,2.44128,0.685582
0.227062,0.47364,-0.234548,-1.99356,0.114361,2.44781,0.687372
0.226762,0.481274,-0.233778,-1.99189,0.116226,2.45418,0.689137
0.226456,0.488784,-0.233013,-1.99015,0.118052,2.46036,0.690862
0.226146,0.496105,-0.232261,-1.98837,0.119822,2.46629,0.692535
0.225837,0.503179,-0.231529,-1.98656,0.121524,2.47193,0.694144
0.225532,0.509955,-0.230823,-1.98475,0.123144,2.47726,0.695678
0.225234,0.516392,-0.230149,-1.98297,0.124674,2.48225,0.69713
0.224948,0.522456,-0.229511,-1.98123,0.126108,2.48689,0.698494
0.224675,0.528123,-0.228913,-1.97955,0.12744,2.49117,0.699766
0.224417,0.533378,-0.228356,-1.97794,0.128668,2.49509,0.700943
0.224176,0.538213,-0.227843,-1.97643,0.129793,2.49866,0.702025
0.223953,0.542628,-0.227373,-1.97501,0.130814,2.50189,0.703011
0.223749,0.546628,-0.226947,-1.9737,0.131735,2.50479,0.703904
0.223563,0.550226,-0.226563,-1.97251,0.13256,2.50738,0.704706
0.223396,0.553439,-0.22622,-1.97142,0.133293,2.50967,0.705422
0.223246,0.556286,-0.225916,-1.97044,0.133941,2.51169,0.706057
0.223114,0.558792,-0.225648,-1.96957,0.134509,2.51345,0.706615
0.222998,0.560981,-0.225414,-1.9688,0.135004,2.51498,0.707103
0.222897,0.56288,-0.225211,-1.96813,0.135432,2.51631,0.707526
0.22281,0.564516,-0.225037,-1.96755,0.1358,2.51744,0.707891
0.222734,0.565915,-0.224887,-1.96705,0.136114,2.51841,0.708202
0.222671,0.567103,-0.22476,-1.96662,0.13638,2.51923,0.708467
0.222617,0.568105,-0.224653,-1.96625,0.136604,2.51992,0.70869
0.222571,0.568945,-0.224563,-1.96595,0.136792,2.5205,0.708877
0.222533,0.569643,-0.224489,-1.96569,0.136948,2.52098,0.709033
0.222502,0.57022,-0.224427,-1.96548,0.137076,2.52137,0.709162
0.222477,0.570693,-0.224376,-1.96531,0.137182,2.5217,0.709267
0.222456,0.571078,-0.224335,-1.96516,0.137268,2.52196,0.709353
0.222439,0.57139,-0.224302,-1.96505,0.137337,2.52217,0.709422
0.222425,0.57164,-0.224275,-1.96496,0.137393,2.52234,0.709478
0.222414,0.57184,-0.224254,-1.96488,0.137437,2.52248,0.709523
0.222406,0.571998,-0.224237,-1.96483,0.137472,2.52259,0.709558
0.222399,0.572123,-0.224224,-1.96478,0.1375,2.52267,0.709586
0.222394,0.57222,-0.224213,-1.96474,0.137522,2.52274,0.709607
0.22239,0.572296,-0.224205,-1.96472,0.137539,2.52279,0.709624
0.221339,0.575424,-0.223833,-1.9626,0.138026,2.52502,0.708578
0.221774,0.572834,-0.224102,-1.96305,0.137803,2.52406,0.708915
0.22242,0.56899,-0.224501,-1.9637,0.137468,2.52262,0.709418
0.223268,0.563946,-0.225026,-1.96454,0.137022,2.52072,0.710084
0.224305,0.557775,-0.225669,-1.96556,0.136464,2.51838,0.710907
0.225516,0.550568,-0.226423,-1.96671,0.135796,2.51563,0.711883
0.226882,0.542433,-0.227276,-1.96797,0.13502,2.51249,0.713004
0.228384,0.533488,-0.228216,-1.96929,0.134139,2.509,0.714261
0.229999,0.523861,-0.229229,-1.97064,0.133158,2.5052,0.715644
0.231705,0.513686,-0.230301,-1.97198,0.132084,2.50112,0.717139
0.233316,0.504068,-0.231313,-1.97315,0.131031,2.49719,0.71859
0.234989,0.494061,-0.232364,-1.97429,0.129899,2.49304,0.720133
0.23656,0.484653,-0.233349,-1.97525,0.128798,2.48908,0.72162
0.238167,0.474998,-0.234354,-1.97616,0.127634,2.48495,0.723178
0.239792,0.465214,-0.235368,-1.97698,0.126419,2.48071,0.724792
0.241414,0.455413,-0.236375,-1.9777,0.125165,2.47639,0.726445
0.243016,0.4457,-0.237365,-1.97832,0.123887,2.47204,0.728118
0.24458,0.436171,-0.238326,-1.97882,0.122599,2.46771,0.729794
0.246094,0.426909,-0.239249,-1.97921,0.121315,2.46343,0.731457
0.247546,0.417989,-0.240126,-1.97949,0.120048,2.45924,0.733089
0.248925,0.409471,-0.240951,-1.97966,0.118812,2.45518,0.734678
0.250224,0.401404,-0.241721,-1.97974,0.117617,2.45128,0.736208
0.251438,0.393824,-0.242433,-1.97973,0.116474,2.44756,0.73767
0.252565,0.386757,-0.243086,-1.97966,0.115391,2.44405,0.739053
0.253602,0.380218,-0.243681,-1.97952,0.114373,2.44076,0.740351
0.25455,0.374211,-0.244218,-1.97934,0.113426,2.4377,0.741559
0.255411,0.368732,-0.2447,-1.97913,0.112551,2.43487,0.742673
0.256187,0.363769,-0.24513,-1.9789,0.111751,2.43229,0.743693
0.256882,0.359305,-0.24551,-1.97865,0.111025,2.42994,0.744619
0.257501,0.355317,-0.245846,-1.97841,0.110371,2.42783,0.745453
0.258048,0.351778,-0.24614,-1.97816,0.109787,2.42594,0.746199
0.258529,0.348659,-0.246395,-1.97793,0.109269,2.42426,0.746861
0.258949,0.345927,-0.246617,-1.97772,0.108813,2.42278,0.747444
0.259314,0.343551,-0.246808,-1.97752,0.108414,2.42149,0.747954
0.259628,0.341498,-0.246971,-1.97733,0.108069,2.42036,0.748397
0.259897,0.339736,-0.24711,-1.97717,0.107771,2.41939,0.748778
0.260126,0.338233,-0.247228,-1.97703,0.107517,2.41856,0.749104
0.26032,0.33696,-0.247327,-1.9769,0.107301,2.41786,0.749382
0.260483,0.335888,-0.24741,-1.9768,0.107118,2.41726,0.749615
0.260619,0.334992,-0.247479,-1.97671,0.106966,2.41677,0.749811
0.260732,0.334248,-0.247536,-1.97663,0.106839,2.41635,0.749974
0.260825,0.333635,-0.247583,-1.97656,0.106734,2.41601,0.750109
0.260902,0.333132,-0.247622,-1.97651,0.106648,2.41573,0.750219
0.260964,0.332722,-0.247653,-1.97646,0.106578,2.4155,0.750309
0.261014,0.332392,-0.247678,-1.97643,0.106522,2.41531,0.750382
0.261054,0.332126,-0.247698,-1.9764,0.106476,2.41516,0.750441
0.261086,0.331914,-0.247714,-1.97638,0.10644,2.41504,0.750487
0.261112,0.331746,-0.247727,-1.97636,0.106411,2.41495,0.750524
0.261132,0.331614,-0.247737,-1.97634,0.106389,2.41488,0.750554
0.261147,0.331511,-0.247745,-1.97633,0.106371,2.41482,0.750576
0.261159,0.331431,-0.247751,-1.97632,0.106357,2.41477,0.750594
0.261169,0.33137,-0.247755,-1.97632,0.106347,2.41474,0.750608
0.261176,0.331323,-0.247759,-1.97631,0.106339,2.41471,0.750618
0.26184,0.332856,-0.24703,-1.97561,0.106713,2.41653,0.751111
0.264671,0.330868,-0.245986,-1.9758,0.105902,2.41438,0.754573
0.268856,0.327943,-0.244418,-1.97603,0.104716,2.41116,0.759704
0.274318,0.324156,-0.242323,-1.97623,0.103197,2.40689,0.766426
0.280955,0.319611,-0.239701,-1.97631,0.101399,2.4016,0.77463
0.28736,0.315304,-0.237078,-1.97618,0.0997249,2.39638,0.782593
0.293545,0.311224,-0.234458,-1.97585,0.0981679,2.39122,0.790321
0.299519,0.307361,-0.231848,-1.97534,0.0967222,2.38612,0.797821
0.305291,0.303705,-0.229251,-1.97467,0.0953814,2.3811,0.805098
0.31087,0.300246,-0.226672,-1.97385,0.0941397,2.37616,0.81216
0.316263,0.296975,-0.224114,-1.97288,0.0929913,2.37128,0.819013
0.321478,0.293883,-0.221581,-1.97179,0.0919305,2.36649,0.825662
0.327532,0.29037,-0.218574,-1.97034,0.0907548,2.36082,0.833405
0.333351,0.287091,-0.21561,-1.96873,0.0896903,2.35527,0.840874
0.338946,0.284032,-0.212693,-1.96698,0.0887285,2.34983,0.848078
0.344329,0.281181,-0.209826,-1.96511,0.0878615,2.34451,0.855028
0.349508,0.278525,-0.20701,-1.96313,0.0870817,2.33931,0.861733
0.354493,0.276052,-0.20425,-1.96106,0.0863822,2.33422,0.868203
0.360094,0.273363,-0.201095,-1.95854,0.0856508,2.32841,0.875487
0.365455,0.270895,-0.198018,-1.95592,0.0850115,2.32276,0.882474
0.370588,0.268631,-0.195021,-1.95322,0.0844552,2.31727,0.889179
0.375505,0.266558,-0.192104,-1.95045,0.0839736,2.31192,0.895613
0.380217,0.264662,-0.189268,-1.94762,0.0835594,2.30673,0.901789
0.385379,0.262677,-0.18612,-1.94435,0.0831541,2.30097,0.908565
0.390298,0.260891,-0.183076,-1.94103,0.0828196,2.2954,0.915033
0.394988,0.259287,-0.180137,-1.93768,0.0825475,2.29001,0.921209
0.400021,0.257665,-0.176946,-1.93391,0.0823022,2.28416,0.927843
0.404794,0.256236,-0.173883,-1.93013,0.0821177,2.27853,0.934144
0.409322,0.254981,-0.170944,-1.92637,0.0819855,2.27312,0.940128
0.414098,0.253757,-0.167815,-1.92222,0.0818878,2.26735,0.946447
0.418607,0.252708,-0.164831,-1.91812,0.0818373,2.26184,0.952417
0.42329,0.251722,-0.161703,-1.91367,0.0818246,2.25604,0.958624
0.428087,0.250825,-0.15847,-1.90891,0.0818533,2.25002,0.964989
0.432569,0.250103,-0.155424,-1.90427,0.08192,2.24434,0.97094
0.437106,0.249481,-0.152316,-1.89939,0.0820239,2.23851,0.97697
0.441648,0.248971,-0.149182,-1.8943,0.0821642,2.23262,0.983011
0.446148,0.248583,-0.146056,-1.88906,0.0823383,2.22671,0.989
0.450562,0.248318,-0.142969,-1.88373,0.0825424,2.22085,0.99488
0.454853,0.248175,-0.13995,-1.87835,0.0827719,2.21508,1.0006
0.458987,0.248146,-0.137025,-1.87299,0.0830213,2.20947,1.00612
0.462938,0.248222,-0.134216,-1.86769,0.0832849,2.20405,1.01139
0.466684,0.24839,-0.13154,-1.86251,0.083557,2.19887,1.01639
0.470207,0.248637,-0.129014,-1.85749,0.0838321,2.19394,1.0211
0.473497,0.248946,-0.126647,-1.85268,0.0841052,2.1893,1.0255
0.476545,0.249302,-0.124447,-1.8481,0.084372,2.18497,1.02958
0.47935,0.24969,-0.122418,-1.84379,0.0846288,2.18095,1.03334
0.481913,0.250097,-0.120559,-1.83977,0.0848725,2.17726,1.03677
0.484237,0.25051,-0.11887,-1.83605,0.0851011,2.17388,1.03988
0.486332,0.250919,-0.117345,-1.83265,0.0853128,2.17083,1.04269
0.488206,0.251314,-0.115979,-1.82955,0.085507,2.16808,1.0452
0.489872,0.25169,-0.114763,-1.82676,0.085683,2.16562,1.04744
0.491342,0.252041,-0.113689,-1.82426,0.0858412,2.16344,1.04941
0.492631,0.252364,-0.112746,-1.82205,0.085982,2.16153,1.05114
0.493754,0.252657,-0.111925,-1.8201,0.0861062,2.15985,1.05265
0.494725,0.252919,-0.111214,-1.81841,0.0862148,2.1584,1.05395
0.49556,0.253151,-0.110602,-1.81694,0.0863089,2.15715,1.05507
0.496273,0.253354,-0.11008,-1.81568,0.0863899,2.15608,1.05603
0.496877,0.253529,-0.109637,-1.8146,0.086459,2.15517,1.05684
0.497386,0.25368,-0.109264,-1.81369,0.0865175,2.1544,1.05752
0.497811,0.253808,-0.108952,-1.81293,0.0865666,2.15376,1.05809
0.498165,0.253915,-0.108693,-1.81229,0.0866076,2.15323,1.05857
0.498457,0.254005,-0.108479,-1.81177,0.0866416,2.15279,1.05896
0.498696,0.254079,-0.108303,-1.81133,0.0866695,2.15243,1.05928
0.498891,0.254139,-0.10816,-1.81098,0.0866922,2.15213,1.05954
0.499048,0.254189,-0.108044,-1.81069,0.0867106,2.15189,1.05976
0.499175,0.254229,-0.107952,-1.81046,0.0867255,2.1517,1.05993
0.499276,0.25426,-0.107878,-1.81028,0.0867373,2.15155,1.06006
0.499355,0.254286,-0.107819,-1.81013,0.0867467,2.15143,1.06017
0.499418,0.254306,-0.107773,-1.81002,0.0867541,2.15133,1.06025
0.499467,0.254321,-0.107737,-1.80993,0.0867598,2.15126,1.06032
0.499506,0.254333,-0.107709,-1.80986,0.0867643,2.1512,1.06037
0.499535,0.254343,-0.107687,-1.80981,0.0867678,2.15115,1.06041
0.499557,0.25435,-0.107671,-1.80977,0.0867704,2.15112,1.06044
0.500552,0.256585,-0.107209,-1.80905,0.0862226,2.15394,1.06194
0.501157,0.257944,-0.107186,-1.80891,0.085755,2.15583,1.0639
0.502055,0.259972,-0.107156,-1.80868,0.0850589,2.15863,1.06681
0.503236,0.262655,-0.107125,-1.80835,0.084141,2.16229,1.07064
0.504685,0.265971,-0.107102,-1.80789,0.0830107,2.16675,1.07533
0.506383,0.269893,-0.107095,-1.8073,0.0816795,2.17193,1.08082
0.508309,0.274383,-0.107114,-1.80654,0.0801618,2.17775,1.08703
0.510439,0.279402,-0.107169,-1.80559,0.0784743,2.1841,1.09389
0.512747,0.284898,-0.107269,-1.80444,0.0766357,2.19089,1.10131
0.515205,0.290816,-0.107423,-1.80307,0.0746671,2.19801,1.10919
0.517784,0.297094,-0.107637,-1.80148,0.0725912,2.20535,1.11742
0.520455,0.303666,-0.107915,-1.79968,0.0704321,2.21282,1.12592
0.523187,0.310462,-0.108259,-1.79766,0.0682148,2.22032,1.13459
0.525951,0.317408,-0.108668,-1.79544,0.0659645,2.22776,1.14332
0.528719,0.324432,-0.109139,-1.79304,0.0637062,2.23506,1.15203
0.531463,0.331462,-0.109667,-1.7905,0.0614639,2.24214,1.16063
0.534158,0.338427,-0.110244,-1.78784,0.0592602,2.24896,1.16904
0.536782,0.345264,-0.110861,-1.78511,0.0571156,2.25545,1.17719
0.539313,0.351912,-0.111507,-1.78232,0.0550482,2.26159,1.18503
0.541734,0.358318,-0.112173,-1.77953,0.0530735,2.26734,1.19249
0.544031,0.364437,-0.112846,-1.77677,0.0512039,2.2727,1.19955
0.546193,0.37023,-0.113516,-1.77407,0.0494489,2.27764,1.20617
0.548211,0.375671,-0.114175,-1.77147,0.0478151,2.28217,1.21233
0.55008,0.380736,-0.114812,-1.76897,0.0463064,2.2863,1.21801
0.551798,0.385415,-0.115421,-1.76662,0.044924,2.29004,1.22323
0.553365,0.389701,-0.115996,-1.76442,0.0436669,2.2934,1.22797
0.554784,0.393598,-0.116532,-1.76238,0.0425323,2.29639,1.23226
0.556059,0.397112,-0.117026,-1.76052,0.0415158,2.29906,1.2361
0.557197,0.400257,-0.117478,-1.75882,0.0406114,2.30141,1.23953
0.558204,0.403051,-0.117886,-1.7573,0.0398125,2.30347,1.24256
0.55909,0.405515,-0.11825,-1.75595,0.0391116,2.30526,1.24522
0.559864,0.40767,-0.118574,-1.75475,0.038501,2.30682,1.24753
0.560535,0.409543,-0.118857,-1.7537,0.0379726,2.30816,1.24954
0.561112,0.411157,-0.119104,-1.75279,0.0375185,2.3093,1.25127
0.561606,0.41254,-0.119317,-1.75201,0.0371309,2.31028,1.25275
0.562025,0.413715,-0.1195,-1.75134,0.0368022,2.3111,1.254
0.562379,0.414707,-0.119654,-1.75077,0.0365254,2.31179,1.25506
0.562675,0.415538,-0.119785,-1.75029,0.0362938,2.31237,1.25594
0.562921,0.41623,-0.119893,-1.74989,0.0361014,2.31285,1.25668
0.563124,0.416802,-0.119984,-1.74957,0.0359426,2.31324,1.25728
0.563291,0.417271,-0.120058,-1.74929,0.0358124,2.31357,1.25778
0.563427,0.417653,-0.120118,-1.74907,0.0357065,2.31383,1.25819
0.563537,0.417963,-0.120167,-1.74889,0.0356208,2.31404,1.25851
0.563625,0.418211,-0.120207,-1.74875,0.035552,2.31421,1.25878
0.563696,0.41841,-0.120239,-1.74863,0.0354971,2.31435,1.25899
0.563751,0.418567,-0.120264,-1.74854,0.0354536,2.31446,1.25915
0.563795,0.418691,-0.120283,-1.74847,0.0354194,2.31454,1.25928
0.56383,0.418787,-0.120299,-1.74842,0.0353927,2.31461,1.25939
0.563856,0.418862,-0.120311,-1.74837,0.0353719,2.31466,1.25947
0.564894,0.421914,-0.120211,-1.74649,0.0346358,2.31661,1.26103
0.564831,0.422448,-0.120248,-1.74623,0.0345815,2.31609,1.26097
0.564736,0.423241,-0.120302,-1.74583,0.0345007,2.31533,1.26089
0.564611,0.424281,-0.120374,-1.74531,0.0343943,2.31433,1.26078
0.564459,0.425553,-0.120462,-1.74468,0.0342634,2.31311,1.26064
0.564281,0.42704,-0.120565,-1.74394,0.0341095,2.31168,1.26048
0.564079,0.42872,-0.120682,-1.74311,0.0339343,2.31007,1.2603
0.563857,0.43057,-0.120812,-1.7422,0.03374,2.30829,1.2601
0.563618,0.432565,-0.120952,-1.74122,0.0335288,2.30637,1.25988
0.563365,0.434678,-0.121102,-1.74019,0.0333031,2.30434,1.25965
0.5631,0.436884,-0.121258,-1.73912,0.0330655,2.30222,1.25941
0.562828,0.439154,-0.12142,-1.73802,0.0328188,2.30003,1.25916
0.562552,0.441462,-0.121586,-1.73691,0.0325656,2.29781,1.25891
0.562274,0.443782,-0.121753,-1.73579,0.0323088,2.29558,1.25866
0.561997,0.446092,-0.121921,-1.73468,0.0320511,2.29335,1.25841
0.561725,0.448367,-0.122086,-1.7336,0.0317949,2.29116,1.25817
0.561459,0.450589,-0.122249,-1.73254,0.0315427,2.28902,1.25793
0.561202,0.452739,-0.122407,-1.73152,0.0312967,2.28695,1.25769
0.560955,0.454802,-0.122559,-1.73054,0.0310589,2.28496,1.25747
0.560721,0.456765,-0.122705,-1.72962,0.030831,2.28307,1.25726
0.560499,0.458619,-0.122842,-1.72875,0.0306144,2.28128,1.25706
0.560292,0.460356,-0.122972,-1.72793,0.0304103,2.27961,1.25687
0.560099,0.461972,-0.123093,-1.72717,0.0302194,2.27805,1.25669
0.559921,0.463463,-0.123205,-1.72647,0.0300423,2.27662,1.25653
0.559759,0.464829,-0.123307,-1.72584,0.0298794,2.2753,1.25639
0.559611,0.466071,-0.123401,-1.72525,0.0297305,2.27411,1.25625
0.559477,0.467194,-0.123486,-1.72473,0.0295956,2.27303,1.25613
0.559357,0.4682,-0.123562,-1.72426,0.0294741,2.27206,1.25602
0.559251,0.469097,-0.12363,-1.72384,0.0293657,2.27119,1.25593
0.559157,0.469889,-0.12369,-1.72348,0.0292696,2.27043,1.25584
0.559074,0.470586,-0.123743,-1.72315,0.029185,2.26976,1.25577
0.559002,0.471193,-0.123789,-1.72287,0.0291111,2.26918,1.2557
0.558939,0.471719,-0.123829,-1.72262,0.0290469,2.26867,1.25565
0.558886,0.472171,-0.123863,-1.72241,0.0289917,2.26823,1.2556
0.55884,0.472558,-0.123893,-1.72223,0.0289444,2.26786,1.25556
0.558801,0.472886,-0.123918,-1.72208,0.0289043,2.26755,1.25552
0.558768,0.473163,-0.123939,-1.72195,0.0288704,2.26728,1.25549
0.558741,0.473394,-0.123956,-1.72185,0.0288421,2.26706,1.25547
0.558718,0.473587,-0.123971,-1.72176,0.0288185,2.26687,1.25545
0.558699,0.473745,-0.123983,-1.72168,0.028799,2.26672,1.25543
0.558683,0.473876,-0.123993,-1.72162,0.028783,2.26659,1.25541
0.558671,0.473982,-0.124001,-1.72157,0.02877,2.26649,1.2554
0.558661,0.474068,-0.124008,-1.72153,0.0287595,2.26641,1.25539
0.558653,0.474137,-0.124013,-1.7215,0.028751,2.26634,1.25539
0.558646,0.474192,-0.124017,-1.72147,0.0287443,2.26629,1.25538
0.558641,0.474235,-0.124021,-1.72145,0.0287389,2.26625,1.25538
0.559598,0.476233,-0.123954,-1.71845,0.0281566,2.26619,1.25684
0.559696,0.47337,-0.12402,-1.71783,0.0281263,2.26308,1.25691
0.55984,0.46914,-0.124116,-1.71687,0.0280829,2.25844,1.257
0.560023,0.46363,-0.12424,-1.71554,0.0280288,2.25232,1.25712
0.560239,0.456954,-0.124388,-1.7138,0.0279675,2.24479,1.25727
0.560479,0.449253,-0.124556,-1.71158,0.0279035,2.23591,1.25744
0.560699,0.44191,-0.124713,-1.70923,0.0278507,2.22722,1.25761
0.5609,0.434909,-0.124859,-1.70676,0.0278087,2.21872,1.25777
0.561114,0.427118,-0.125018,-1.70376,0.0277719,2.20903,1.25796
0.561305,0.41975,-0.125165,-1.70063,0.0277488,2.1996,1.25814
0.561475,0.41278,-0.1253,-1.6974,0.0277388,2.19043,1.25831
0.561626,0.406186,-0.125424,-1.69408,0.027741,2.18151,1.25848
0.561778,0.399055,-0.125555,-1.69022,0.0277566,2.1716,1.25866
0.56191,0.392362,-0.125675,-1.68627,0.0277862,2.16201,1.25884
0.562022,0.38608,-0.125784,-1.68227,0.0278286,2.15273,1.259
0.562129,0.379442,-0.125896,-1.67774,0.0278895,2.14265,1.25918
0.562215,0.37326,-0.125998,-1.67318,0.0279638,2.13294,1.25935
0.562285,0.367501,-0.12609,-1.66861,0.02805,2.1236,1.25951
0.562344,0.361535,-0.126184,-1.66356,0.0281574,2.11363,1.25967
0.562387,0.35602,-0.126268,-1.65853,0.0282759,2.10409,1.25982
0.562417,0.350406,-0.126351,-1.65307,0.0284167,2.09405,1.25998
0.562431,0.345254,-0.126426,-1.64769,0.0285669,2.0845,1.26013
0.562431,0.340091,-0.1265,-1.64193,0.0287389,2.07459,1.26028
0.562417,0.334992,-0.126572,-1.63584,0.0289325,2.06443,1.26043
0.562388,0.330023,-0.126641,-1.62947,0.029147,2.05413,1.26057
0.562343,0.32524,-0.126707,-1.62289,0.0293809,2.0438,1.26071
0.562283,0.320689,-0.12677,-1.61616,0.0296319,2.03353,1.26085
0.562209,0.316405,-0.126829,-1.60935,0.0298973,2.02343,1.26098
0.562123,0.312414,-0.126884,-1.60253,0.030174,2.01358,1.2611
0.562026,0.308731,-0.126935,-1.59577,0.0304584,2.00405,1.26121
0.561922,0.305363,-0.126982,-1.58913,0.0307468,1.99492,1.26132
0.561811,0.302307,-0.127026,-1.58267,0.0310354,1.98624,1.26142
0.561696,0.299558,-0.127067,-1.57646,0.0313205,1.97805,1.2615
0.56158,0.297102,-0.127104,-1.57054,0.0315988,1.97039,1.26159
0.561465,0.294922,-0.127139,-1.56494,0.0318671,1.96328,1.26166
0.561352,0.293001,-0.12717,-1.55971,0.0321229,1.95674,1.26172
0.561243,0.291318,-0.127198,-1.55485,0.0323641,1.95075,1.26178
0.56114,0.289851,-0.127223,-1.55039,0.0325889,1.94532,1.26183
0.561043,0.288579,-0.127246,-1.54633,0.0327963,1.94043,1.26188
0.560953,0.287482,-0.127267,-1.54266,0.0329857,1.93606,1.26192
0.560871,0.28654,-0.127285,-1.53937,0.033157,1.93219,1.26195
0.560797,0.285735,-0.127301,-1.53645,0.0333103,1.92877,1.26198
0.56073,0.285051,-0.127314,-1.53388,0.0334463,1.92579,1.26201
0.560671,0.284471,-0.127326,-1.53163,0.0335659,1.9232,1.26203
0.56062,0.283982,-0.127337,-1.52969,0.0336701,1.92096,1.26205
0.560575,0.283572,-0.127346,-1.52802,0.03376,1.91905,1.26207
0.560536,0.283229,-0.127353,-1.52659,0.0338371,1.91743,1.26208
0.560504,0.282944,-0.12736,-1.52538,0.0339025,1.91606,1.26209
0.560476,0.282708,-0.127365,-1.52437,0.0339577,1.91491,1.2621
0.560453,0.282514,-0.12737,-1.52352,0.0340038,1.91395,1.26211
0.560433,0.282355,-0.127373,-1.52282,0.034042,1.91317,1.26212
0.560417,0.282225,-0.127376,-1.52224,0.0340735,1.91252,1.26212
0.560404,0.28212,-0.127379,-1.52177,0.0340992,1.91199,1.26213
0.560394,0.282036,-0.127381,-1.52139,0.03412,1.91156,1.26213
0.560385,0.281969,-0.127382,-1.52109,0.0341368,1.91122,1.26214
0.560378,0.281915,-0.127384,-1.52084,0.0341502,1.91095,1.26214
0.560373,0.281872,-0.127385,-1.52065,0.0341609,1.91073,1.26214
0.560369,0.281839,-0.127385,-1.5205,0.0341692,1.91056,1.26214
0.560365,0.281813,-0.127386,-1.52038,0.0341758,1.91043,1.26214
0.560363,0.281793,-0.127386,-1.52029,0.0341809,1.91032,1.26214
0.560361,0.281778,-0.127387,-1.52021,0.0341848,1.91024,1.26214
0.560359,0.281766,-0.127387,-1.52016,0.0341878,1.91018,1.26214
